//! NFKC tables generated from CPython 3.12 (Unicode 15.0) by
//! scripts/gen_nfkc_tables.py. Do not edit by hand.

pub static DECOMPOSITIONS: [(u32, u32, u32); 5857] = [
    (0xa0, 0x0, 0x1), (0xa8, 0x1, 0x2), (0xaa, 0x3, 0x1), (0xaf, 0x4, 0x2), (0xb2, 0x6, 0x1), (0xb3, 0x7, 0x1),
    (0xb4, 0x8, 0x2), (0xb5, 0xa, 0x1), (0xb8, 0xb, 0x2), (0xb9, 0xd, 0x1), (0xba, 0xe, 0x1), (0xbc, 0xf, 0x3),
    (0xbd, 0x12, 0x3), (0xbe, 0x15, 0x3), (0xc0, 0x18, 0x2), (0xc1, 0x1a, 0x2), (0xc2, 0x1c, 0x2), (0xc3, 0x1e, 0x2),
    (0xc4, 0x20, 0x2), (0xc5, 0x22, 0x2), (0xc7, 0x24, 0x2), (0xc8, 0x26, 0x2), (0xc9, 0x28, 0x2), (0xca, 0x2a, 0x2),
    (0xcb, 0x2c, 0x2), (0xcc, 0x2e, 0x2), (0xcd, 0x30, 0x2), (0xce, 0x32, 0x2), (0xcf, 0x34, 0x2), (0xd1, 0x36, 0x2),
    (0xd2, 0x38, 0x2), (0xd3, 0x3a, 0x2), (0xd4, 0x3c, 0x2), (0xd5, 0x3e, 0x2), (0xd6, 0x40, 0x2), (0xd9, 0x42, 0x2),
    (0xda, 0x44, 0x2), (0xdb, 0x46, 0x2), (0xdc, 0x48, 0x2), (0xdd, 0x4a, 0x2), (0xe0, 0x4c, 0x2), (0xe1, 0x4e, 0x2),
    (0xe2, 0x50, 0x2), (0xe3, 0x52, 0x2), (0xe4, 0x54, 0x2), (0xe5, 0x56, 0x2), (0xe7, 0x58, 0x2), (0xe8, 0x5a, 0x2),
    (0xe9, 0x5c, 0x2), (0xea, 0x5e, 0x2), (0xeb, 0x60, 0x2), (0xec, 0x62, 0x2), (0xed, 0x64, 0x2), (0xee, 0x66, 0x2),
    (0xef, 0x68, 0x2), (0xf1, 0x6a, 0x2), (0xf2, 0x6c, 0x2), (0xf3, 0x6e, 0x2), (0xf4, 0x70, 0x2), (0xf5, 0x72, 0x2),
    (0xf6, 0x74, 0x2), (0xf9, 0x76, 0x2), (0xfa, 0x78, 0x2), (0xfb, 0x7a, 0x2), (0xfc, 0x7c, 0x2), (0xfd, 0x7e, 0x2),
    (0xff, 0x80, 0x2), (0x100, 0x82, 0x2), (0x101, 0x84, 0x2), (0x102, 0x86, 0x2), (0x103, 0x88, 0x2), (0x104, 0x8a, 0x2),
    (0x105, 0x8c, 0x2), (0x106, 0x8e, 0x2), (0x107, 0x90, 0x2), (0x108, 0x92, 0x2), (0x109, 0x94, 0x2), (0x10a, 0x96, 0x2),
    (0x10b, 0x98, 0x2), (0x10c, 0x9a, 0x2), (0x10d, 0x9c, 0x2), (0x10e, 0x9e, 0x2), (0x10f, 0xa0, 0x2), (0x112, 0xa2, 0x2),
    (0x113, 0xa4, 0x2), (0x114, 0xa6, 0x2), (0x115, 0xa8, 0x2), (0x116, 0xaa, 0x2), (0x117, 0xac, 0x2), (0x118, 0xae, 0x2),
    (0x119, 0xb0, 0x2), (0x11a, 0xb2, 0x2), (0x11b, 0xb4, 0x2), (0x11c, 0xb6, 0x2), (0x11d, 0xb8, 0x2), (0x11e, 0xba, 0x2),
    (0x11f, 0xbc, 0x2), (0x120, 0xbe, 0x2), (0x121, 0xc0, 0x2), (0x122, 0xc2, 0x2), (0x123, 0xc4, 0x2), (0x124, 0xc6, 0x2),
    (0x125, 0xc8, 0x2), (0x128, 0xca, 0x2), (0x129, 0xcc, 0x2), (0x12a, 0xce, 0x2), (0x12b, 0xd0, 0x2), (0x12c, 0xd2, 0x2),
    (0x12d, 0xd4, 0x2), (0x12e, 0xd6, 0x2), (0x12f, 0xd8, 0x2), (0x130, 0xda, 0x2), (0x132, 0xdc, 0x2), (0x133, 0xde, 0x2),
    (0x134, 0xe0, 0x2), (0x135, 0xe2, 0x2), (0x136, 0xe4, 0x2), (0x137, 0xe6, 0x2), (0x139, 0xe8, 0x2), (0x13a, 0xea, 0x2),
    (0x13b, 0xec, 0x2), (0x13c, 0xee, 0x2), (0x13d, 0xf0, 0x2), (0x13e, 0xf2, 0x2), (0x13f, 0xf4, 0x2), (0x140, 0xf6, 0x2),
    (0x143, 0xf8, 0x2), (0x144, 0xfa, 0x2), (0x145, 0xfc, 0x2), (0x146, 0xfe, 0x2), (0x147, 0x100, 0x2), (0x148, 0x102, 0x2),
    (0x149, 0x104, 0x2), (0x14c, 0x106, 0x2), (0x14d, 0x108, 0x2), (0x14e, 0x10a, 0x2), (0x14f, 0x10c, 0x2), (0x150, 0x10e, 0x2),
    (0x151, 0x110, 0x2), (0x154, 0x112, 0x2), (0x155, 0x114, 0x2), (0x156, 0x116, 0x2), (0x157, 0x118, 0x2), (0x158, 0x11a, 0x2),
    (0x159, 0x11c, 0x2), (0x15a, 0x11e, 0x2), (0x15b, 0x120, 0x2), (0x15c, 0x122, 0x2), (0x15d, 0x124, 0x2), (0x15e, 0x126, 0x2),
    (0x15f, 0x128, 0x2), (0x160, 0x12a, 0x2), (0x161, 0x12c, 0x2), (0x162, 0x12e, 0x2), (0x163, 0x130, 0x2), (0x164, 0x132, 0x2),
    (0x165, 0x134, 0x2), (0x168, 0x136, 0x2), (0x169, 0x138, 0x2), (0x16a, 0x13a, 0x2), (0x16b, 0x13c, 0x2), (0x16c, 0x13e, 0x2),
    (0x16d, 0x140, 0x2), (0x16e, 0x142, 0x2), (0x16f, 0x144, 0x2), (0x170, 0x146, 0x2), (0x171, 0x148, 0x2), (0x172, 0x14a, 0x2),
    (0x173, 0x14c, 0x2), (0x174, 0x14e, 0x2), (0x175, 0x150, 0x2), (0x176, 0x152, 0x2), (0x177, 0x154, 0x2), (0x178, 0x156, 0x2),
    (0x179, 0x158, 0x2), (0x17a, 0x15a, 0x2), (0x17b, 0x15c, 0x2), (0x17c, 0x15e, 0x2), (0x17d, 0x160, 0x2), (0x17e, 0x162, 0x2),
    (0x17f, 0x164, 0x1), (0x1a0, 0x165, 0x2), (0x1a1, 0x167, 0x2), (0x1af, 0x169, 0x2), (0x1b0, 0x16b, 0x2), (0x1c4, 0x16d, 0x3),
    (0x1c5, 0x170, 0x3), (0x1c6, 0x173, 0x3), (0x1c7, 0x176, 0x2), (0x1c8, 0x178, 0x2), (0x1c9, 0x17a, 0x2), (0x1ca, 0x17c, 0x2),
    (0x1cb, 0x17e, 0x2), (0x1cc, 0x180, 0x2), (0x1cd, 0x182, 0x2), (0x1ce, 0x184, 0x2), (0x1cf, 0x186, 0x2), (0x1d0, 0x188, 0x2),
    (0x1d1, 0x18a, 0x2), (0x1d2, 0x18c, 0x2), (0x1d3, 0x18e, 0x2), (0x1d4, 0x190, 0x2), (0x1d5, 0x192, 0x3), (0x1d6, 0x195, 0x3),
    (0x1d7, 0x198, 0x3), (0x1d8, 0x19b, 0x3), (0x1d9, 0x19e, 0x3), (0x1da, 0x1a1, 0x3), (0x1db, 0x1a4, 0x3), (0x1dc, 0x1a7, 0x3),
    (0x1de, 0x1aa, 0x3), (0x1df, 0x1ad, 0x3), (0x1e0, 0x1b0, 0x3), (0x1e1, 0x1b3, 0x3), (0x1e2, 0x1b6, 0x2), (0x1e3, 0x1b8, 0x2),
    (0x1e6, 0x1ba, 0x2), (0x1e7, 0x1bc, 0x2), (0x1e8, 0x1be, 0x2), (0x1e9, 0x1c0, 0x2), (0x1ea, 0x1c2, 0x2), (0x1eb, 0x1c4, 0x2),
    (0x1ec, 0x1c6, 0x3), (0x1ed, 0x1c9, 0x3), (0x1ee, 0x1cc, 0x2), (0x1ef, 0x1ce, 0x2), (0x1f0, 0x1d0, 0x2), (0x1f1, 0x1d2, 0x2),
    (0x1f2, 0x1d4, 0x2), (0x1f3, 0x1d6, 0x2), (0x1f4, 0x1d8, 0x2), (0x1f5, 0x1da, 0x2), (0x1f8, 0x1dc, 0x2), (0x1f9, 0x1de, 0x2),
    (0x1fa, 0x1e0, 0x3), (0x1fb, 0x1e3, 0x3), (0x1fc, 0x1e6, 0x2), (0x1fd, 0x1e8, 0x2), (0x1fe, 0x1ea, 0x2), (0x1ff, 0x1ec, 0x2),
    (0x200, 0x1ee, 0x2), (0x201, 0x1f0, 0x2), (0x202, 0x1f2, 0x2), (0x203, 0x1f4, 0x2), (0x204, 0x1f6, 0x2), (0x205, 0x1f8, 0x2),
    (0x206, 0x1fa, 0x2), (0x207, 0x1fc, 0x2), (0x208, 0x1fe, 0x2), (0x209, 0x200, 0x2), (0x20a, 0x202, 0x2), (0x20b, 0x204, 0x2),
    (0x20c, 0x206, 0x2), (0x20d, 0x208, 0x2), (0x20e, 0x20a, 0x2), (0x20f, 0x20c, 0x2), (0x210, 0x20e, 0x2), (0x211, 0x210, 0x2),
    (0x212, 0x212, 0x2), (0x213, 0x214, 0x2), (0x214, 0x216, 0x2), (0x215, 0x218, 0x2), (0x216, 0x21a, 0x2), (0x217, 0x21c, 0x2),
    (0x218, 0x21e, 0x2), (0x219, 0x220, 0x2), (0x21a, 0x222, 0x2), (0x21b, 0x224, 0x2), (0x21e, 0x226, 0x2), (0x21f, 0x228, 0x2),
    (0x226, 0x22a, 0x2), (0x227, 0x22c, 0x2), (0x228, 0x22e, 0x2), (0x229, 0x230, 0x2), (0x22a, 0x232, 0x3), (0x22b, 0x235, 0x3),
    (0x22c, 0x238, 0x3), (0x22d, 0x23b, 0x3), (0x22e, 0x23e, 0x2), (0x22f, 0x240, 0x2), (0x230, 0x242, 0x3), (0x231, 0x245, 0x3),
    (0x232, 0x248, 0x2), (0x233, 0x24a, 0x2), (0x2b0, 0x24c, 0x1), (0x2b1, 0x24d, 0x1), (0x2b2, 0x24e, 0x1), (0x2b3, 0x24f, 0x1),
    (0x2b4, 0x250, 0x1), (0x2b5, 0x251, 0x1), (0x2b6, 0x252, 0x1), (0x2b7, 0x253, 0x1), (0x2b8, 0x254, 0x1), (0x2d8, 0x255, 0x2),
    (0x2d9, 0x257, 0x2), (0x2da, 0x259, 0x2), (0x2db, 0x25b, 0x2), (0x2dc, 0x25d, 0x2), (0x2dd, 0x25f, 0x2), (0x2e0, 0x261, 0x1),
    (0x2e1, 0x262, 0x1), (0x2e2, 0x263, 0x1), (0x2e3, 0x264, 0x1), (0x2e4, 0x265, 0x1), (0x340, 0x266, 0x1), (0x341, 0x267, 0x1),
    (0x343, 0x268, 0x1), (0x344, 0x269, 0x2), (0x374, 0x26b, 0x1), (0x37a, 0x26c, 0x2), (0x37e, 0x26e, 0x1), (0x384, 0x26f, 0x2),
    (0x385, 0x271, 0x3), (0x386, 0x274, 0x2), (0x387, 0x276, 0x1), (0x388, 0x277, 0x2), (0x389, 0x279, 0x2), (0x38a, 0x27b, 0x2),
    (0x38c, 0x27d, 0x2), (0x38e, 0x27f, 0x2), (0x38f, 0x281, 0x2), (0x390, 0x283, 0x3), (0x3aa, 0x286, 0x2), (0x3ab, 0x288, 0x2),
    (0x3ac, 0x28a, 0x2), (0x3ad, 0x28c, 0x2), (0x3ae, 0x28e, 0x2), (0x3af, 0x290, 0x2), (0x3b0, 0x292, 0x3), (0x3ca, 0x295, 0x2),
    (0x3cb, 0x297, 0x2), (0x3cc, 0x299, 0x2), (0x3cd, 0x29b, 0x2), (0x3ce, 0x29d, 0x2), (0x3d0, 0x29f, 0x1), (0x3d1, 0x2a0, 0x1),
    (0x3d2, 0x2a1, 0x1), (0x3d3, 0x2a2, 0x2), (0x3d4, 0x2a4, 0x2), (0x3d5, 0x2a6, 0x1), (0x3d6, 0x2a7, 0x1), (0x3f0, 0x2a8, 0x1),
    (0x3f1, 0x2a9, 0x1), (0x3f2, 0x2aa, 0x1), (0x3f4, 0x2ab, 0x1), (0x3f5, 0x2ac, 0x1), (0x3f9, 0x2ad, 0x1), (0x400, 0x2ae, 0x2),
    (0x401, 0x2b0, 0x2), (0x403, 0x2b2, 0x2), (0x407, 0x2b4, 0x2), (0x40c, 0x2b6, 0x2), (0x40d, 0x2b8, 0x2), (0x40e, 0x2ba, 0x2),
    (0x419, 0x2bc, 0x2), (0x439, 0x2be, 0x2), (0x450, 0x2c0, 0x2), (0x451, 0x2c2, 0x2), (0x453, 0x2c4, 0x2), (0x457, 0x2c6, 0x2),
    (0x45c, 0x2c8, 0x2), (0x45d, 0x2ca, 0x2), (0x45e, 0x2cc, 0x2), (0x476, 0x2ce, 0x2), (0x477, 0x2d0, 0x2), (0x4c1, 0x2d2, 0x2),
    (0x4c2, 0x2d4, 0x2), (0x4d0, 0x2d6, 0x2), (0x4d1, 0x2d8, 0x2), (0x4d2, 0x2da, 0x2), (0x4d3, 0x2dc, 0x2), (0x4d6, 0x2de, 0x2),
    (0x4d7, 0x2e0, 0x2), (0x4da, 0x2e2, 0x2), (0x4db, 0x2e4, 0x2), (0x4dc, 0x2e6, 0x2), (0x4dd, 0x2e8, 0x2), (0x4de, 0x2ea, 0x2),
    (0x4df, 0x2ec, 0x2), (0x4e2, 0x2ee, 0x2), (0x4e3, 0x2f0, 0x2), (0x4e4, 0x2f2, 0x2), (0x4e5, 0x2f4, 0x2), (0x4e6, 0x2f6, 0x2),
    (0x4e7, 0x2f8, 0x2), (0x4ea, 0x2fa, 0x2), (0x4eb, 0x2fc, 0x2), (0x4ec, 0x2fe, 0x2), (0x4ed, 0x300, 0x2), (0x4ee, 0x302, 0x2),
    (0x4ef, 0x304, 0x2), (0x4f0, 0x306, 0x2), (0x4f1, 0x308, 0x2), (0x4f2, 0x30a, 0x2), (0x4f3, 0x30c, 0x2), (0x4f4, 0x30e, 0x2),
    (0x4f5, 0x310, 0x2), (0x4f8, 0x312, 0x2), (0x4f9, 0x314, 0x2), (0x587, 0x316, 0x2), (0x622, 0x318, 0x2), (0x623, 0x31a, 0x2),
    (0x624, 0x31c, 0x2), (0x625, 0x31e, 0x2), (0x626, 0x320, 0x2), (0x675, 0x322, 0x2), (0x676, 0x324, 0x2), (0x677, 0x326, 0x2),
    (0x678, 0x328, 0x2), (0x6c0, 0x32a, 0x2), (0x6c2, 0x32c, 0x2), (0x6d3, 0x32e, 0x2), (0x929, 0x330, 0x2), (0x931, 0x332, 0x2),
    (0x934, 0x334, 0x2), (0x958, 0x336, 0x2), (0x959, 0x338, 0x2), (0x95a, 0x33a, 0x2), (0x95b, 0x33c, 0x2), (0x95c, 0x33e, 0x2),
    (0x95d, 0x340, 0x2), (0x95e, 0x342, 0x2), (0x95f, 0x344, 0x2), (0x9cb, 0x346, 0x2), (0x9cc, 0x348, 0x2), (0x9dc, 0x34a, 0x2),
    (0x9dd, 0x34c, 0x2), (0x9df, 0x34e, 0x2), (0xa33, 0x350, 0x2), (0xa36, 0x352, 0x2), (0xa59, 0x354, 0x2), (0xa5a, 0x356, 0x2),
    (0xa5b, 0x358, 0x2), (0xa5e, 0x35a, 0x2), (0xb48, 0x35c, 0x2), (0xb4b, 0x35e, 0x2), (0xb4c, 0x360, 0x2), (0xb5c, 0x362, 0x2),
    (0xb5d, 0x364, 0x2), (0xb94, 0x366, 0x2), (0xbca, 0x368, 0x2), (0xbcb, 0x36a, 0x2), (0xbcc, 0x36c, 0x2), (0xc48, 0x36e, 0x2),
    (0xcc0, 0x370, 0x2), (0xcc7, 0x372, 0x2), (0xcc8, 0x374, 0x2), (0xcca, 0x376, 0x2), (0xccb, 0x378, 0x3), (0xd4a, 0x37b, 0x2),
    (0xd4b, 0x37d, 0x2), (0xd4c, 0x37f, 0x2), (0xdda, 0x381, 0x2), (0xddc, 0x383, 0x2), (0xddd, 0x385, 0x3), (0xdde, 0x388, 0x2),
    (0xe33, 0x38a, 0x2), (0xeb3, 0x38c, 0x2), (0xedc, 0x38e, 0x2), (0xedd, 0x390, 0x2), (0xf0c, 0x392, 0x1), (0xf43, 0x393, 0x2),
    (0xf4d, 0x395, 0x2), (0xf52, 0x397, 0x2), (0xf57, 0x399, 0x2), (0xf5c, 0x39b, 0x2), (0xf69, 0x39d, 0x2), (0xf73, 0x39f, 0x2),
    (0xf75, 0x3a1, 0x2), (0xf76, 0x3a3, 0x2), (0xf77, 0x3a5, 0x3), (0xf78, 0x3a8, 0x2), (0xf79, 0x3aa, 0x3), (0xf81, 0x3ad, 0x2),
    (0xf93, 0x3af, 0x2), (0xf9d, 0x3b1, 0x2), (0xfa2, 0x3b3, 0x2), (0xfa7, 0x3b5, 0x2), (0xfac, 0x3b7, 0x2), (0xfb9, 0x3b9, 0x2),
    (0x1026, 0x3bb, 0x2), (0x10fc, 0x3bd, 0x1), (0x1b06, 0x3be, 0x2), (0x1b08, 0x3c0, 0x2), (0x1b0a, 0x3c2, 0x2), (0x1b0c, 0x3c4, 0x2),
    (0x1b0e, 0x3c6, 0x2), (0x1b12, 0x3c8, 0x2), (0x1b3b, 0x3ca, 0x2), (0x1b3d, 0x3cc, 0x2), (0x1b40, 0x3ce, 0x2), (0x1b41, 0x3d0, 0x2),
    (0x1b43, 0x3d2, 0x2), (0x1d2c, 0x3d4, 0x1), (0x1d2d, 0x3d5, 0x1), (0x1d2e, 0x3d6, 0x1), (0x1d30, 0x3d7, 0x1), (0x1d31, 0x3d8, 0x1),
    (0x1d32, 0x3d9, 0x1), (0x1d33, 0x3da, 0x1), (0x1d34, 0x3db, 0x1), (0x1d35, 0x3dc, 0x1), (0x1d36, 0x3dd, 0x1), (0x1d37, 0x3de, 0x1),
    (0x1d38, 0x3df, 0x1), (0x1d39, 0x3e0, 0x1), (0x1d3a, 0x3e1, 0x1), (0x1d3c, 0x3e2, 0x1), (0x1d3d, 0x3e3, 0x1), (0x1d3e, 0x3e4, 0x1),
    (0x1d3f, 0x3e5, 0x1), (0x1d40, 0x3e6, 0x1), (0x1d41, 0x3e7, 0x1), (0x1d42, 0x3e8, 0x1), (0x1d43, 0x3e9, 0x1), (0x1d44, 0x3ea, 0x1),
    (0x1d45, 0x3eb, 0x1), (0x1d46, 0x3ec, 0x1), (0x1d47, 0x3ed, 0x1), (0x1d48, 0x3ee, 0x1), (0x1d49, 0x3ef, 0x1), (0x1d4a, 0x3f0, 0x1),
    (0x1d4b, 0x3f1, 0x1), (0x1d4c, 0x3f2, 0x1), (0x1d4d, 0x3f3, 0x1), (0x1d4f, 0x3f4, 0x1), (0x1d50, 0x3f5, 0x1), (0x1d51, 0x3f6, 0x1),
    (0x1d52, 0x3f7, 0x1), (0x1d53, 0x3f8, 0x1), (0x1d54, 0x3f9, 0x1), (0x1d55, 0x3fa, 0x1), (0x1d56, 0x3fb, 0x1), (0x1d57, 0x3fc, 0x1),
    (0x1d58, 0x3fd, 0x1), (0x1d59, 0x3fe, 0x1), (0x1d5a, 0x3ff, 0x1), (0x1d5b, 0x400, 0x1), (0x1d5c, 0x401, 0x1), (0x1d5d, 0x402, 0x1),
    (0x1d5e, 0x403, 0x1), (0x1d5f, 0x404, 0x1), (0x1d60, 0x405, 0x1), (0x1d61, 0x406, 0x1), (0x1d62, 0x407, 0x1), (0x1d63, 0x408, 0x1),
    (0x1d64, 0x409, 0x1), (0x1d65, 0x40a, 0x1), (0x1d66, 0x40b, 0x1), (0x1d67, 0x40c, 0x1), (0x1d68, 0x40d, 0x1), (0x1d69, 0x40e, 0x1),
    (0x1d6a, 0x40f, 0x1), (0x1d78, 0x410, 0x1), (0x1d9b, 0x411, 0x1), (0x1d9c, 0x412, 0x1), (0x1d9d, 0x413, 0x1), (0x1d9e, 0x414, 0x1),
    (0x1d9f, 0x415, 0x1), (0x1da0, 0x416, 0x1), (0x1da1, 0x417, 0x1), (0x1da2, 0x418, 0x1), (0x1da3, 0x419, 0x1), (0x1da4, 0x41a, 0x1),
    (0x1da5, 0x41b, 0x1), (0x1da6, 0x41c, 0x1), (0x1da7, 0x41d, 0x1), (0x1da8, 0x41e, 0x1), (0x1da9, 0x41f, 0x1), (0x1daa, 0x420, 0x1),
    (0x1dab, 0x421, 0x1), (0x1dac, 0x422, 0x1), (0x1dad, 0x423, 0x1), (0x1dae, 0x424, 0x1), (0x1daf, 0x425, 0x1), (0x1db0, 0x426, 0x1),
    (0x1db1, 0x427, 0x1), (0x1db2, 0x428, 0x1), (0x1db3, 0x429, 0x1), (0x1db4, 0x42a, 0x1), (0x1db5, 0x42b, 0x1), (0x1db6, 0x42c, 0x1),
    (0x1db7, 0x42d, 0x1), (0x1db8, 0x42e, 0x1), (0x1db9, 0x42f, 0x1), (0x1dba, 0x430, 0x1), (0x1dbb, 0x431, 0x1), (0x1dbc, 0x432, 0x1),
    (0x1dbd, 0x433, 0x1), (0x1dbe, 0x434, 0x1), (0x1dbf, 0x435, 0x1), (0x1e00, 0x436, 0x2), (0x1e01, 0x438, 0x2), (0x1e02, 0x43a, 0x2),
    (0x1e03, 0x43c, 0x2), (0x1e04, 0x43e, 0x2), (0x1e05, 0x440, 0x2), (0x1e06, 0x442, 0x2), (0x1e07, 0x444, 0x2), (0x1e08, 0x446, 0x3),
    (0x1e09, 0x449, 0x3), (0x1e0a, 0x44c, 0x2), (0x1e0b, 0x44e, 0x2), (0x1e0c, 0x450, 0x2), (0x1e0d, 0x452, 0x2), (0x1e0e, 0x454, 0x2),
    (0x1e0f, 0x456, 0x2), (0x1e10, 0x458, 0x2), (0x1e11, 0x45a, 0x2), (0x1e12, 0x45c, 0x2), (0x1e13, 0x45e, 0x2), (0x1e14, 0x460, 0x3),
    (0x1e15, 0x463, 0x3), (0x1e16, 0x466, 0x3), (0x1e17, 0x469, 0x3), (0x1e18, 0x46c, 0x2), (0x1e19, 0x46e, 0x2), (0x1e1a, 0x470, 0x2),
    (0x1e1b, 0x472, 0x2), (0x1e1c, 0x474, 0x3), (0x1e1d, 0x477, 0x3), (0x1e1e, 0x47a, 0x2), (0x1e1f, 0x47c, 0x2), (0x1e20, 0x47e, 0x2),
    (0x1e21, 0x480, 0x2), (0x1e22, 0x482, 0x2), (0x1e23, 0x484, 0x2), (0x1e24, 0x486, 0x2), (0x1e25, 0x488, 0x2), (0x1e26, 0x48a, 0x2),
    (0x1e27, 0x48c, 0x2), (0x1e28, 0x48e, 0x2), (0x1e29, 0x490, 0x2), (0x1e2a, 0x492, 0x2), (0x1e2b, 0x494, 0x2), (0x1e2c, 0x496, 0x2),
    (0x1e2d, 0x498, 0x2), (0x1e2e, 0x49a, 0x3), (0x1e2f, 0x49d, 0x3), (0x1e30, 0x4a0, 0x2), (0x1e31, 0x4a2, 0x2), (0x1e32, 0x4a4, 0x2),
    (0x1e33, 0x4a6, 0x2), (0x1e34, 0x4a8, 0x2), (0x1e35, 0x4aa, 0x2), (0x1e36, 0x4ac, 0x2), (0x1e37, 0x4ae, 0x2), (0x1e38, 0x4b0, 0x3),
    (0x1e39, 0x4b3, 0x3), (0x1e3a, 0x4b6, 0x2), (0x1e3b, 0x4b8, 0x2), (0x1e3c, 0x4ba, 0x2), (0x1e3d, 0x4bc, 0x2), (0x1e3e, 0x4be, 0x2),
    (0x1e3f, 0x4c0, 0x2), (0x1e40, 0x4c2, 0x2), (0x1e41, 0x4c4, 0x2), (0x1e42, 0x4c6, 0x2), (0x1e43, 0x4c8, 0x2), (0x1e44, 0x4ca, 0x2),
    (0x1e45, 0x4cc, 0x2), (0x1e46, 0x4ce, 0x2), (0x1e47, 0x4d0, 0x2), (0x1e48, 0x4d2, 0x2), (0x1e49, 0x4d4, 0x2), (0x1e4a, 0x4d6, 0x2),
    (0x1e4b, 0x4d8, 0x2), (0x1e4c, 0x4da, 0x3), (0x1e4d, 0x4dd, 0x3), (0x1e4e, 0x4e0, 0x3), (0x1e4f, 0x4e3, 0x3), (0x1e50, 0x4e6, 0x3),
    (0x1e51, 0x4e9, 0x3), (0x1e52, 0x4ec, 0x3), (0x1e53, 0x4ef, 0x3), (0x1e54, 0x4f2, 0x2), (0x1e55, 0x4f4, 0x2), (0x1e56, 0x4f6, 0x2),
    (0x1e57, 0x4f8, 0x2), (0x1e58, 0x4fa, 0x2), (0x1e59, 0x4fc, 0x2), (0x1e5a, 0x4fe, 0x2), (0x1e5b, 0x500, 0x2), (0x1e5c, 0x502, 0x3),
    (0x1e5d, 0x505, 0x3), (0x1e5e, 0x508, 0x2), (0x1e5f, 0x50a, 0x2), (0x1e60, 0x50c, 0x2), (0x1e61, 0x50e, 0x2), (0x1e62, 0x510, 0x2),
    (0x1e63, 0x512, 0x2), (0x1e64, 0x514, 0x3), (0x1e65, 0x517, 0x3), (0x1e66, 0x51a, 0x3), (0x1e67, 0x51d, 0x3), (0x1e68, 0x520, 0x3),
    (0x1e69, 0x523, 0x3), (0x1e6a, 0x526, 0x2), (0x1e6b, 0x528, 0x2), (0x1e6c, 0x52a, 0x2), (0x1e6d, 0x52c, 0x2), (0x1e6e, 0x52e, 0x2),
    (0x1e6f, 0x530, 0x2), (0x1e70, 0x532, 0x2), (0x1e71, 0x534, 0x2), (0x1e72, 0x536, 0x2), (0x1e73, 0x538, 0x2), (0x1e74, 0x53a, 0x2),
    (0x1e75, 0x53c, 0x2), (0x1e76, 0x53e, 0x2), (0x1e77, 0x540, 0x2), (0x1e78, 0x542, 0x3), (0x1e79, 0x545, 0x3), (0x1e7a, 0x548, 0x3),
    (0x1e7b, 0x54b, 0x3), (0x1e7c, 0x54e, 0x2), (0x1e7d, 0x550, 0x2), (0x1e7e, 0x552, 0x2), (0x1e7f, 0x554, 0x2), (0x1e80, 0x556, 0x2),
    (0x1e81, 0x558, 0x2), (0x1e82, 0x55a, 0x2), (0x1e83, 0x55c, 0x2), (0x1e84, 0x55e, 0x2), (0x1e85, 0x560, 0x2), (0x1e86, 0x562, 0x2),
    (0x1e87, 0x564, 0x2), (0x1e88, 0x566, 0x2), (0x1e89, 0x568, 0x2), (0x1e8a, 0x56a, 0x2), (0x1e8b, 0x56c, 0x2), (0x1e8c, 0x56e, 0x2),
    (0x1e8d, 0x570, 0x2), (0x1e8e, 0x572, 0x2), (0x1e8f, 0x574, 0x2), (0x1e90, 0x576, 0x2), (0x1e91, 0x578, 0x2), (0x1e92, 0x57a, 0x2),
    (0x1e93, 0x57c, 0x2), (0x1e94, 0x57e, 0x2), (0x1e95, 0x580, 0x2), (0x1e96, 0x582, 0x2), (0x1e97, 0x584, 0x2), (0x1e98, 0x586, 0x2),
    (0x1e99, 0x588, 0x2), (0x1e9a, 0x58a, 0x2), (0x1e9b, 0x58c, 0x2), (0x1ea0, 0x58e, 0x2), (0x1ea1, 0x590, 0x2), (0x1ea2, 0x592, 0x2),
    (0x1ea3, 0x594, 0x2), (0x1ea4, 0x596, 0x3), (0x1ea5, 0x599, 0x3), (0x1ea6, 0x59c, 0x3), (0x1ea7, 0x59f, 0x3), (0x1ea8, 0x5a2, 0x3),
    (0x1ea9, 0x5a5, 0x3), (0x1eaa, 0x5a8, 0x3), (0x1eab, 0x5ab, 0x3), (0x1eac, 0x5ae, 0x3), (0x1ead, 0x5b1, 0x3), (0x1eae, 0x5b4, 0x3),
    (0x1eaf, 0x5b7, 0x3), (0x1eb0, 0x5ba, 0x3), (0x1eb1, 0x5bd, 0x3), (0x1eb2, 0x5c0, 0x3), (0x1eb3, 0x5c3, 0x3), (0x1eb4, 0x5c6, 0x3),
    (0x1eb5, 0x5c9, 0x3), (0x1eb6, 0x5cc, 0x3), (0x1eb7, 0x5cf, 0x3), (0x1eb8, 0x5d2, 0x2), (0x1eb9, 0x5d4, 0x2), (0x1eba, 0x5d6, 0x2),
    (0x1ebb, 0x5d8, 0x2), (0x1ebc, 0x5da, 0x2), (0x1ebd, 0x5dc, 0x2), (0x1ebe, 0x5de, 0x3), (0x1ebf, 0x5e1, 0x3), (0x1ec0, 0x5e4, 0x3),
    (0x1ec1, 0x5e7, 0x3), (0x1ec2, 0x5ea, 0x3), (0x1ec3, 0x5ed, 0x3), (0x1ec4, 0x5f0, 0x3), (0x1ec5, 0x5f3, 0x3), (0x1ec6, 0x5f6, 0x3),
    (0x1ec7, 0x5f9, 0x3), (0x1ec8, 0x5fc, 0x2), (0x1ec9, 0x5fe, 0x2), (0x1eca, 0x600, 0x2), (0x1ecb, 0x602, 0x2), (0x1ecc, 0x604, 0x2),
    (0x1ecd, 0x606, 0x2), (0x1ece, 0x608, 0x2), (0x1ecf, 0x60a, 0x2), (0x1ed0, 0x60c, 0x3), (0x1ed1, 0x60f, 0x3), (0x1ed2, 0x612, 0x3),
    (0x1ed3, 0x615, 0x3), (0x1ed4, 0x618, 0x3), (0x1ed5, 0x61b, 0x3), (0x1ed6, 0x61e, 0x3), (0x1ed7, 0x621, 0x3), (0x1ed8, 0x624, 0x3),
    (0x1ed9, 0x627, 0x3), (0x1eda, 0x62a, 0x3), (0x1edb, 0x62d, 0x3), (0x1edc, 0x630, 0x3), (0x1edd, 0x633, 0x3), (0x1ede, 0x636, 0x3),
    (0x1edf, 0x639, 0x3), (0x1ee0, 0x63c, 0x3), (0x1ee1, 0x63f, 0x3), (0x1ee2, 0x642, 0x3), (0x1ee3, 0x645, 0x3), (0x1ee4, 0x648, 0x2),
    (0x1ee5, 0x64a, 0x2), (0x1ee6, 0x64c, 0x2), (0x1ee7, 0x64e, 0x2), (0x1ee8, 0x650, 0x3), (0x1ee9, 0x653, 0x3), (0x1eea, 0x656, 0x3),
    (0x1eeb, 0x659, 0x3), (0x1eec, 0x65c, 0x3), (0x1eed, 0x65f, 0x3), (0x1eee, 0x662, 0x3), (0x1eef, 0x665, 0x3), (0x1ef0, 0x668, 0x3),
    (0x1ef1, 0x66b, 0x3), (0x1ef2, 0x66e, 0x2), (0x1ef3, 0x670, 0x2), (0x1ef4, 0x672, 0x2), (0x1ef5, 0x674, 0x2), (0x1ef6, 0x676, 0x2),
    (0x1ef7, 0x678, 0x2), (0x1ef8, 0x67a, 0x2), (0x1ef9, 0x67c, 0x2), (0x1f00, 0x67e, 0x2), (0x1f01, 0x680, 0x2), (0x1f02, 0x682, 0x3),
    (0x1f03, 0x685, 0x3), (0x1f04, 0x688, 0x3), (0x1f05, 0x68b, 0x3), (0x1f06, 0x68e, 0x3), (0x1f07, 0x691, 0x3), (0x1f08, 0x694, 0x2),
    (0x1f09, 0x696, 0x2), (0x1f0a, 0x698, 0x3), (0x1f0b, 0x69b, 0x3), (0x1f0c, 0x69e, 0x3), (0x1f0d, 0x6a1, 0x3), (0x1f0e, 0x6a4, 0x3),
    (0x1f0f, 0x6a7, 0x3), (0x1f10, 0x6aa, 0x2), (0x1f11, 0x6ac, 0x2), (0x1f12, 0x6ae, 0x3), (0x1f13, 0x6b1, 0x3), (0x1f14, 0x6b4, 0x3),
    (0x1f15, 0x6b7, 0x3), (0x1f18, 0x6ba, 0x2), (0x1f19, 0x6bc, 0x2), (0x1f1a, 0x6be, 0x3), (0x1f1b, 0x6c1, 0x3), (0x1f1c, 0x6c4, 0x3),
    (0x1f1d, 0x6c7, 0x3), (0x1f20, 0x6ca, 0x2), (0x1f21, 0x6cc, 0x2), (0x1f22, 0x6ce, 0x3), (0x1f23, 0x6d1, 0x3), (0x1f24, 0x6d4, 0x3),
    (0x1f25, 0x6d7, 0x3), (0x1f26, 0x6da, 0x3), (0x1f27, 0x6dd, 0x3), (0x1f28, 0x6e0, 0x2), (0x1f29, 0x6e2, 0x2), (0x1f2a, 0x6e4, 0x3),
    (0x1f2b, 0x6e7, 0x3), (0x1f2c, 0x6ea, 0x3), (0x1f2d, 0x6ed, 0x3), (0x1f2e, 0x6f0, 0x3), (0x1f2f, 0x6f3, 0x3), (0x1f30, 0x6f6, 0x2),
    (0x1f31, 0x6f8, 0x2), (0x1f32, 0x6fa, 0x3), (0x1f33, 0x6fd, 0x3), (0x1f34, 0x700, 0x3), (0x1f35, 0x703, 0x3), (0x1f36, 0x706, 0x3),
    (0x1f37, 0x709, 0x3), (0x1f38, 0x70c, 0x2), (0x1f39, 0x70e, 0x2), (0x1f3a, 0x710, 0x3), (0x1f3b, 0x713, 0x3), (0x1f3c, 0x716, 0x3),
    (0x1f3d, 0x719, 0x3), (0x1f3e, 0x71c, 0x3), (0x1f3f, 0x71f, 0x3), (0x1f40, 0x722, 0x2), (0x1f41, 0x724, 0x2), (0x1f42, 0x726, 0x3),
    (0x1f43, 0x729, 0x3), (0x1f44, 0x72c, 0x3), (0x1f45, 0x72f, 0x3), (0x1f48, 0x732, 0x2), (0x1f49, 0x734, 0x2), (0x1f4a, 0x736, 0x3),
    (0x1f4b, 0x739, 0x3), (0x1f4c, 0x73c, 0x3), (0x1f4d, 0x73f, 0x3), (0x1f50, 0x742, 0x2), (0x1f51, 0x744, 0x2), (0x1f52, 0x746, 0x3),
    (0x1f53, 0x749, 0x3), (0x1f54, 0x74c, 0x3), (0x1f55, 0x74f, 0x3), (0x1f56, 0x752, 0x3), (0x1f57, 0x755, 0x3), (0x1f59, 0x758, 0x2),
    (0x1f5b, 0x75a, 0x3), (0x1f5d, 0x75d, 0x3), (0x1f5f, 0x760, 0x3), (0x1f60, 0x763, 0x2), (0x1f61, 0x765, 0x2), (0x1f62, 0x767, 0x3),
    (0x1f63, 0x76a, 0x3), (0x1f64, 0x76d, 0x3), (0x1f65, 0x770, 0x3), (0x1f66, 0x773, 0x3), (0x1f67, 0x776, 0x3), (0x1f68, 0x779, 0x2),
    (0x1f69, 0x77b, 0x2), (0x1f6a, 0x77d, 0x3), (0x1f6b, 0x780, 0x3), (0x1f6c, 0x783, 0x3), (0x1f6d, 0x786, 0x3), (0x1f6e, 0x789, 0x3),
    (0x1f6f, 0x78c, 0x3), (0x1f70, 0x78f, 0x2), (0x1f71, 0x791, 0x2), (0x1f72, 0x793, 0x2), (0x1f73, 0x795, 0x2), (0x1f74, 0x797, 0x2),
    (0x1f75, 0x799, 0x2), (0x1f76, 0x79b, 0x2), (0x1f77, 0x79d, 0x2), (0x1f78, 0x79f, 0x2), (0x1f79, 0x7a1, 0x2), (0x1f7a, 0x7a3, 0x2),
    (0x1f7b, 0x7a5, 0x2), (0x1f7c, 0x7a7, 0x2), (0x1f7d, 0x7a9, 0x2), (0x1f80, 0x7ab, 0x3), (0x1f81, 0x7ae, 0x3), (0x1f82, 0x7b1, 0x4),
    (0x1f83, 0x7b5, 0x4), (0x1f84, 0x7b9, 0x4), (0x1f85, 0x7bd, 0x4), (0x1f86, 0x7c1, 0x4), (0x1f87, 0x7c5, 0x4), (0x1f88, 0x7c9, 0x3),
    (0x1f89, 0x7cc, 0x3), (0x1f8a, 0x7cf, 0x4), (0x1f8b, 0x7d3, 0x4), (0x1f8c, 0x7d7, 0x4), (0x1f8d, 0x7db, 0x4), (0x1f8e, 0x7df, 0x4),
    (0x1f8f, 0x7e3, 0x4), (0x1f90, 0x7e7, 0x3), (0x1f91, 0x7ea, 0x3), (0x1f92, 0x7ed, 0x4), (0x1f93, 0x7f1, 0x4), (0x1f94, 0x7f5, 0x4),
    (0x1f95, 0x7f9, 0x4), (0x1f96, 0x7fd, 0x4), (0x1f97, 0x801, 0x4), (0x1f98, 0x805, 0x3), (0x1f99, 0x808, 0x3), (0x1f9a, 0x80b, 0x4),
    (0x1f9b, 0x80f, 0x4), (0x1f9c, 0x813, 0x4), (0x1f9d, 0x817, 0x4), (0x1f9e, 0x81b, 0x4), (0x1f9f, 0x81f, 0x4), (0x1fa0, 0x823, 0x3),
    (0x1fa1, 0x826, 0x3), (0x1fa2, 0x829, 0x4), (0x1fa3, 0x82d, 0x4), (0x1fa4, 0x831, 0x4), (0x1fa5, 0x835, 0x4), (0x1fa6, 0x839, 0x4),
    (0x1fa7, 0x83d, 0x4), (0x1fa8, 0x841, 0x3), (0x1fa9, 0x844, 0x3), (0x1faa, 0x847, 0x4), (0x1fab, 0x84b, 0x4), (0x1fac, 0x84f, 0x4),
    (0x1fad, 0x853, 0x4), (0x1fae, 0x857, 0x4), (0x1faf, 0x85b, 0x4), (0x1fb0, 0x85f, 0x2), (0x1fb1, 0x861, 0x2), (0x1fb2, 0x863, 0x3),
    (0x1fb3, 0x866, 0x2), (0x1fb4, 0x868, 0x3), (0x1fb6, 0x86b, 0x2), (0x1fb7, 0x86d, 0x3), (0x1fb8, 0x870, 0x2), (0x1fb9, 0x872, 0x2),
    (0x1fba, 0x874, 0x2), (0x1fbb, 0x876, 0x2), (0x1fbc, 0x878, 0x2), (0x1fbd, 0x87a, 0x2), (0x1fbe, 0x87c, 0x1), (0x1fbf, 0x87d, 0x2),
    (0x1fc0, 0x87f, 0x2), (0x1fc1, 0x881, 0x3), (0x1fc2, 0x884, 0x3), (0x1fc3, 0x887, 0x2), (0x1fc4, 0x889, 0x3), (0x1fc6, 0x88c, 0x2),
    (0x1fc7, 0x88e, 0x3), (0x1fc8, 0x891, 0x2), (0x1fc9, 0x893, 0x2), (0x1fca, 0x895, 0x2), (0x1fcb, 0x897, 0x2), (0x1fcc, 0x899, 0x2),
    (0x1fcd, 0x89b, 0x3), (0x1fce, 0x89e, 0x3), (0x1fcf, 0x8a1, 0x3), (0x1fd0, 0x8a4, 0x2), (0x1fd1, 0x8a6, 0x2), (0x1fd2, 0x8a8, 0x3),
    (0x1fd3, 0x8ab, 0x3), (0x1fd6, 0x8ae, 0x2), (0x1fd7, 0x8b0, 0x3), (0x1fd8, 0x8b3, 0x2), (0x1fd9, 0x8b5, 0x2), (0x1fda, 0x8b7, 0x2),
    (0x1fdb, 0x8b9, 0x2), (0x1fdd, 0x8bb, 0x3), (0x1fde, 0x8be, 0x3), (0x1fdf, 0x8c1, 0x3), (0x1fe0, 0x8c4, 0x2), (0x1fe1, 0x8c6, 0x2),
    (0x1fe2, 0x8c8, 0x3), (0x1fe3, 0x8cb, 0x3), (0x1fe4, 0x8ce, 0x2), (0x1fe5, 0x8d0, 0x2), (0x1fe6, 0x8d2, 0x2), (0x1fe7, 0x8d4, 0x3),
    (0x1fe8, 0x8d7, 0x2), (0x1fe9, 0x8d9, 0x2), (0x1fea, 0x8db, 0x2), (0x1feb, 0x8dd, 0x2), (0x1fec, 0x8df, 0x2), (0x1fed, 0x8e1, 0x3),
    (0x1fee, 0x8e4, 0x3), (0x1fef, 0x8e7, 0x1), (0x1ff2, 0x8e8, 0x3), (0x1ff3, 0x8eb, 0x2), (0x1ff4, 0x8ed, 0x3), (0x1ff6, 0x8f0, 0x2),
    (0x1ff7, 0x8f2, 0x3), (0x1ff8, 0x8f5, 0x2), (0x1ff9, 0x8f7, 0x2), (0x1ffa, 0x8f9, 0x2), (0x1ffb, 0x8fb, 0x2), (0x1ffc, 0x8fd, 0x2),
    (0x1ffd, 0x8ff, 0x2), (0x1ffe, 0x901, 0x2), (0x2000, 0x903, 0x1), (0x2001, 0x904, 0x1), (0x2002, 0x905, 0x1), (0x2003, 0x906, 0x1),
    (0x2004, 0x907, 0x1), (0x2005, 0x908, 0x1), (0x2006, 0x909, 0x1), (0x2007, 0x90a, 0x1), (0x2008, 0x90b, 0x1), (0x2009, 0x90c, 0x1),
    (0x200a, 0x90d, 0x1), (0x2011, 0x90e, 0x1), (0x2017, 0x90f, 0x2), (0x2024, 0x911, 0x1), (0x2025, 0x912, 0x2), (0x2026, 0x914, 0x3),
    (0x202f, 0x917, 0x1), (0x2033, 0x918, 0x2), (0x2034, 0x91a, 0x3), (0x2036, 0x91d, 0x2), (0x2037, 0x91f, 0x3), (0x203c, 0x922, 0x2),
    (0x203e, 0x924, 0x2), (0x2047, 0x926, 0x2), (0x2048, 0x928, 0x2), (0x2049, 0x92a, 0x2), (0x2057, 0x92c, 0x4), (0x205f, 0x930, 0x1),
    (0x2070, 0x931, 0x1), (0x2071, 0x932, 0x1), (0x2074, 0x933, 0x1), (0x2075, 0x934, 0x1), (0x2076, 0x935, 0x1), (0x2077, 0x936, 0x1),
    (0x2078, 0x937, 0x1), (0x2079, 0x938, 0x1), (0x207a, 0x939, 0x1), (0x207b, 0x93a, 0x1), (0x207c, 0x93b, 0x1), (0x207d, 0x93c, 0x1),
    (0x207e, 0x93d, 0x1), (0x207f, 0x93e, 0x1), (0x2080, 0x93f, 0x1), (0x2081, 0x940, 0x1), (0x2082, 0x941, 0x1), (0x2083, 0x942, 0x1),
    (0x2084, 0x943, 0x1), (0x2085, 0x944, 0x1), (0x2086, 0x945, 0x1), (0x2087, 0x946, 0x1), (0x2088, 0x947, 0x1), (0x2089, 0x948, 0x1),
    (0x208a, 0x949, 0x1), (0x208b, 0x94a, 0x1), (0x208c, 0x94b, 0x1), (0x208d, 0x94c, 0x1), (0x208e, 0x94d, 0x1), (0x2090, 0x94e, 0x1),
    (0x2091, 0x94f, 0x1), (0x2092, 0x950, 0x1), (0x2093, 0x951, 0x1), (0x2094, 0x952, 0x1), (0x2095, 0x953, 0x1), (0x2096, 0x954, 0x1),
    (0x2097, 0x955, 0x1), (0x2098, 0x956, 0x1), (0x2099, 0x957, 0x1), (0x209a, 0x958, 0x1), (0x209b, 0x959, 0x1), (0x209c, 0x95a, 0x1),
    (0x20a8, 0x95b, 0x2), (0x2100, 0x95d, 0x3), (0x2101, 0x960, 0x3), (0x2102, 0x963, 0x1), (0x2103, 0x964, 0x2), (0x2105, 0x966, 0x3),
    (0x2106, 0x969, 0x3), (0x2107, 0x96c, 0x1), (0x2109, 0x96d, 0x2), (0x210a, 0x96f, 0x1), (0x210b, 0x970, 0x1), (0x210c, 0x971, 0x1),
    (0x210d, 0x972, 0x1), (0x210e, 0x973, 0x1), (0x210f, 0x974, 0x1), (0x2110, 0x975, 0x1), (0x2111, 0x976, 0x1), (0x2112, 0x977, 0x1),
    (0x2113, 0x978, 0x1), (0x2115, 0x979, 0x1), (0x2116, 0x97a, 0x2), (0x2119, 0x97c, 0x1), (0x211a, 0x97d, 0x1), (0x211b, 0x97e, 0x1),
    (0x211c, 0x97f, 0x1), (0x211d, 0x980, 0x1), (0x2120, 0x981, 0x2), (0x2121, 0x983, 0x3), (0x2122, 0x986, 0x2), (0x2124, 0x988, 0x1),
    (0x2126, 0x989, 0x1), (0x2128, 0x98a, 0x1), (0x212a, 0x98b, 0x1), (0x212b, 0x98c, 0x2), (0x212c, 0x98e, 0x1), (0x212d, 0x98f, 0x1),
    (0x212f, 0x990, 0x1), (0x2130, 0x991, 0x1), (0x2131, 0x992, 0x1), (0x2133, 0x993, 0x1), (0x2134, 0x994, 0x1), (0x2135, 0x995, 0x1),
    (0x2136, 0x996, 0x1), (0x2137, 0x997, 0x1), (0x2138, 0x998, 0x1), (0x2139, 0x999, 0x1), (0x213b, 0x99a, 0x3), (0x213c, 0x99d, 0x1),
    (0x213d, 0x99e, 0x1), (0x213e, 0x99f, 0x1), (0x213f, 0x9a0, 0x1), (0x2140, 0x9a1, 0x1), (0x2145, 0x9a2, 0x1), (0x2146, 0x9a3, 0x1),
    (0x2147, 0x9a4, 0x1), (0x2148, 0x9a5, 0x1), (0x2149, 0x9a6, 0x1), (0x2150, 0x9a7, 0x3), (0x2151, 0x9aa, 0x3), (0x2152, 0x9ad, 0x4),
    (0x2153, 0x9b1, 0x3), (0x2154, 0x9b4, 0x3), (0x2155, 0x9b7, 0x3), (0x2156, 0x9ba, 0x3), (0x2157, 0x9bd, 0x3), (0x2158, 0x9c0, 0x3),
    (0x2159, 0x9c3, 0x3), (0x215a, 0x9c6, 0x3), (0x215b, 0x9c9, 0x3), (0x215c, 0x9cc, 0x3), (0x215d, 0x9cf, 0x3), (0x215e, 0x9d2, 0x3),
    (0x215f, 0x9d5, 0x2), (0x2160, 0x9d7, 0x1), (0x2161, 0x9d8, 0x2), (0x2162, 0x9da, 0x3), (0x2163, 0x9dd, 0x2), (0x2164, 0x9df, 0x1),
    (0x2165, 0x9e0, 0x2), (0x2166, 0x9e2, 0x3), (0x2167, 0x9e5, 0x4), (0x2168, 0x9e9, 0x2), (0x2169, 0x9eb, 0x1), (0x216a, 0x9ec, 0x2),
    (0x216b, 0x9ee, 0x3), (0x216c, 0x9f1, 0x1), (0x216d, 0x9f2, 0x1), (0x216e, 0x9f3, 0x1), (0x216f, 0x9f4, 0x1), (0x2170, 0x9f5, 0x1),
    (0x2171, 0x9f6, 0x2), (0x2172, 0x9f8, 0x3), (0x2173, 0x9fb, 0x2), (0x2174, 0x9fd, 0x1), (0x2175, 0x9fe, 0x2), (0x2176, 0xa00, 0x3),
    (0x2177, 0xa03, 0x4), (0x2178, 0xa07, 0x2), (0x2179, 0xa09, 0x1), (0x217a, 0xa0a, 0x2), (0x217b, 0xa0c, 0x3), (0x217c, 0xa0f, 0x1),
    (0x217d, 0xa10, 0x1), (0x217e, 0xa11, 0x1), (0x217f, 0xa12, 0x1), (0x2189, 0xa13, 0x3), (0x219a, 0xa16, 0x2), (0x219b, 0xa18, 0x2),
    (0x21ae, 0xa1a, 0x2), (0x21cd, 0xa1c, 0x2), (0x21ce, 0xa1e, 0x2), (0x21cf, 0xa20, 0x2), (0x2204, 0xa22, 0x2), (0x2209, 0xa24, 0x2),
    (0x220c, 0xa26, 0x2), (0x2224, 0xa28, 0x2), (0x2226, 0xa2a, 0x2), (0x222c, 0xa2c, 0x2), (0x222d, 0xa2e, 0x3), (0x222f, 0xa31, 0x2),
    (0x2230, 0xa33, 0x3), (0x2241, 0xa36, 0x2), (0x2244, 0xa38, 0x2), (0x2247, 0xa3a, 0x2), (0x2249, 0xa3c, 0x2), (0x2260, 0xa3e, 0x2),
    (0x2262, 0xa40, 0x2), (0x226d, 0xa42, 0x2), (0x226e, 0xa44, 0x2), (0x226f, 0xa46, 0x2), (0x2270, 0xa48, 0x2), (0x2271, 0xa4a, 0x2),
    (0x2274, 0xa4c, 0x2), (0x2275, 0xa4e, 0x2), (0x2278, 0xa50, 0x2), (0x2279, 0xa52, 0x2), (0x2280, 0xa54, 0x2), (0x2281, 0xa56, 0x2),
    (0x2284, 0xa58, 0x2), (0x2285, 0xa5a, 0x2), (0x2288, 0xa5c, 0x2), (0x2289, 0xa5e, 0x2), (0x22ac, 0xa60, 0x2), (0x22ad, 0xa62, 0x2),
    (0x22ae, 0xa64, 0x2), (0x22af, 0xa66, 0x2), (0x22e0, 0xa68, 0x2), (0x22e1, 0xa6a, 0x2), (0x22e2, 0xa6c, 0x2), (0x22e3, 0xa6e, 0x2),
    (0x22ea, 0xa70, 0x2), (0x22eb, 0xa72, 0x2), (0x22ec, 0xa74, 0x2), (0x22ed, 0xa76, 0x2), (0x2329, 0xa78, 0x1), (0x232a, 0xa79, 0x1),
    (0x2460, 0xa7a, 0x1), (0x2461, 0xa7b, 0x1), (0x2462, 0xa7c, 0x1), (0x2463, 0xa7d, 0x1), (0x2464, 0xa7e, 0x1), (0x2465, 0xa7f, 0x1),
    (0x2466, 0xa80, 0x1), (0x2467, 0xa81, 0x1), (0x2468, 0xa82, 0x1), (0x2469, 0xa83, 0x2), (0x246a, 0xa85, 0x2), (0x246b, 0xa87, 0x2),
    (0x246c, 0xa89, 0x2), (0x246d, 0xa8b, 0x2), (0x246e, 0xa8d, 0x2), (0x246f, 0xa8f, 0x2), (0x2470, 0xa91, 0x2), (0x2471, 0xa93, 0x2),
    (0x2472, 0xa95, 0x2), (0x2473, 0xa97, 0x2), (0x2474, 0xa99, 0x3), (0x2475, 0xa9c, 0x3), (0x2476, 0xa9f, 0x3), (0x2477, 0xaa2, 0x3),
    (0x2478, 0xaa5, 0x3), (0x2479, 0xaa8, 0x3), (0x247a, 0xaab, 0x3), (0x247b, 0xaae, 0x3), (0x247c, 0xab1, 0x3), (0x247d, 0xab4, 0x4),
    (0x247e, 0xab8, 0x4), (0x247f, 0xabc, 0x4), (0x2480, 0xac0, 0x4), (0x2481, 0xac4, 0x4), (0x2482, 0xac8, 0x4), (0x2483, 0xacc, 0x4),
    (0x2484, 0xad0, 0x4), (0x2485, 0xad4, 0x4), (0x2486, 0xad8, 0x4), (0x2487, 0xadc, 0x4), (0x2488, 0xae0, 0x2), (0x2489, 0xae2, 0x2),
    (0x248a, 0xae4, 0x2), (0x248b, 0xae6, 0x2), (0x248c, 0xae8, 0x2), (0x248d, 0xaea, 0x2), (0x248e, 0xaec, 0x2), (0x248f, 0xaee, 0x2),
    (0x2490, 0xaf0, 0x2), (0x2491, 0xaf2, 0x3), (0x2492, 0xaf5, 0x3), (0x2493, 0xaf8, 0x3), (0x2494, 0xafb, 0x3), (0x2495, 0xafe, 0x3),
    (0x2496, 0xb01, 0x3), (0x2497, 0xb04, 0x3), (0x2498, 0xb07, 0x3), (0x2499, 0xb0a, 0x3), (0x249a, 0xb0d, 0x3), (0x249b, 0xb10, 0x3),
    (0x249c, 0xb13, 0x3), (0x249d, 0xb16, 0x3), (0x249e, 0xb19, 0x3), (0x249f, 0xb1c, 0x3), (0x24a0, 0xb1f, 0x3), (0x24a1, 0xb22, 0x3),
    (0x24a2, 0xb25, 0x3), (0x24a3, 0xb28, 0x3), (0x24a4, 0xb2b, 0x3), (0x24a5, 0xb2e, 0x3), (0x24a6, 0xb31, 0x3), (0x24a7, 0xb34, 0x3),
    (0x24a8, 0xb37, 0x3), (0x24a9, 0xb3a, 0x3), (0x24aa, 0xb3d, 0x3), (0x24ab, 0xb40, 0x3), (0x24ac, 0xb43, 0x3), (0x24ad, 0xb46, 0x3),
    (0x24ae, 0xb49, 0x3), (0x24af, 0xb4c, 0x3), (0x24b0, 0xb4f, 0x3), (0x24b1, 0xb52, 0x3), (0x24b2, 0xb55, 0x3), (0x24b3, 0xb58, 0x3),
    (0x24b4, 0xb5b, 0x3), (0x24b5, 0xb5e, 0x3), (0x24b6, 0xb61, 0x1), (0x24b7, 0xb62, 0x1), (0x24b8, 0xb63, 0x1), (0x24b9, 0xb64, 0x1),
    (0x24ba, 0xb65, 0x1), (0x24bb, 0xb66, 0x1), (0x24bc, 0xb67, 0x1), (0x24bd, 0xb68, 0x1), (0x24be, 0xb69, 0x1), (0x24bf, 0xb6a, 0x1),
    (0x24c0, 0xb6b, 0x1), (0x24c1, 0xb6c, 0x1), (0x24c2, 0xb6d, 0x1), (0x24c3, 0xb6e, 0x1), (0x24c4, 0xb6f, 0x1), (0x24c5, 0xb70, 0x1),
    (0x24c6, 0xb71, 0x1), (0x24c7, 0xb72, 0x1), (0x24c8, 0xb73, 0x1), (0x24c9, 0xb74, 0x1), (0x24ca, 0xb75, 0x1), (0x24cb, 0xb76, 0x1),
    (0x24cc, 0xb77, 0x1), (0x24cd, 0xb78, 0x1), (0x24ce, 0xb79, 0x1), (0x24cf, 0xb7a, 0x1), (0x24d0, 0xb7b, 0x1), (0x24d1, 0xb7c, 0x1),
    (0x24d2, 0xb7d, 0x1), (0x24d3, 0xb7e, 0x1), (0x24d4, 0xb7f, 0x1), (0x24d5, 0xb80, 0x1), (0x24d6, 0xb81, 0x1), (0x24d7, 0xb82, 0x1),
    (0x24d8, 0xb83, 0x1), (0x24d9, 0xb84, 0x1), (0x24da, 0xb85, 0x1), (0x24db, 0xb86, 0x1), (0x24dc, 0xb87, 0x1), (0x24dd, 0xb88, 0x1),
    (0x24de, 0xb89, 0x1), (0x24df, 0xb8a, 0x1), (0x24e0, 0xb8b, 0x1), (0x24e1, 0xb8c, 0x1), (0x24e2, 0xb8d, 0x1), (0x24e3, 0xb8e, 0x1),
    (0x24e4, 0xb8f, 0x1), (0x24e5, 0xb90, 0x1), (0x24e6, 0xb91, 0x1), (0x24e7, 0xb92, 0x1), (0x24e8, 0xb93, 0x1), (0x24e9, 0xb94, 0x1),
    (0x24ea, 0xb95, 0x1), (0x2a0c, 0xb96, 0x4), (0x2a74, 0xb9a, 0x3), (0x2a75, 0xb9d, 0x2), (0x2a76, 0xb9f, 0x3), (0x2adc, 0xba2, 0x2),
    (0x2c7c, 0xba4, 0x1), (0x2c7d, 0xba5, 0x1), (0x2d6f, 0xba6, 0x1), (0x2e9f, 0xba7, 0x1), (0x2ef3, 0xba8, 0x1), (0x2f00, 0xba9, 0x1),
    (0x2f01, 0xbaa, 0x1), (0x2f02, 0xbab, 0x1), (0x2f03, 0xbac, 0x1), (0x2f04, 0xbad, 0x1), (0x2f05, 0xbae, 0x1), (0x2f06, 0xbaf, 0x1),
    (0x2f07, 0xbb0, 0x1), (0x2f08, 0xbb1, 0x1), (0x2f09, 0xbb2, 0x1), (0x2f0a, 0xbb3, 0x1), (0x2f0b, 0xbb4, 0x1), (0x2f0c, 0xbb5, 0x1),
    (0x2f0d, 0xbb6, 0x1), (0x2f0e, 0xbb7, 0x1), (0x2f0f, 0xbb8, 0x1), (0x2f10, 0xbb9, 0x1), (0x2f11, 0xbba, 0x1), (0x2f12, 0xbbb, 0x1),
    (0x2f13, 0xbbc, 0x1), (0x2f14, 0xbbd, 0x1), (0x2f15, 0xbbe, 0x1), (0x2f16, 0xbbf, 0x1), (0x2f17, 0xbc0, 0x1), (0x2f18, 0xbc1, 0x1),
    (0x2f19, 0xbc2, 0x1), (0x2f1a, 0xbc3, 0x1), (0x2f1b, 0xbc4, 0x1), (0x2f1c, 0xbc5, 0x1), (0x2f1d, 0xbc6, 0x1), (0x2f1e, 0xbc7, 0x1),
    (0x2f1f, 0xbc8, 0x1), (0x2f20, 0xbc9, 0x1), (0x2f21, 0xbca, 0x1), (0x2f22, 0xbcb, 0x1), (0x2f23, 0xbcc, 0x1), (0x2f24, 0xbcd, 0x1),
    (0x2f25, 0xbce, 0x1), (0x2f26, 0xbcf, 0x1), (0x2f27, 0xbd0, 0x1), (0x2f28, 0xbd1, 0x1), (0x2f29, 0xbd2, 0x1), (0x2f2a, 0xbd3, 0x1),
    (0x2f2b, 0xbd4, 0x1), (0x2f2c, 0xbd5, 0x1), (0x2f2d, 0xbd6, 0x1), (0x2f2e, 0xbd7, 0x1), (0x2f2f, 0xbd8, 0x1), (0x2f30, 0xbd9, 0x1),
    (0x2f31, 0xbda, 0x1), (0x2f32, 0xbdb, 0x1), (0x2f33, 0xbdc, 0x1), (0x2f34, 0xbdd, 0x1), (0x2f35, 0xbde, 0x1), (0x2f36, 0xbdf, 0x1),
    (0x2f37, 0xbe0, 0x1), (0x2f38, 0xbe1, 0x1), (0x2f39, 0xbe2, 0x1), (0x2f3a, 0xbe3, 0x1), (0x2f3b, 0xbe4, 0x1), (0x2f3c, 0xbe5, 0x1),
    (0x2f3d, 0xbe6, 0x1), (0x2f3e, 0xbe7, 0x1), (0x2f3f, 0xbe8, 0x1), (0x2f40, 0xbe9, 0x1), (0x2f41, 0xbea, 0x1), (0x2f42, 0xbeb, 0x1),
    (0x2f43, 0xbec, 0x1), (0x2f44, 0xbed, 0x1), (0x2f45, 0xbee, 0x1), (0x2f46, 0xbef, 0x1), (0x2f47, 0xbf0, 0x1), (0x2f48, 0xbf1, 0x1),
    (0x2f49, 0xbf2, 0x1), (0x2f4a, 0xbf3, 0x1), (0x2f4b, 0xbf4, 0x1), (0x2f4c, 0xbf5, 0x1), (0x2f4d, 0xbf6, 0x1), (0x2f4e, 0xbf7, 0x1),
    (0x2f4f, 0xbf8, 0x1), (0x2f50, 0xbf9, 0x1), (0x2f51, 0xbfa, 0x1), (0x2f52, 0xbfb, 0x1), (0x2f53, 0xbfc, 0x1), (0x2f54, 0xbfd, 0x1),
    (0x2f55, 0xbfe, 0x1), (0x2f56, 0xbff, 0x1), (0x2f57, 0xc00, 0x1), (0x2f58, 0xc01, 0x1), (0x2f59, 0xc02, 0x1), (0x2f5a, 0xc03, 0x1),
    (0x2f5b, 0xc04, 0x1), (0x2f5c, 0xc05, 0x1), (0x2f5d, 0xc06, 0x1), (0x2f5e, 0xc07, 0x1), (0x2f5f, 0xc08, 0x1), (0x2f60, 0xc09, 0x1),
    (0x2f61, 0xc0a, 0x1), (0x2f62, 0xc0b, 0x1), (0x2f63, 0xc0c, 0x1), (0x2f64, 0xc0d, 0x1), (0x2f65, 0xc0e, 0x1), (0x2f66, 0xc0f, 0x1),
    (0x2f67, 0xc10, 0x1), (0x2f68, 0xc11, 0x1), (0x2f69, 0xc12, 0x1), (0x2f6a, 0xc13, 0x1), (0x2f6b, 0xc14, 0x1), (0x2f6c, 0xc15, 0x1),
    (0x2f6d, 0xc16, 0x1), (0x2f6e, 0xc17, 0x1), (0x2f6f, 0xc18, 0x1), (0x2f70, 0xc19, 0x1), (0x2f71, 0xc1a, 0x1), (0x2f72, 0xc1b, 0x1),
    (0x2f73, 0xc1c, 0x1), (0x2f74, 0xc1d, 0x1), (0x2f75, 0xc1e, 0x1), (0x2f76, 0xc1f, 0x1), (0x2f77, 0xc20, 0x1), (0x2f78, 0xc21, 0x1),
    (0x2f79, 0xc22, 0x1), (0x2f7a, 0xc23, 0x1), (0x2f7b, 0xc24, 0x1), (0x2f7c, 0xc25, 0x1), (0x2f7d, 0xc26, 0x1), (0x2f7e, 0xc27, 0x1),
    (0x2f7f, 0xc28, 0x1), (0x2f80, 0xc29, 0x1), (0x2f81, 0xc2a, 0x1), (0x2f82, 0xc2b, 0x1), (0x2f83, 0xc2c, 0x1), (0x2f84, 0xc2d, 0x1),
    (0x2f85, 0xc2e, 0x1), (0x2f86, 0xc2f, 0x1), (0x2f87, 0xc30, 0x1), (0x2f88, 0xc31, 0x1), (0x2f89, 0xc32, 0x1), (0x2f8a, 0xc33, 0x1),
    (0x2f8b, 0xc34, 0x1), (0x2f8c, 0xc35, 0x1), (0x2f8d, 0xc36, 0x1), (0x2f8e, 0xc37, 0x1), (0x2f8f, 0xc38, 0x1), (0x2f90, 0xc39, 0x1),
    (0x2f91, 0xc3a, 0x1), (0x2f92, 0xc3b, 0x1), (0x2f93, 0xc3c, 0x1), (0x2f94, 0xc3d, 0x1), (0x2f95, 0xc3e, 0x1), (0x2f96, 0xc3f, 0x1),
    (0x2f97, 0xc40, 0x1), (0x2f98, 0xc41, 0x1), (0x2f99, 0xc42, 0x1), (0x2f9a, 0xc43, 0x1), (0x2f9b, 0xc44, 0x1), (0x2f9c, 0xc45, 0x1),
    (0x2f9d, 0xc46, 0x1), (0x2f9e, 0xc47, 0x1), (0x2f9f, 0xc48, 0x1), (0x2fa0, 0xc49, 0x1), (0x2fa1, 0xc4a, 0x1), (0x2fa2, 0xc4b, 0x1),
    (0x2fa3, 0xc4c, 0x1), (0x2fa4, 0xc4d, 0x1), (0x2fa5, 0xc4e, 0x1), (0x2fa6, 0xc4f, 0x1), (0x2fa7, 0xc50, 0x1), (0x2fa8, 0xc51, 0x1),
    (0x2fa9, 0xc52, 0x1), (0x2faa, 0xc53, 0x1), (0x2fab, 0xc54, 0x1), (0x2fac, 0xc55, 0x1), (0x2fad, 0xc56, 0x1), (0x2fae, 0xc57, 0x1),
    (0x2faf, 0xc58, 0x1), (0x2fb0, 0xc59, 0x1), (0x2fb1, 0xc5a, 0x1), (0x2fb2, 0xc5b, 0x1), (0x2fb3, 0xc5c, 0x1), (0x2fb4, 0xc5d, 0x1),
    (0x2fb5, 0xc5e, 0x1), (0x2fb6, 0xc5f, 0x1), (0x2fb7, 0xc60, 0x1), (0x2fb8, 0xc61, 0x1), (0x2fb9, 0xc62, 0x1), (0x2fba, 0xc63, 0x1),
    (0x2fbb, 0xc64, 0x1), (0x2fbc, 0xc65, 0x1), (0x2fbd, 0xc66, 0x1), (0x2fbe, 0xc67, 0x1), (0x2fbf, 0xc68, 0x1), (0x2fc0, 0xc69, 0x1),
    (0x2fc1, 0xc6a, 0x1), (0x2fc2, 0xc6b, 0x1), (0x2fc3, 0xc6c, 0x1), (0x2fc4, 0xc6d, 0x1), (0x2fc5, 0xc6e, 0x1), (0x2fc6, 0xc6f, 0x1),
    (0x2fc7, 0xc70, 0x1), (0x2fc8, 0xc71, 0x1), (0x2fc9, 0xc72, 0x1), (0x2fca, 0xc73, 0x1), (0x2fcb, 0xc74, 0x1), (0x2fcc, 0xc75, 0x1),
    (0x2fcd, 0xc76, 0x1), (0x2fce, 0xc77, 0x1), (0x2fcf, 0xc78, 0x1), (0x2fd0, 0xc79, 0x1), (0x2fd1, 0xc7a, 0x1), (0x2fd2, 0xc7b, 0x1),
    (0x2fd3, 0xc7c, 0x1), (0x2fd4, 0xc7d, 0x1), (0x2fd5, 0xc7e, 0x1), (0x3000, 0xc7f, 0x1), (0x3036, 0xc80, 0x1), (0x3038, 0xc81, 0x1),
    (0x3039, 0xc82, 0x1), (0x303a, 0xc83, 0x1), (0x304c, 0xc84, 0x2), (0x304e, 0xc86, 0x2), (0x3050, 0xc88, 0x2), (0x3052, 0xc8a, 0x2),
    (0x3054, 0xc8c, 0x2), (0x3056, 0xc8e, 0x2), (0x3058, 0xc90, 0x2), (0x305a, 0xc92, 0x2), (0x305c, 0xc94, 0x2), (0x305e, 0xc96, 0x2),
    (0x3060, 0xc98, 0x2), (0x3062, 0xc9a, 0x2), (0x3065, 0xc9c, 0x2), (0x3067, 0xc9e, 0x2), (0x3069, 0xca0, 0x2), (0x3070, 0xca2, 0x2),
    (0x3071, 0xca4, 0x2), (0x3073, 0xca6, 0x2), (0x3074, 0xca8, 0x2), (0x3076, 0xcaa, 0x2), (0x3077, 0xcac, 0x2), (0x3079, 0xcae, 0x2),
    (0x307a, 0xcb0, 0x2), (0x307c, 0xcb2, 0x2), (0x307d, 0xcb4, 0x2), (0x3094, 0xcb6, 0x2), (0x309b, 0xcb8, 0x2), (0x309c, 0xcba, 0x2),
    (0x309e, 0xcbc, 0x2), (0x309f, 0xcbe, 0x2), (0x30ac, 0xcc0, 0x2), (0x30ae, 0xcc2, 0x2), (0x30b0, 0xcc4, 0x2), (0x30b2, 0xcc6, 0x2),
    (0x30b4, 0xcc8, 0x2), (0x30b6, 0xcca, 0x2), (0x30b8, 0xccc, 0x2), (0x30ba, 0xcce, 0x2), (0x30bc, 0xcd0, 0x2), (0x30be, 0xcd2, 0x2),
    (0x30c0, 0xcd4, 0x2), (0x30c2, 0xcd6, 0x2), (0x30c5, 0xcd8, 0x2), (0x30c7, 0xcda, 0x2), (0x30c9, 0xcdc, 0x2), (0x30d0, 0xcde, 0x2),
    (0x30d1, 0xce0, 0x2), (0x30d3, 0xce2, 0x2), (0x30d4, 0xce4, 0x2), (0x30d6, 0xce6, 0x2), (0x30d7, 0xce8, 0x2), (0x30d9, 0xcea, 0x2),
    (0x30da, 0xcec, 0x2), (0x30dc, 0xcee, 0x2), (0x30dd, 0xcf0, 0x2), (0x30f4, 0xcf2, 0x2), (0x30f7, 0xcf4, 0x2), (0x30f8, 0xcf6, 0x2),
    (0x30f9, 0xcf8, 0x2), (0x30fa, 0xcfa, 0x2), (0x30fe, 0xcfc, 0x2), (0x30ff, 0xcfe, 0x2), (0x3131, 0xd00, 0x1), (0x3132, 0xd01, 0x1),
    (0x3133, 0xd02, 0x1), (0x3134, 0xd03, 0x1), (0x3135, 0xd04, 0x1), (0x3136, 0xd05, 0x1), (0x3137, 0xd06, 0x1), (0x3138, 0xd07, 0x1),
    (0x3139, 0xd08, 0x1), (0x313a, 0xd09, 0x1), (0x313b, 0xd0a, 0x1), (0x313c, 0xd0b, 0x1), (0x313d, 0xd0c, 0x1), (0x313e, 0xd0d, 0x1),
    (0x313f, 0xd0e, 0x1), (0x3140, 0xd0f, 0x1), (0x3141, 0xd10, 0x1), (0x3142, 0xd11, 0x1), (0x3143, 0xd12, 0x1), (0x3144, 0xd13, 0x1),
    (0x3145, 0xd14, 0x1), (0x3146, 0xd15, 0x1), (0x3147, 0xd16, 0x1), (0x3148, 0xd17, 0x1), (0x3149, 0xd18, 0x1), (0x314a, 0xd19, 0x1),
    (0x314b, 0xd1a, 0x1), (0x314c, 0xd1b, 0x1), (0x314d, 0xd1c, 0x1), (0x314e, 0xd1d, 0x1), (0x314f, 0xd1e, 0x1), (0x3150, 0xd1f, 0x1),
    (0x3151, 0xd20, 0x1), (0x3152, 0xd21, 0x1), (0x3153, 0xd22, 0x1), (0x3154, 0xd23, 0x1), (0x3155, 0xd24, 0x1), (0x3156, 0xd25, 0x1),
    (0x3157, 0xd26, 0x1), (0x3158, 0xd27, 0x1), (0x3159, 0xd28, 0x1), (0x315a, 0xd29, 0x1), (0x315b, 0xd2a, 0x1), (0x315c, 0xd2b, 0x1),
    (0x315d, 0xd2c, 0x1), (0x315e, 0xd2d, 0x1), (0x315f, 0xd2e, 0x1), (0x3160, 0xd2f, 0x1), (0x3161, 0xd30, 0x1), (0x3162, 0xd31, 0x1),
    (0x3163, 0xd32, 0x1), (0x3164, 0xd33, 0x1), (0x3165, 0xd34, 0x1), (0x3166, 0xd35, 0x1), (0x3167, 0xd36, 0x1), (0x3168, 0xd37, 0x1),
    (0x3169, 0xd38, 0x1), (0x316a, 0xd39, 0x1), (0x316b, 0xd3a, 0x1), (0x316c, 0xd3b, 0x1), (0x316d, 0xd3c, 0x1), (0x316e, 0xd3d, 0x1),
    (0x316f, 0xd3e, 0x1), (0x3170, 0xd3f, 0x1), (0x3171, 0xd40, 0x1), (0x3172, 0xd41, 0x1), (0x3173, 0xd42, 0x1), (0x3174, 0xd43, 0x1),
    (0x3175, 0xd44, 0x1), (0x3176, 0xd45, 0x1), (0x3177, 0xd46, 0x1), (0x3178, 0xd47, 0x1), (0x3179, 0xd48, 0x1), (0x317a, 0xd49, 0x1),
    (0x317b, 0xd4a, 0x1), (0x317c, 0xd4b, 0x1), (0x317d, 0xd4c, 0x1), (0x317e, 0xd4d, 0x1), (0x317f, 0xd4e, 0x1), (0x3180, 0xd4f, 0x1),
    (0x3181, 0xd50, 0x1), (0x3182, 0xd51, 0x1), (0x3183, 0xd52, 0x1), (0x3184, 0xd53, 0x1), (0x3185, 0xd54, 0x1), (0x3186, 0xd55, 0x1),
    (0x3187, 0xd56, 0x1), (0x3188, 0xd57, 0x1), (0x3189, 0xd58, 0x1), (0x318a, 0xd59, 0x1), (0x318b, 0xd5a, 0x1), (0x318c, 0xd5b, 0x1),
    (0x318d, 0xd5c, 0x1), (0x318e, 0xd5d, 0x1), (0x3192, 0xd5e, 0x1), (0x3193, 0xd5f, 0x1), (0x3194, 0xd60, 0x1), (0x3195, 0xd61, 0x1),
    (0x3196, 0xd62, 0x1), (0x3197, 0xd63, 0x1), (0x3198, 0xd64, 0x1), (0x3199, 0xd65, 0x1), (0x319a, 0xd66, 0x1), (0x319b, 0xd67, 0x1),
    (0x319c, 0xd68, 0x1), (0x319d, 0xd69, 0x1), (0x319e, 0xd6a, 0x1), (0x319f, 0xd6b, 0x1), (0x3200, 0xd6c, 0x3), (0x3201, 0xd6f, 0x3),
    (0x3202, 0xd72, 0x3), (0x3203, 0xd75, 0x3), (0x3204, 0xd78, 0x3), (0x3205, 0xd7b, 0x3), (0x3206, 0xd7e, 0x3), (0x3207, 0xd81, 0x3),
    (0x3208, 0xd84, 0x3), (0x3209, 0xd87, 0x3), (0x320a, 0xd8a, 0x3), (0x320b, 0xd8d, 0x3), (0x320c, 0xd90, 0x3), (0x320d, 0xd93, 0x3),
    (0x320e, 0xd96, 0x4), (0x320f, 0xd9a, 0x4), (0x3210, 0xd9e, 0x4), (0x3211, 0xda2, 0x4), (0x3212, 0xda6, 0x4), (0x3213, 0xdaa, 0x4),
    (0x3214, 0xdae, 0x4), (0x3215, 0xdb2, 0x4), (0x3216, 0xdb6, 0x4), (0x3217, 0xdba, 0x4), (0x3218, 0xdbe, 0x4), (0x3219, 0xdc2, 0x4),
    (0x321a, 0xdc6, 0x4), (0x321b, 0xdca, 0x4), (0x321c, 0xdce, 0x4), (0x321d, 0xdd2, 0x7), (0x321e, 0xdd9, 0x6), (0x3220, 0xddf, 0x3),
    (0x3221, 0xde2, 0x3), (0x3222, 0xde5, 0x3), (0x3223, 0xde8, 0x3), (0x3224, 0xdeb, 0x3), (0x3225, 0xdee, 0x3), (0x3226, 0xdf1, 0x3),
    (0x3227, 0xdf4, 0x3), (0x3228, 0xdf7, 0x3), (0x3229, 0xdfa, 0x3), (0x322a, 0xdfd, 0x3), (0x322b, 0xe00, 0x3), (0x322c, 0xe03, 0x3),
    (0x322d, 0xe06, 0x3), (0x322e, 0xe09, 0x3), (0x322f, 0xe0c, 0x3), (0x3230, 0xe0f, 0x3), (0x3231, 0xe12, 0x3), (0x3232, 0xe15, 0x3),
    (0x3233, 0xe18, 0x3), (0x3234, 0xe1b, 0x3), (0x3235, 0xe1e, 0x3), (0x3236, 0xe21, 0x3), (0x3237, 0xe24, 0x3), (0x3238, 0xe27, 0x3),
    (0x3239, 0xe2a, 0x3), (0x323a, 0xe2d, 0x3), (0x323b, 0xe30, 0x3), (0x323c, 0xe33, 0x3), (0x323d, 0xe36, 0x3), (0x323e, 0xe39, 0x3),
    (0x323f, 0xe3c, 0x3), (0x3240, 0xe3f, 0x3), (0x3241, 0xe42, 0x3), (0x3242, 0xe45, 0x3), (0x3243, 0xe48, 0x3), (0x3244, 0xe4b, 0x1),
    (0x3245, 0xe4c, 0x1), (0x3246, 0xe4d, 0x1), (0x3247, 0xe4e, 0x1), (0x3250, 0xe4f, 0x3), (0x3251, 0xe52, 0x2), (0x3252, 0xe54, 0x2),
    (0x3253, 0xe56, 0x2), (0x3254, 0xe58, 0x2), (0x3255, 0xe5a, 0x2), (0x3256, 0xe5c, 0x2), (0x3257, 0xe5e, 0x2), (0x3258, 0xe60, 0x2),
    (0x3259, 0xe62, 0x2), (0x325a, 0xe64, 0x2), (0x325b, 0xe66, 0x2), (0x325c, 0xe68, 0x2), (0x325d, 0xe6a, 0x2), (0x325e, 0xe6c, 0x2),
    (0x325f, 0xe6e, 0x2), (0x3260, 0xe70, 0x1), (0x3261, 0xe71, 0x1), (0x3262, 0xe72, 0x1), (0x3263, 0xe73, 0x1), (0x3264, 0xe74, 0x1),
    (0x3265, 0xe75, 0x1), (0x3266, 0xe76, 0x1), (0x3267, 0xe77, 0x1), (0x3268, 0xe78, 0x1), (0x3269, 0xe79, 0x1), (0x326a, 0xe7a, 0x1),
    (0x326b, 0xe7b, 0x1), (0x326c, 0xe7c, 0x1), (0x326d, 0xe7d, 0x1), (0x326e, 0xe7e, 0x2), (0x326f, 0xe80, 0x2), (0x3270, 0xe82, 0x2),
    (0x3271, 0xe84, 0x2), (0x3272, 0xe86, 0x2), (0x3273, 0xe88, 0x2), (0x3274, 0xe8a, 0x2), (0x3275, 0xe8c, 0x2), (0x3276, 0xe8e, 0x2),
    (0x3277, 0xe90, 0x2), (0x3278, 0xe92, 0x2), (0x3279, 0xe94, 0x2), (0x327a, 0xe96, 0x2), (0x327b, 0xe98, 0x2), (0x327c, 0xe9a, 0x5),
    (0x327d, 0xe9f, 0x4), (0x327e, 0xea3, 0x2), (0x3280, 0xea5, 0x1), (0x3281, 0xea6, 0x1), (0x3282, 0xea7, 0x1), (0x3283, 0xea8, 0x1),
    (0x3284, 0xea9, 0x1), (0x3285, 0xeaa, 0x1), (0x3286, 0xeab, 0x1), (0x3287, 0xeac, 0x1), (0x3288, 0xead, 0x1), (0x3289, 0xeae, 0x1),
    (0x328a, 0xeaf, 0x1), (0x328b, 0xeb0, 0x1), (0x328c, 0xeb1, 0x1), (0x328d, 0xeb2, 0x1), (0x328e, 0xeb3, 0x1), (0x328f, 0xeb4, 0x1),
    (0x3290, 0xeb5, 0x1), (0x3291, 0xeb6, 0x1), (0x3292, 0xeb7, 0x1), (0x3293, 0xeb8, 0x1), (0x3294, 0xeb9, 0x1), (0x3295, 0xeba, 0x1),
    (0x3296, 0xebb, 0x1), (0x3297, 0xebc, 0x1), (0x3298, 0xebd, 0x1), (0x3299, 0xebe, 0x1), (0x329a, 0xebf, 0x1), (0x329b, 0xec0, 0x1),
    (0x329c, 0xec1, 0x1), (0x329d, 0xec2, 0x1), (0x329e, 0xec3, 0x1), (0x329f, 0xec4, 0x1), (0x32a0, 0xec5, 0x1), (0x32a1, 0xec6, 0x1),
    (0x32a2, 0xec7, 0x1), (0x32a3, 0xec8, 0x1), (0x32a4, 0xec9, 0x1), (0x32a5, 0xeca, 0x1), (0x32a6, 0xecb, 0x1), (0x32a7, 0xecc, 0x1),
    (0x32a8, 0xecd, 0x1), (0x32a9, 0xece, 0x1), (0x32aa, 0xecf, 0x1), (0x32ab, 0xed0, 0x1), (0x32ac, 0xed1, 0x1), (0x32ad, 0xed2, 0x1),
    (0x32ae, 0xed3, 0x1), (0x32af, 0xed4, 0x1), (0x32b0, 0xed5, 0x1), (0x32b1, 0xed6, 0x2), (0x32b2, 0xed8, 0x2), (0x32b3, 0xeda, 0x2),
    (0x32b4, 0xedc, 0x2), (0x32b5, 0xede, 0x2), (0x32b6, 0xee0, 0x2), (0x32b7, 0xee2, 0x2), (0x32b8, 0xee4, 0x2), (0x32b9, 0xee6, 0x2),
    (0x32ba, 0xee8, 0x2), (0x32bb, 0xeea, 0x2), (0x32bc, 0xeec, 0x2), (0x32bd, 0xeee, 0x2), (0x32be, 0xef0, 0x2), (0x32bf, 0xef2, 0x2),
    (0x32c0, 0xef4, 0x2), (0x32c1, 0xef6, 0x2), (0x32c2, 0xef8, 0x2), (0x32c3, 0xefa, 0x2), (0x32c4, 0xefc, 0x2), (0x32c5, 0xefe, 0x2),
    (0x32c6, 0xf00, 0x2), (0x32c7, 0xf02, 0x2), (0x32c8, 0xf04, 0x2), (0x32c9, 0xf06, 0x3), (0x32ca, 0xf09, 0x3), (0x32cb, 0xf0c, 0x3),
    (0x32cc, 0xf0f, 0x2), (0x32cd, 0xf11, 0x3), (0x32ce, 0xf14, 0x2), (0x32cf, 0xf16, 0x3), (0x32d0, 0xf19, 0x1), (0x32d1, 0xf1a, 0x1),
    (0x32d2, 0xf1b, 0x1), (0x32d3, 0xf1c, 0x1), (0x32d4, 0xf1d, 0x1), (0x32d5, 0xf1e, 0x1), (0x32d6, 0xf1f, 0x1), (0x32d7, 0xf20, 0x1),
    (0x32d8, 0xf21, 0x1), (0x32d9, 0xf22, 0x1), (0x32da, 0xf23, 0x1), (0x32db, 0xf24, 0x1), (0x32dc, 0xf25, 0x1), (0x32dd, 0xf26, 0x1),
    (0x32de, 0xf27, 0x1), (0x32df, 0xf28, 0x1), (0x32e0, 0xf29, 0x1), (0x32e1, 0xf2a, 0x1), (0x32e2, 0xf2b, 0x1), (0x32e3, 0xf2c, 0x1),
    (0x32e4, 0xf2d, 0x1), (0x32e5, 0xf2e, 0x1), (0x32e6, 0xf2f, 0x1), (0x32e7, 0xf30, 0x1), (0x32e8, 0xf31, 0x1), (0x32e9, 0xf32, 0x1),
    (0x32ea, 0xf33, 0x1), (0x32eb, 0xf34, 0x1), (0x32ec, 0xf35, 0x1), (0x32ed, 0xf36, 0x1), (0x32ee, 0xf37, 0x1), (0x32ef, 0xf38, 0x1),
    (0x32f0, 0xf39, 0x1), (0x32f1, 0xf3a, 0x1), (0x32f2, 0xf3b, 0x1), (0x32f3, 0xf3c, 0x1), (0x32f4, 0xf3d, 0x1), (0x32f5, 0xf3e, 0x1),
    (0x32f6, 0xf3f, 0x1), (0x32f7, 0xf40, 0x1), (0x32f8, 0xf41, 0x1), (0x32f9, 0xf42, 0x1), (0x32fa, 0xf43, 0x1), (0x32fb, 0xf44, 0x1),
    (0x32fc, 0xf45, 0x1), (0x32fd, 0xf46, 0x1), (0x32fe, 0xf47, 0x1), (0x32ff, 0xf48, 0x2), (0x3300, 0xf4a, 0x5), (0x3301, 0xf4f, 0x4),
    (0x3302, 0xf53, 0x5), (0x3303, 0xf58, 0x3), (0x3304, 0xf5b, 0x5), (0x3305, 0xf60, 0x3), (0x3306, 0xf63, 0x3), (0x3307, 0xf66, 0x6),
    (0x3308, 0xf6c, 0x4), (0x3309, 0xf70, 0x3), (0x330a, 0xf73, 0x3), (0x330b, 0xf76, 0x3), (0x330c, 0xf79, 0x4), (0x330d, 0xf7d, 0x4),
    (0x330e, 0xf81, 0x4), (0x330f, 0xf85, 0x4), (0x3310, 0xf89, 0x4), (0x3311, 0xf8d, 0x4), (0x3312, 0xf91, 0x4), (0x3313, 0xf95, 0x6),
    (0x3314, 0xf9b, 0x2), (0x3315, 0xf9d, 0x6), (0x3316, 0xfa3, 0x6), (0x3317, 0xfa9, 0x5), (0x3318, 0xfae, 0x4), (0x3319, 0xfb2, 0x6),
    (0x331a, 0xfb8, 0x6), (0x331b, 0xfbe, 0x4), (0x331c, 0xfc2, 0x3), (0x331d, 0xfc5, 0x3), (0x331e, 0xfc8, 0x4), (0x331f, 0xfcc, 0x4),
    (0x3320, 0xfd0, 0x5), (0x3321, 0xfd5, 0x5), (0x3322, 0xfda, 0x3), (0x3323, 0xfdd, 0x3), (0x3324, 0xfe0, 0x4), (0x3325, 0xfe4, 0x3),
    (0x3326, 0xfe7, 0x3), (0x3327, 0xfea, 0x2), (0x3328, 0xfec, 0x2), (0x3329, 0xfee, 0x3), (0x332a, 0xff1, 0x3), (0x332b, 0xff4, 0x6),
    (0x332c, 0xffa, 0x4), (0x332d, 0xffe, 0x5), (0x332e, 0x1003, 0x6), (0x332f, 0x1009, 0x4), (0x3330, 0x100d, 0x3), (0x3331, 0x1010, 0x3),
    (0x3332, 0x1013, 0x6), (0x3333, 0x1019, 0x4), (0x3334, 0x101d, 0x6), (0x3335, 0x1023, 0x3), (0x3336, 0x1026, 0x5), (0x3337, 0x102b, 0x3),
    (0x3338, 0x102e, 0x4), (0x3339, 0x1032, 0x3), (0x333a, 0x1035, 0x4), (0x333b, 0x1039, 0x5), (0x333c, 0x103e, 0x4), (0x333d, 0x1042, 0x5),
    (0x333e, 0x1047, 0x4), (0x333f, 0x104b, 0x2), (0x3340, 0x104d, 0x5), (0x3341, 0x1052, 0x3), (0x3342, 0x1055, 0x3), (0x3343, 0x1058, 0x4),
    (0x3344, 0x105c, 0x3), (0x3345, 0x105f, 0x3), (0x3346, 0x1062, 0x3), (0x3347, 0x1065, 0x5), (0x3348, 0x106a, 0x4), (0x3349, 0x106e, 0x2),
    (0x334a, 0x1070, 0x6), (0x334b, 0x1076, 0x3), (0x334c, 0x1079, 0x5), (0x334d, 0x107e, 0x4), (0x334e, 0x1082, 0x4), (0x334f, 0x1086, 0x3),
    (0x3350, 0x1089, 0x3), (0x3351, 0x108c, 0x4), (0x3352, 0x1090, 0x2), (0x3353, 0x1092, 0x4), (0x3354, 0x1096, 0x5), (0x3355, 0x109b, 0x2),
    (0x3356, 0x109d, 0x6), (0x3357, 0x10a3, 0x3), (0x3358, 0x10a6, 0x2), (0x3359, 0x10a8, 0x2), (0x335a, 0x10aa, 0x2), (0x335b, 0x10ac, 0x2),
    (0x335c, 0x10ae, 0x2), (0x335d, 0x10b0, 0x2), (0x335e, 0x10b2, 0x2), (0x335f, 0x10b4, 0x2), (0x3360, 0x10b6, 0x2), (0x3361, 0x10b8, 0x2),
    (0x3362, 0x10ba, 0x3), (0x3363, 0x10bd, 0x3), (0x3364, 0x10c0, 0x3), (0x3365, 0x10c3, 0x3), (0x3366, 0x10c6, 0x3), (0x3367, 0x10c9, 0x3),
    (0x3368, 0x10cc, 0x3), (0x3369, 0x10cf, 0x3), (0x336a, 0x10d2, 0x3), (0x336b, 0x10d5, 0x3), (0x336c, 0x10d8, 0x3), (0x336d, 0x10db, 0x3),
    (0x336e, 0x10de, 0x3), (0x336f, 0x10e1, 0x3), (0x3370, 0x10e4, 0x3), (0x3371, 0x10e7, 0x3), (0x3372, 0x10ea, 0x2), (0x3373, 0x10ec, 0x2),
    (0x3374, 0x10ee, 0x3), (0x3375, 0x10f1, 0x2), (0x3376, 0x10f3, 0x2), (0x3377, 0x10f5, 0x2), (0x3378, 0x10f7, 0x3), (0x3379, 0x10fa, 0x3),
    (0x337a, 0x10fd, 0x2), (0x337b, 0x10ff, 0x2), (0x337c, 0x1101, 0x2), (0x337d, 0x1103, 0x2), (0x337e, 0x1105, 0x2), (0x337f, 0x1107, 0x4),
    (0x3380, 0x110b, 0x2), (0x3381, 0x110d, 0x2), (0x3382, 0x110f, 0x2), (0x3383, 0x1111, 0x2), (0x3384, 0x1113, 0x2), (0x3385, 0x1115, 0x2),
    (0x3386, 0x1117, 0x2), (0x3387, 0x1119, 0x2), (0x3388, 0x111b, 0x3), (0x3389, 0x111e, 0x4), (0x338a, 0x1122, 0x2), (0x338b, 0x1124, 0x2),
    (0x338c, 0x1126, 0x2), (0x338d, 0x1128, 0x2), (0x338e, 0x112a, 0x2), (0x338f, 0x112c, 0x2), (0x3390, 0x112e, 0x2), (0x3391, 0x1130, 0x3),
    (0x3392, 0x1133, 0x3), (0x3393, 0x1136, 0x3), (0x3394, 0x1139, 0x3), (0x3395, 0x113c, 0x2), (0x3396, 0x113e, 0x2), (0x3397, 0x1140, 0x2),
    (0x3398, 0x1142, 0x2), (0x3399, 0x1144, 0x2), (0x339a, 0x1146, 0x2), (0x339b, 0x1148, 0x2), (0x339c, 0x114a, 0x2), (0x339d, 0x114c, 0x2),
    (0x339e, 0x114e, 0x2), (0x339f, 0x1150, 0x3), (0x33a0, 0x1153, 0x3), (0x33a1, 0x1156, 0x2), (0x33a2, 0x1158, 0x3), (0x33a3, 0x115b, 0x3),
    (0x33a4, 0x115e, 0x3), (0x33a5, 0x1161, 0x2), (0x33a6, 0x1163, 0x3), (0x33a7, 0x1166, 0x3), (0x33a8, 0x1169, 0x4), (0x33a9, 0x116d, 0x2),
    (0x33aa, 0x116f, 0x3), (0x33ab, 0x1172, 0x3), (0x33ac, 0x1175, 0x3), (0x33ad, 0x1178, 0x3), (0x33ae, 0x117b, 0x5), (0x33af, 0x1180, 0x6),
    (0x33b0, 0x1186, 0x2), (0x33b1, 0x1188, 0x2), (0x33b2, 0x118a, 0x2), (0x33b3, 0x118c, 0x2), (0x33b4, 0x118e, 0x2), (0x33b5, 0x1190, 0x2),
    (0x33b6, 0x1192, 0x2), (0x33b7, 0x1194, 0x2), (0x33b8, 0x1196, 0x2), (0x33b9, 0x1198, 0x2), (0x33ba, 0x119a, 0x2), (0x33bb, 0x119c, 0x2),
    (0x33bc, 0x119e, 0x2), (0x33bd, 0x11a0, 0x2), (0x33be, 0x11a2, 0x2), (0x33bf, 0x11a4, 0x2), (0x33c0, 0x11a6, 0x2), (0x33c1, 0x11a8, 0x2),
    (0x33c2, 0x11aa, 0x4), (0x33c3, 0x11ae, 0x2), (0x33c4, 0x11b0, 0x2), (0x33c5, 0x11b2, 0x2), (0x33c6, 0x11b4, 0x4), (0x33c7, 0x11b8, 0x3),
    (0x33c8, 0x11bb, 0x2), (0x33c9, 0x11bd, 0x2), (0x33ca, 0x11bf, 0x2), (0x33cb, 0x11c1, 0x2), (0x33cc, 0x11c3, 0x2), (0x33cd, 0x11c5, 0x2),
    (0x33ce, 0x11c7, 0x2), (0x33cf, 0x11c9, 0x2), (0x33d0, 0x11cb, 0x2), (0x33d1, 0x11cd, 0x2), (0x33d2, 0x11cf, 0x3), (0x33d3, 0x11d2, 0x2),
    (0x33d4, 0x11d4, 0x2), (0x33d5, 0x11d6, 0x3), (0x33d6, 0x11d9, 0x3), (0x33d7, 0x11dc, 0x2), (0x33d8, 0x11de, 0x4), (0x33d9, 0x11e2, 0x3),
    (0x33da, 0x11e5, 0x2), (0x33db, 0x11e7, 0x2), (0x33dc, 0x11e9, 0x2), (0x33dd, 0x11eb, 0x2), (0x33de, 0x11ed, 0x3), (0x33df, 0x11f0, 0x3),
    (0x33e0, 0x11f3, 0x2), (0x33e1, 0x11f5, 0x2), (0x33e2, 0x11f7, 0x2), (0x33e3, 0x11f9, 0x2), (0x33e4, 0x11fb, 0x2), (0x33e5, 0x11fd, 0x2),
    (0x33e6, 0x11ff, 0x2), (0x33e7, 0x1201, 0x2), (0x33e8, 0x1203, 0x2), (0x33e9, 0x1205, 0x3), (0x33ea, 0x1208, 0x3), (0x33eb, 0x120b, 0x3),
    (0x33ec, 0x120e, 0x3), (0x33ed, 0x1211, 0x3), (0x33ee, 0x1214, 0x3), (0x33ef, 0x1217, 0x3), (0x33f0, 0x121a, 0x3), (0x33f1, 0x121d, 0x3),
    (0x33f2, 0x1220, 0x3), (0x33f3, 0x1223, 0x3), (0x33f4, 0x1226, 0x3), (0x33f5, 0x1229, 0x3), (0x33f6, 0x122c, 0x3), (0x33f7, 0x122f, 0x3),
    (0x33f8, 0x1232, 0x3), (0x33f9, 0x1235, 0x3), (0x33fa, 0x1238, 0x3), (0x33fb, 0x123b, 0x3), (0x33fc, 0x123e, 0x3), (0x33fd, 0x1241, 0x3),
    (0x33fe, 0x1244, 0x3), (0x33ff, 0x1247, 0x3), (0xa69c, 0x124a, 0x1), (0xa69d, 0x124b, 0x1), (0xa770, 0x124c, 0x1), (0xa7f2, 0x124d, 0x1),
    (0xa7f3, 0x124e, 0x1), (0xa7f4, 0x124f, 0x1), (0xa7f8, 0x1250, 0x1), (0xa7f9, 0x1251, 0x1), (0xab5c, 0x1252, 0x1), (0xab5d, 0x1253, 0x1),
    (0xab5e, 0x1254, 0x1), (0xab5f, 0x1255, 0x1), (0xab69, 0x1256, 0x1), (0xf900, 0x1257, 0x1), (0xf901, 0x1258, 0x1), (0xf902, 0x1259, 0x1),
    (0xf903, 0x125a, 0x1), (0xf904, 0x125b, 0x1), (0xf905, 0x125c, 0x1), (0xf906, 0x125d, 0x1), (0xf907, 0x125e, 0x1), (0xf908, 0x125f, 0x1),
    (0xf909, 0x1260, 0x1), (0xf90a, 0x1261, 0x1), (0xf90b, 0x1262, 0x1), (0xf90c, 0x1263, 0x1), (0xf90d, 0x1264, 0x1), (0xf90e, 0x1265, 0x1),
    (0xf90f, 0x1266, 0x1), (0xf910, 0x1267, 0x1), (0xf911, 0x1268, 0x1), (0xf912, 0x1269, 0x1), (0xf913, 0x126a, 0x1), (0xf914, 0x126b, 0x1),
    (0xf915, 0x126c, 0x1), (0xf916, 0x126d, 0x1), (0xf917, 0x126e, 0x1), (0xf918, 0x126f, 0x1), (0xf919, 0x1270, 0x1), (0xf91a, 0x1271, 0x1),
    (0xf91b, 0x1272, 0x1), (0xf91c, 0x1273, 0x1), (0xf91d, 0x1274, 0x1), (0xf91e, 0x1275, 0x1), (0xf91f, 0x1276, 0x1), (0xf920, 0x1277, 0x1),
    (0xf921, 0x1278, 0x1), (0xf922, 0x1279, 0x1), (0xf923, 0x127a, 0x1), (0xf924, 0x127b, 0x1), (0xf925, 0x127c, 0x1), (0xf926, 0x127d, 0x1),
    (0xf927, 0x127e, 0x1), (0xf928, 0x127f, 0x1), (0xf929, 0x1280, 0x1), (0xf92a, 0x1281, 0x1), (0xf92b, 0x1282, 0x1), (0xf92c, 0x1283, 0x1),
    (0xf92d, 0x1284, 0x1), (0xf92e, 0x1285, 0x1), (0xf92f, 0x1286, 0x1), (0xf930, 0x1287, 0x1), (0xf931, 0x1288, 0x1), (0xf932, 0x1289, 0x1),
    (0xf933, 0x128a, 0x1), (0xf934, 0x128b, 0x1), (0xf935, 0x128c, 0x1), (0xf936, 0x128d, 0x1), (0xf937, 0x128e, 0x1), (0xf938, 0x128f, 0x1),
    (0xf939, 0x1290, 0x1), (0xf93a, 0x1291, 0x1), (0xf93b, 0x1292, 0x1), (0xf93c, 0x1293, 0x1), (0xf93d, 0x1294, 0x1), (0xf93e, 0x1295, 0x1),
    (0xf93f, 0x1296, 0x1), (0xf940, 0x1297, 0x1), (0xf941, 0x1298, 0x1), (0xf942, 0x1299, 0x1), (0xf943, 0x129a, 0x1), (0xf944, 0x129b, 0x1),
    (0xf945, 0x129c, 0x1), (0xf946, 0x129d, 0x1), (0xf947, 0x129e, 0x1), (0xf948, 0x129f, 0x1), (0xf949, 0x12a0, 0x1), (0xf94a, 0x12a1, 0x1),
    (0xf94b, 0x12a2, 0x1), (0xf94c, 0x12a3, 0x1), (0xf94d, 0x12a4, 0x1), (0xf94e, 0x12a5, 0x1), (0xf94f, 0x12a6, 0x1), (0xf950, 0x12a7, 0x1),
    (0xf951, 0x12a8, 0x1), (0xf952, 0x12a9, 0x1), (0xf953, 0x12aa, 0x1), (0xf954, 0x12ab, 0x1), (0xf955, 0x12ac, 0x1), (0xf956, 0x12ad, 0x1),
    (0xf957, 0x12ae, 0x1), (0xf958, 0x12af, 0x1), (0xf959, 0x12b0, 0x1), (0xf95a, 0x12b1, 0x1), (0xf95b, 0x12b2, 0x1), (0xf95c, 0x12b3, 0x1),
    (0xf95d, 0x12b4, 0x1), (0xf95e, 0x12b5, 0x1), (0xf95f, 0x12b6, 0x1), (0xf960, 0x12b7, 0x1), (0xf961, 0x12b8, 0x1), (0xf962, 0x12b9, 0x1),
    (0xf963, 0x12ba, 0x1), (0xf964, 0x12bb, 0x1), (0xf965, 0x12bc, 0x1), (0xf966, 0x12bd, 0x1), (0xf967, 0x12be, 0x1), (0xf968, 0x12bf, 0x1),
    (0xf969, 0x12c0, 0x1), (0xf96a, 0x12c1, 0x1), (0xf96b, 0x12c2, 0x1), (0xf96c, 0x12c3, 0x1), (0xf96d, 0x12c4, 0x1), (0xf96e, 0x12c5, 0x1),
    (0xf96f, 0x12c6, 0x1), (0xf970, 0x12c7, 0x1), (0xf971, 0x12c8, 0x1), (0xf972, 0x12c9, 0x1), (0xf973, 0x12ca, 0x1), (0xf974, 0x12cb, 0x1),
    (0xf975, 0x12cc, 0x1), (0xf976, 0x12cd, 0x1), (0xf977, 0x12ce, 0x1), (0xf978, 0x12cf, 0x1), (0xf979, 0x12d0, 0x1), (0xf97a, 0x12d1, 0x1),
    (0xf97b, 0x12d2, 0x1), (0xf97c, 0x12d3, 0x1), (0xf97d, 0x12d4, 0x1), (0xf97e, 0x12d5, 0x1), (0xf97f, 0x12d6, 0x1), (0xf980, 0x12d7, 0x1),
    (0xf981, 0x12d8, 0x1), (0xf982, 0x12d9, 0x1), (0xf983, 0x12da, 0x1), (0xf984, 0x12db, 0x1), (0xf985, 0x12dc, 0x1), (0xf986, 0x12dd, 0x1),
    (0xf987, 0x12de, 0x1), (0xf988, 0x12df, 0x1), (0xf989, 0x12e0, 0x1), (0xf98a, 0x12e1, 0x1), (0xf98b, 0x12e2, 0x1), (0xf98c, 0x12e3, 0x1),
    (0xf98d, 0x12e4, 0x1), (0xf98e, 0x12e5, 0x1), (0xf98f, 0x12e6, 0x1), (0xf990, 0x12e7, 0x1), (0xf991, 0x12e8, 0x1), (0xf992, 0x12e9, 0x1),
    (0xf993, 0x12ea, 0x1), (0xf994, 0x12eb, 0x1), (0xf995, 0x12ec, 0x1), (0xf996, 0x12ed, 0x1), (0xf997, 0x12ee, 0x1), (0xf998, 0x12ef, 0x1),
    (0xf999, 0x12f0, 0x1), (0xf99a, 0x12f1, 0x1), (0xf99b, 0x12f2, 0x1), (0xf99c, 0x12f3, 0x1), (0xf99d, 0x12f4, 0x1), (0xf99e, 0x12f5, 0x1),
    (0xf99f, 0x12f6, 0x1), (0xf9a0, 0x12f7, 0x1), (0xf9a1, 0x12f8, 0x1), (0xf9a2, 0x12f9, 0x1), (0xf9a3, 0x12fa, 0x1), (0xf9a4, 0x12fb, 0x1),
    (0xf9a5, 0x12fc, 0x1), (0xf9a6, 0x12fd, 0x1), (0xf9a7, 0x12fe, 0x1), (0xf9a8, 0x12ff, 0x1), (0xf9a9, 0x1300, 0x1), (0xf9aa, 0x1301, 0x1),
    (0xf9ab, 0x1302, 0x1), (0xf9ac, 0x1303, 0x1), (0xf9ad, 0x1304, 0x1), (0xf9ae, 0x1305, 0x1), (0xf9af, 0x1306, 0x1), (0xf9b0, 0x1307, 0x1),
    (0xf9b1, 0x1308, 0x1), (0xf9b2, 0x1309, 0x1), (0xf9b3, 0x130a, 0x1), (0xf9b4, 0x130b, 0x1), (0xf9b5, 0x130c, 0x1), (0xf9b6, 0x130d, 0x1),
    (0xf9b7, 0x130e, 0x1), (0xf9b8, 0x130f, 0x1), (0xf9b9, 0x1310, 0x1), (0xf9ba, 0x1311, 0x1), (0xf9bb, 0x1312, 0x1), (0xf9bc, 0x1313, 0x1),
    (0xf9bd, 0x1314, 0x1), (0xf9be, 0x1315, 0x1), (0xf9bf, 0x1316, 0x1), (0xf9c0, 0x1317, 0x1), (0xf9c1, 0x1318, 0x1), (0xf9c2, 0x1319, 0x1),
    (0xf9c3, 0x131a, 0x1), (0xf9c4, 0x131b, 0x1), (0xf9c5, 0x131c, 0x1), (0xf9c6, 0x131d, 0x1), (0xf9c7, 0x131e, 0x1), (0xf9c8, 0x131f, 0x1),
    (0xf9c9, 0x1320, 0x1), (0xf9ca, 0x1321, 0x1), (0xf9cb, 0x1322, 0x1), (0xf9cc, 0x1323, 0x1), (0xf9cd, 0x1324, 0x1), (0xf9ce, 0x1325, 0x1),
    (0xf9cf, 0x1326, 0x1), (0xf9d0, 0x1327, 0x1), (0xf9d1, 0x1328, 0x1), (0xf9d2, 0x1329, 0x1), (0xf9d3, 0x132a, 0x1), (0xf9d4, 0x132b, 0x1),
    (0xf9d5, 0x132c, 0x1), (0xf9d6, 0x132d, 0x1), (0xf9d7, 0x132e, 0x1), (0xf9d8, 0x132f, 0x1), (0xf9d9, 0x1330, 0x1), (0xf9da, 0x1331, 0x1),
    (0xf9db, 0x1332, 0x1), (0xf9dc, 0x1333, 0x1), (0xf9dd, 0x1334, 0x1), (0xf9de, 0x1335, 0x1), (0xf9df, 0x1336, 0x1), (0xf9e0, 0x1337, 0x1),
    (0xf9e1, 0x1338, 0x1), (0xf9e2, 0x1339, 0x1), (0xf9e3, 0x133a, 0x1), (0xf9e4, 0x133b, 0x1), (0xf9e5, 0x133c, 0x1), (0xf9e6, 0x133d, 0x1),
    (0xf9e7, 0x133e, 0x1), (0xf9e8, 0x133f, 0x1), (0xf9e9, 0x1340, 0x1), (0xf9ea, 0x1341, 0x1), (0xf9eb, 0x1342, 0x1), (0xf9ec, 0x1343, 0x1),
    (0xf9ed, 0x1344, 0x1), (0xf9ee, 0x1345, 0x1), (0xf9ef, 0x1346, 0x1), (0xf9f0, 0x1347, 0x1), (0xf9f1, 0x1348, 0x1), (0xf9f2, 0x1349, 0x1),
    (0xf9f3, 0x134a, 0x1), (0xf9f4, 0x134b, 0x1), (0xf9f5, 0x134c, 0x1), (0xf9f6, 0x134d, 0x1), (0xf9f7, 0x134e, 0x1), (0xf9f8, 0x134f, 0x1),
    (0xf9f9, 0x1350, 0x1), (0xf9fa, 0x1351, 0x1), (0xf9fb, 0x1352, 0x1), (0xf9fc, 0x1353, 0x1), (0xf9fd, 0x1354, 0x1), (0xf9fe, 0x1355, 0x1),
    (0xf9ff, 0x1356, 0x1), (0xfa00, 0x1357, 0x1), (0xfa01, 0x1358, 0x1), (0xfa02, 0x1359, 0x1), (0xfa03, 0x135a, 0x1), (0xfa04, 0x135b, 0x1),
    (0xfa05, 0x135c, 0x1), (0xfa06, 0x135d, 0x1), (0xfa07, 0x135e, 0x1), (0xfa08, 0x135f, 0x1), (0xfa09, 0x1360, 0x1), (0xfa0a, 0x1361, 0x1),
    (0xfa0b, 0x1362, 0x1), (0xfa0c, 0x1363, 0x1), (0xfa0d, 0x1364, 0x1), (0xfa10, 0x1365, 0x1), (0xfa12, 0x1366, 0x1), (0xfa15, 0x1367, 0x1),
    (0xfa16, 0x1368, 0x1), (0xfa17, 0x1369, 0x1), (0xfa18, 0x136a, 0x1), (0xfa19, 0x136b, 0x1), (0xfa1a, 0x136c, 0x1), (0xfa1b, 0x136d, 0x1),
    (0xfa1c, 0x136e, 0x1), (0xfa1d, 0x136f, 0x1), (0xfa1e, 0x1370, 0x1), (0xfa20, 0x1371, 0x1), (0xfa22, 0x1372, 0x1), (0xfa25, 0x1373, 0x1),
    (0xfa26, 0x1374, 0x1), (0xfa2a, 0x1375, 0x1), (0xfa2b, 0x1376, 0x1), (0xfa2c, 0x1377, 0x1), (0xfa2d, 0x1378, 0x1), (0xfa2e, 0x1379, 0x1),
    (0xfa2f, 0x137a, 0x1), (0xfa30, 0x137b, 0x1), (0xfa31, 0x137c, 0x1), (0xfa32, 0x137d, 0x1), (0xfa33, 0x137e, 0x1), (0xfa34, 0x137f, 0x1),
    (0xfa35, 0x1380, 0x1), (0xfa36, 0x1381, 0x1), (0xfa37, 0x1382, 0x1), (0xfa38, 0x1383, 0x1), (0xfa39, 0x1384, 0x1), (0xfa3a, 0x1385, 0x1),
    (0xfa3b, 0x1386, 0x1), (0xfa3c, 0x1387, 0x1), (0xfa3d, 0x1388, 0x1), (0xfa3e, 0x1389, 0x1), (0xfa3f, 0x138a, 0x1), (0xfa40, 0x138b, 0x1),
    (0xfa41, 0x138c, 0x1), (0xfa42, 0x138d, 0x1), (0xfa43, 0x138e, 0x1), (0xfa44, 0x138f, 0x1), (0xfa45, 0x1390, 0x1), (0xfa46, 0x1391, 0x1),
    (0xfa47, 0x1392, 0x1), (0xfa48, 0x1393, 0x1), (0xfa49, 0x1394, 0x1), (0xfa4a, 0x1395, 0x1), (0xfa4b, 0x1396, 0x1), (0xfa4c, 0x1397, 0x1),
    (0xfa4d, 0x1398, 0x1), (0xfa4e, 0x1399, 0x1), (0xfa4f, 0x139a, 0x1), (0xfa50, 0x139b, 0x1), (0xfa51, 0x139c, 0x1), (0xfa52, 0x139d, 0x1),
    (0xfa53, 0x139e, 0x1), (0xfa54, 0x139f, 0x1), (0xfa55, 0x13a0, 0x1), (0xfa56, 0x13a1, 0x1), (0xfa57, 0x13a2, 0x1), (0xfa58, 0x13a3, 0x1),
    (0xfa59, 0x13a4, 0x1), (0xfa5a, 0x13a5, 0x1), (0xfa5b, 0x13a6, 0x1), (0xfa5c, 0x13a7, 0x1), (0xfa5d, 0x13a8, 0x1), (0xfa5e, 0x13a9, 0x1),
    (0xfa5f, 0x13aa, 0x1), (0xfa60, 0x13ab, 0x1), (0xfa61, 0x13ac, 0x1), (0xfa62, 0x13ad, 0x1), (0xfa63, 0x13ae, 0x1), (0xfa64, 0x13af, 0x1),
    (0xfa65, 0x13b0, 0x1), (0xfa66, 0x13b1, 0x1), (0xfa67, 0x13b2, 0x1), (0xfa68, 0x13b3, 0x1), (0xfa69, 0x13b4, 0x1), (0xfa6a, 0x13b5, 0x1),
    (0xfa6b, 0x13b6, 0x1), (0xfa6c, 0x13b7, 0x1), (0xfa6d, 0x13b8, 0x1), (0xfa70, 0x13b9, 0x1), (0xfa71, 0x13ba, 0x1), (0xfa72, 0x13bb, 0x1),
    (0xfa73, 0x13bc, 0x1), (0xfa74, 0x13bd, 0x1), (0xfa75, 0x13be, 0x1), (0xfa76, 0x13bf, 0x1), (0xfa77, 0x13c0, 0x1), (0xfa78, 0x13c1, 0x1),
    (0xfa79, 0x13c2, 0x1), (0xfa7a, 0x13c3, 0x1), (0xfa7b, 0x13c4, 0x1), (0xfa7c, 0x13c5, 0x1), (0xfa7d, 0x13c6, 0x1), (0xfa7e, 0x13c7, 0x1),
    (0xfa7f, 0x13c8, 0x1), (0xfa80, 0x13c9, 0x1), (0xfa81, 0x13ca, 0x1), (0xfa82, 0x13cb, 0x1), (0xfa83, 0x13cc, 0x1), (0xfa84, 0x13cd, 0x1),
    (0xfa85, 0x13ce, 0x1), (0xfa86, 0x13cf, 0x1), (0xfa87, 0x13d0, 0x1), (0xfa88, 0x13d1, 0x1), (0xfa89, 0x13d2, 0x1), (0xfa8a, 0x13d3, 0x1),
    (0xfa8b, 0x13d4, 0x1), (0xfa8c, 0x13d5, 0x1), (0xfa8d, 0x13d6, 0x1), (0xfa8e, 0x13d7, 0x1), (0xfa8f, 0x13d8, 0x1), (0xfa90, 0x13d9, 0x1),
    (0xfa91, 0x13da, 0x1), (0xfa92, 0x13db, 0x1), (0xfa93, 0x13dc, 0x1), (0xfa94, 0x13dd, 0x1), (0xfa95, 0x13de, 0x1), (0xfa96, 0x13df, 0x1),
    (0xfa97, 0x13e0, 0x1), (0xfa98, 0x13e1, 0x1), (0xfa99, 0x13e2, 0x1), (0xfa9a, 0x13e3, 0x1), (0xfa9b, 0x13e4, 0x1), (0xfa9c, 0x13e5, 0x1),
    (0xfa9d, 0x13e6, 0x1), (0xfa9e, 0x13e7, 0x1), (0xfa9f, 0x13e8, 0x1), (0xfaa0, 0x13e9, 0x1), (0xfaa1, 0x13ea, 0x1), (0xfaa2, 0x13eb, 0x1),
    (0xfaa3, 0x13ec, 0x1), (0xfaa4, 0x13ed, 0x1), (0xfaa5, 0x13ee, 0x1), (0xfaa6, 0x13ef, 0x1), (0xfaa7, 0x13f0, 0x1), (0xfaa8, 0x13f1, 0x1),
    (0xfaa9, 0x13f2, 0x1), (0xfaaa, 0x13f3, 0x1), (0xfaab, 0x13f4, 0x1), (0xfaac, 0x13f5, 0x1), (0xfaad, 0x13f6, 0x1), (0xfaae, 0x13f7, 0x1),
    (0xfaaf, 0x13f8, 0x1), (0xfab0, 0x13f9, 0x1), (0xfab1, 0x13fa, 0x1), (0xfab2, 0x13fb, 0x1), (0xfab3, 0x13fc, 0x1), (0xfab4, 0x13fd, 0x1),
    (0xfab5, 0x13fe, 0x1), (0xfab6, 0x13ff, 0x1), (0xfab7, 0x1400, 0x1), (0xfab8, 0x1401, 0x1), (0xfab9, 0x1402, 0x1), (0xfaba, 0x1403, 0x1),
    (0xfabb, 0x1404, 0x1), (0xfabc, 0x1405, 0x1), (0xfabd, 0x1406, 0x1), (0xfabe, 0x1407, 0x1), (0xfabf, 0x1408, 0x1), (0xfac0, 0x1409, 0x1),
    (0xfac1, 0x140a, 0x1), (0xfac2, 0x140b, 0x1), (0xfac3, 0x140c, 0x1), (0xfac4, 0x140d, 0x1), (0xfac5, 0x140e, 0x1), (0xfac6, 0x140f, 0x1),
    (0xfac7, 0x1410, 0x1), (0xfac8, 0x1411, 0x1), (0xfac9, 0x1412, 0x1), (0xfaca, 0x1413, 0x1), (0xfacb, 0x1414, 0x1), (0xfacc, 0x1415, 0x1),
    (0xfacd, 0x1416, 0x1), (0xface, 0x1417, 0x1), (0xfacf, 0x1418, 0x1), (0xfad0, 0x1419, 0x1), (0xfad1, 0x141a, 0x1), (0xfad2, 0x141b, 0x1),
    (0xfad3, 0x141c, 0x1), (0xfad4, 0x141d, 0x1), (0xfad5, 0x141e, 0x1), (0xfad6, 0x141f, 0x1), (0xfad7, 0x1420, 0x1), (0xfad8, 0x1421, 0x1),
    (0xfad9, 0x1422, 0x1), (0xfb00, 0x1423, 0x2), (0xfb01, 0x1425, 0x2), (0xfb02, 0x1427, 0x2), (0xfb03, 0x1429, 0x3), (0xfb04, 0x142c, 0x3),
    (0xfb05, 0x142f, 0x2), (0xfb06, 0x1431, 0x2), (0xfb13, 0x1433, 0x2), (0xfb14, 0x1435, 0x2), (0xfb15, 0x1437, 0x2), (0xfb16, 0x1439, 0x2),
    (0xfb17, 0x143b, 0x2), (0xfb1d, 0x143d, 0x2), (0xfb1f, 0x143f, 0x2), (0xfb20, 0x1441, 0x1), (0xfb21, 0x1442, 0x1), (0xfb22, 0x1443, 0x1),
    (0xfb23, 0x1444, 0x1), (0xfb24, 0x1445, 0x1), (0xfb25, 0x1446, 0x1), (0xfb26, 0x1447, 0x1), (0xfb27, 0x1448, 0x1), (0xfb28, 0x1449, 0x1),
    (0xfb29, 0x144a, 0x1), (0xfb2a, 0x144b, 0x2), (0xfb2b, 0x144d, 0x2), (0xfb2c, 0x144f, 0x3), (0xfb2d, 0x1452, 0x3), (0xfb2e, 0x1455, 0x2),
    (0xfb2f, 0x1457, 0x2), (0xfb30, 0x1459, 0x2), (0xfb31, 0x145b, 0x2), (0xfb32, 0x145d, 0x2), (0xfb33, 0x145f, 0x2), (0xfb34, 0x1461, 0x2),
    (0xfb35, 0x1463, 0x2), (0xfb36, 0x1465, 0x2), (0xfb38, 0x1467, 0x2), (0xfb39, 0x1469, 0x2), (0xfb3a, 0x146b, 0x2), (0xfb3b, 0x146d, 0x2),
    (0xfb3c, 0x146f, 0x2), (0xfb3e, 0x1471, 0x2), (0xfb40, 0x1473, 0x2), (0xfb41, 0x1475, 0x2), (0xfb43, 0x1477, 0x2), (0xfb44, 0x1479, 0x2),
    (0xfb46, 0x147b, 0x2), (0xfb47, 0x147d, 0x2), (0xfb48, 0x147f, 0x2), (0xfb49, 0x1481, 0x2), (0xfb4a, 0x1483, 0x2), (0xfb4b, 0x1485, 0x2),
    (0xfb4c, 0x1487, 0x2), (0xfb4d, 0x1489, 0x2), (0xfb4e, 0x148b, 0x2), (0xfb4f, 0x148d, 0x2), (0xfb50, 0x148f, 0x1), (0xfb51, 0x1490, 0x1),
    (0xfb52, 0x1491, 0x1), (0xfb53, 0x1492, 0x1), (0xfb54, 0x1493, 0x1), (0xfb55, 0x1494, 0x1), (0xfb56, 0x1495, 0x1), (0xfb57, 0x1496, 0x1),
    (0xfb58, 0x1497, 0x1), (0xfb59, 0x1498, 0x1), (0xfb5a, 0x1499, 0x1), (0xfb5b, 0x149a, 0x1), (0xfb5c, 0x149b, 0x1), (0xfb5d, 0x149c, 0x1),
    (0xfb5e, 0x149d, 0x1), (0xfb5f, 0x149e, 0x1), (0xfb60, 0x149f, 0x1), (0xfb61, 0x14a0, 0x1), (0xfb62, 0x14a1, 0x1), (0xfb63, 0x14a2, 0x1),
    (0xfb64, 0x14a3, 0x1), (0xfb65, 0x14a4, 0x1), (0xfb66, 0x14a5, 0x1), (0xfb67, 0x14a6, 0x1), (0xfb68, 0x14a7, 0x1), (0xfb69, 0x14a8, 0x1),
    (0xfb6a, 0x14a9, 0x1), (0xfb6b, 0x14aa, 0x1), (0xfb6c, 0x14ab, 0x1), (0xfb6d, 0x14ac, 0x1), (0xfb6e, 0x14ad, 0x1), (0xfb6f, 0x14ae, 0x1),
    (0xfb70, 0x14af, 0x1), (0xfb71, 0x14b0, 0x1), (0xfb72, 0x14b1, 0x1), (0xfb73, 0x14b2, 0x1), (0xfb74, 0x14b3, 0x1), (0xfb75, 0x14b4, 0x1),
    (0xfb76, 0x14b5, 0x1), (0xfb77, 0x14b6, 0x1), (0xfb78, 0x14b7, 0x1), (0xfb79, 0x14b8, 0x1), (0xfb7a, 0x14b9, 0x1), (0xfb7b, 0x14ba, 0x1),
    (0xfb7c, 0x14bb, 0x1), (0xfb7d, 0x14bc, 0x1), (0xfb7e, 0x14bd, 0x1), (0xfb7f, 0x14be, 0x1), (0xfb80, 0x14bf, 0x1), (0xfb81, 0x14c0, 0x1),
    (0xfb82, 0x14c1, 0x1), (0xfb83, 0x14c2, 0x1), (0xfb84, 0x14c3, 0x1), (0xfb85, 0x14c4, 0x1), (0xfb86, 0x14c5, 0x1), (0xfb87, 0x14c6, 0x1),
    (0xfb88, 0x14c7, 0x1), (0xfb89, 0x14c8, 0x1), (0xfb8a, 0x14c9, 0x1), (0xfb8b, 0x14ca, 0x1), (0xfb8c, 0x14cb, 0x1), (0xfb8d, 0x14cc, 0x1),
    (0xfb8e, 0x14cd, 0x1), (0xfb8f, 0x14ce, 0x1), (0xfb90, 0x14cf, 0x1), (0xfb91, 0x14d0, 0x1), (0xfb92, 0x14d1, 0x1), (0xfb93, 0x14d2, 0x1),
    (0xfb94, 0x14d3, 0x1), (0xfb95, 0x14d4, 0x1), (0xfb96, 0x14d5, 0x1), (0xfb97, 0x14d6, 0x1), (0xfb98, 0x14d7, 0x1), (0xfb99, 0x14d8, 0x1),
    (0xfb9a, 0x14d9, 0x1), (0xfb9b, 0x14da, 0x1), (0xfb9c, 0x14db, 0x1), (0xfb9d, 0x14dc, 0x1), (0xfb9e, 0x14dd, 0x1), (0xfb9f, 0x14de, 0x1),
    (0xfba0, 0x14df, 0x1), (0xfba1, 0x14e0, 0x1), (0xfba2, 0x14e1, 0x1), (0xfba3, 0x14e2, 0x1), (0xfba4, 0x14e3, 0x2), (0xfba5, 0x14e5, 0x2),
    (0xfba6, 0x14e7, 0x1), (0xfba7, 0x14e8, 0x1), (0xfba8, 0x14e9, 0x1), (0xfba9, 0x14ea, 0x1), (0xfbaa, 0x14eb, 0x1), (0xfbab, 0x14ec, 0x1),
    (0xfbac, 0x14ed, 0x1), (0xfbad, 0x14ee, 0x1), (0xfbae, 0x14ef, 0x1), (0xfbaf, 0x14f0, 0x1), (0xfbb0, 0x14f1, 0x2), (0xfbb1, 0x14f3, 0x2),
    (0xfbd3, 0x14f5, 0x1), (0xfbd4, 0x14f6, 0x1), (0xfbd5, 0x14f7, 0x1), (0xfbd6, 0x14f8, 0x1), (0xfbd7, 0x14f9, 0x1), (0xfbd8, 0x14fa, 0x1),
    (0xfbd9, 0x14fb, 0x1), (0xfbda, 0x14fc, 0x1), (0xfbdb, 0x14fd, 0x1), (0xfbdc, 0x14fe, 0x1), (0xfbdd, 0x14ff, 0x2), (0xfbde, 0x1501, 0x1),
    (0xfbdf, 0x1502, 0x1), (0xfbe0, 0x1503, 0x1), (0xfbe1, 0x1504, 0x1), (0xfbe2, 0x1505, 0x1), (0xfbe3, 0x1506, 0x1), (0xfbe4, 0x1507, 0x1),
    (0xfbe5, 0x1508, 0x1), (0xfbe6, 0x1509, 0x1), (0xfbe7, 0x150a, 0x1), (0xfbe8, 0x150b, 0x1), (0xfbe9, 0x150c, 0x1), (0xfbea, 0x150d, 0x3),
    (0xfbeb, 0x1510, 0x3), (0xfbec, 0x1513, 0x3), (0xfbed, 0x1516, 0x3), (0xfbee, 0x1519, 0x3), (0xfbef, 0x151c, 0x3), (0xfbf0, 0x151f, 0x3),
    (0xfbf1, 0x1522, 0x3), (0xfbf2, 0x1525, 0x3), (0xfbf3, 0x1528, 0x3), (0xfbf4, 0x152b, 0x3), (0xfbf5, 0x152e, 0x3), (0xfbf6, 0x1531, 0x3),
    (0xfbf7, 0x1534, 0x3), (0xfbf8, 0x1537, 0x3), (0xfbf9, 0x153a, 0x3), (0xfbfa, 0x153d, 0x3), (0xfbfb, 0x1540, 0x3), (0xfbfc, 0x1543, 0x1),
    (0xfbfd, 0x1544, 0x1), (0xfbfe, 0x1545, 0x1), (0xfbff, 0x1546, 0x1), (0xfc00, 0x1547, 0x3), (0xfc01, 0x154a, 0x3), (0xfc02, 0x154d, 0x3),
    (0xfc03, 0x1550, 0x3), (0xfc04, 0x1553, 0x3), (0xfc05, 0x1556, 0x2), (0xfc06, 0x1558, 0x2), (0xfc07, 0x155a, 0x2), (0xfc08, 0x155c, 0x2),
    (0xfc09, 0x155e, 0x2), (0xfc0a, 0x1560, 0x2), (0xfc0b, 0x1562, 0x2), (0xfc0c, 0x1564, 0x2), (0xfc0d, 0x1566, 0x2), (0xfc0e, 0x1568, 0x2),
    (0xfc0f, 0x156a, 0x2), (0xfc10, 0x156c, 0x2), (0xfc11, 0x156e, 0x2), (0xfc12, 0x1570, 0x2), (0xfc13, 0x1572, 0x2), (0xfc14, 0x1574, 0x2),
    (0xfc15, 0x1576, 0x2), (0xfc16, 0x1578, 0x2), (0xfc17, 0x157a, 0x2), (0xfc18, 0x157c, 0x2), (0xfc19, 0x157e, 0x2), (0xfc1a, 0x1580, 0x2),
    (0xfc1b, 0x1582, 0x2), (0xfc1c, 0x1584, 0x2), (0xfc1d, 0x1586, 0x2), (0xfc1e, 0x1588, 0x2), (0xfc1f, 0x158a, 0x2), (0xfc20, 0x158c, 0x2),
    (0xfc21, 0x158e, 0x2), (0xfc22, 0x1590, 0x2), (0xfc23, 0x1592, 0x2), (0xfc24, 0x1594, 0x2), (0xfc25, 0x1596, 0x2), (0xfc26, 0x1598, 0x2),
    (0xfc27, 0x159a, 0x2), (0xfc28, 0x159c, 0x2), (0xfc29, 0x159e, 0x2), (0xfc2a, 0x15a0, 0x2), (0xfc2b, 0x15a2, 0x2), (0xfc2c, 0x15a4, 0x2),
    (0xfc2d, 0x15a6, 0x2), (0xfc2e, 0x15a8, 0x2), (0xfc2f, 0x15aa, 0x2), (0xfc30, 0x15ac, 0x2), (0xfc31, 0x15ae, 0x2), (0xfc32, 0x15b0, 0x2),
    (0xfc33, 0x15b2, 0x2), (0xfc34, 0x15b4, 0x2), (0xfc35, 0x15b6, 0x2), (0xfc36, 0x15b8, 0x2), (0xfc37, 0x15ba, 0x2), (0xfc38, 0x15bc, 0x2),
    (0xfc39, 0x15be, 0x2), (0xfc3a, 0x15c0, 0x2), (0xfc3b, 0x15c2, 0x2), (0xfc3c, 0x15c4, 0x2), (0xfc3d, 0x15c6, 0x2), (0xfc3e, 0x15c8, 0x2),
    (0xfc3f, 0x15ca, 0x2), (0xfc40, 0x15cc, 0x2), (0xfc41, 0x15ce, 0x2), (0xfc42, 0x15d0, 0x2), (0xfc43, 0x15d2, 0x2), (0xfc44, 0x15d4, 0x2),
    (0xfc45, 0x15d6, 0x2), (0xfc46, 0x15d8, 0x2), (0xfc47, 0x15da, 0x2), (0xfc48, 0x15dc, 0x2), (0xfc49, 0x15de, 0x2), (0xfc4a, 0x15e0, 0x2),
    (0xfc4b, 0x15e2, 0x2), (0xfc4c, 0x15e4, 0x2), (0xfc4d, 0x15e6, 0x2), (0xfc4e, 0x15e8, 0x2), (0xfc4f, 0x15ea, 0x2), (0xfc50, 0x15ec, 0x2),
    (0xfc51, 0x15ee, 0x2), (0xfc52, 0x15f0, 0x2), (0xfc53, 0x15f2, 0x2), (0xfc54, 0x15f4, 0x2), (0xfc55, 0x15f6, 0x2), (0xfc56, 0x15f8, 0x2),
    (0xfc57, 0x15fa, 0x2), (0xfc58, 0x15fc, 0x2), (0xfc59, 0x15fe, 0x2), (0xfc5a, 0x1600, 0x2), (0xfc5b, 0x1602, 0x2), (0xfc5c, 0x1604, 0x2),
    (0xfc5d, 0x1606, 0x2), (0xfc5e, 0x1608, 0x3), (0xfc5f, 0x160b, 0x3), (0xfc60, 0x160e, 0x3), (0xfc61, 0x1611, 0x3), (0xfc62, 0x1614, 0x3),
    (0xfc63, 0x1617, 0x3), (0xfc64, 0x161a, 0x3), (0xfc65, 0x161d, 0x3), (0xfc66, 0x1620, 0x3), (0xfc67, 0x1623, 0x3), (0xfc68, 0x1626, 0x3),
    (0xfc69, 0x1629, 0x3), (0xfc6a, 0x162c, 0x2), (0xfc6b, 0x162e, 0x2), (0xfc6c, 0x1630, 0x2), (0xfc6d, 0x1632, 0x2), (0xfc6e, 0x1634, 0x2),
    (0xfc6f, 0x1636, 0x2), (0xfc70, 0x1638, 0x2), (0xfc71, 0x163a, 0x2), (0xfc72, 0x163c, 0x2), (0xfc73, 0x163e, 0x2), (0xfc74, 0x1640, 0x2),
    (0xfc75, 0x1642, 0x2), (0xfc76, 0x1644, 0x2), (0xfc77, 0x1646, 0x2), (0xfc78, 0x1648, 0x2), (0xfc79, 0x164a, 0x2), (0xfc7a, 0x164c, 0x2),
    (0xfc7b, 0x164e, 0x2), (0xfc7c, 0x1650, 0x2), (0xfc7d, 0x1652, 0x2), (0xfc7e, 0x1654, 0x2), (0xfc7f, 0x1656, 0x2), (0xfc80, 0x1658, 0x2),
    (0xfc81, 0x165a, 0x2), (0xfc82, 0x165c, 0x2), (0xfc83, 0x165e, 0x2), (0xfc84, 0x1660, 0x2), (0xfc85, 0x1662, 0x2), (0xfc86, 0x1664, 0x2),
    (0xfc87, 0x1666, 0x2), (0xfc88, 0x1668, 0x2), (0xfc89, 0x166a, 0x2), (0xfc8a, 0x166c, 0x2), (0xfc8b, 0x166e, 0x2), (0xfc8c, 0x1670, 0x2),
    (0xfc8d, 0x1672, 0x2), (0xfc8e, 0x1674, 0x2), (0xfc8f, 0x1676, 0x2), (0xfc90, 0x1678, 0x2), (0xfc91, 0x167a, 0x2), (0xfc92, 0x167c, 0x2),
    (0xfc93, 0x167e, 0x2), (0xfc94, 0x1680, 0x2), (0xfc95, 0x1682, 0x2), (0xfc96, 0x1684, 0x2), (0xfc97, 0x1686, 0x3), (0xfc98, 0x1689, 0x3),
    (0xfc99, 0x168c, 0x3), (0xfc9a, 0x168f, 0x3), (0xfc9b, 0x1692, 0x3), (0xfc9c, 0x1695, 0x2), (0xfc9d, 0x1697, 0x2), (0xfc9e, 0x1699, 0x2),
    (0xfc9f, 0x169b, 0x2), (0xfca0, 0x169d, 0x2), (0xfca1, 0x169f, 0x2), (0xfca2, 0x16a1, 0x2), (0xfca3, 0x16a3, 0x2), (0xfca4, 0x16a5, 0x2),
    (0xfca5, 0x16a7, 0x2), (0xfca6, 0x16a9, 0x2), (0xfca7, 0x16ab, 0x2), (0xfca8, 0x16ad, 0x2), (0xfca9, 0x16af, 0x2), (0xfcaa, 0x16b1, 0x2),
    (0xfcab, 0x16b3, 0x2), (0xfcac, 0x16b5, 0x2), (0xfcad, 0x16b7, 0x2), (0xfcae, 0x16b9, 0x2), (0xfcaf, 0x16bb, 0x2), (0xfcb0, 0x16bd, 0x2),
    (0xfcb1, 0x16bf, 0x2), (0xfcb2, 0x16c1, 0x2), (0xfcb3, 0x16c3, 0x2), (0xfcb4, 0x16c5, 0x2), (0xfcb5, 0x16c7, 0x2), (0xfcb6, 0x16c9, 0x2),
    (0xfcb7, 0x16cb, 0x2), (0xfcb8, 0x16cd, 0x2), (0xfcb9, 0x16cf, 0x2), (0xfcba, 0x16d1, 0x2), (0xfcbb, 0x16d3, 0x2), (0xfcbc, 0x16d5, 0x2),
    (0xfcbd, 0x16d7, 0x2), (0xfcbe, 0x16d9, 0x2), (0xfcbf, 0x16db, 0x2), (0xfcc0, 0x16dd, 0x2), (0xfcc1, 0x16df, 0x2), (0xfcc2, 0x16e1, 0x2),
    (0xfcc3, 0x16e3, 0x2), (0xfcc4, 0x16e5, 0x2), (0xfcc5, 0x16e7, 0x2), (0xfcc6, 0x16e9, 0x2), (0xfcc7, 0x16eb, 0x2), (0xfcc8, 0x16ed, 0x2),
    (0xfcc9, 0x16ef, 0x2), (0xfcca, 0x16f1, 0x2), (0xfccb, 0x16f3, 0x2), (0xfccc, 0x16f5, 0x2), (0xfccd, 0x16f7, 0x2), (0xfcce, 0x16f9, 0x2),
    (0xfccf, 0x16fb, 0x2), (0xfcd0, 0x16fd, 0x2), (0xfcd1, 0x16ff, 0x2), (0xfcd2, 0x1701, 0x2), (0xfcd3, 0x1703, 0x2), (0xfcd4, 0x1705, 0x2),
    (0xfcd5, 0x1707, 0x2), (0xfcd6, 0x1709, 0x2), (0xfcd7, 0x170b, 0x2), (0xfcd8, 0x170d, 0x2), (0xfcd9, 0x170f, 0x2), (0xfcda, 0x1711, 0x2),
    (0xfcdb, 0x1713, 0x2), (0xfcdc, 0x1715, 0x2), (0xfcdd, 0x1717, 0x2), (0xfcde, 0x1719, 0x2), (0xfcdf, 0x171b, 0x3), (0xfce0, 0x171e, 0x3),
    (0xfce1, 0x1721, 0x2), (0xfce2, 0x1723, 0x2), (0xfce3, 0x1725, 0x2), (0xfce4, 0x1727, 0x2), (0xfce5, 0x1729, 0x2), (0xfce6, 0x172b, 0x2),
    (0xfce7, 0x172d, 0x2), (0xfce8, 0x172f, 0x2), (0xfce9, 0x1731, 0x2), (0xfcea, 0x1733, 0x2), (0xfceb, 0x1735, 0x2), (0xfcec, 0x1737, 0x2),
    (0xfced, 0x1739, 0x2), (0xfcee, 0x173b, 0x2), (0xfcef, 0x173d, 0x2), (0xfcf0, 0x173f, 0x2), (0xfcf1, 0x1741, 0x2), (0xfcf2, 0x1743, 0x3),
    (0xfcf3, 0x1746, 0x3), (0xfcf4, 0x1749, 0x3), (0xfcf5, 0x174c, 0x2), (0xfcf6, 0x174e, 0x2), (0xfcf7, 0x1750, 0x2), (0xfcf8, 0x1752, 0x2),
    (0xfcf9, 0x1754, 0x2), (0xfcfa, 0x1756, 0x2), (0xfcfb, 0x1758, 0x2), (0xfcfc, 0x175a, 0x2), (0xfcfd, 0x175c, 0x2), (0xfcfe, 0x175e, 0x2),
    (0xfcff, 0x1760, 0x2), (0xfd00, 0x1762, 0x2), (0xfd01, 0x1764, 0x2), (0xfd02, 0x1766, 0x2), (0xfd03, 0x1768, 0x2), (0xfd04, 0x176a, 0x2),
    (0xfd05, 0x176c, 0x2), (0xfd06, 0x176e, 0x2), (0xfd07, 0x1770, 0x2), (0xfd08, 0x1772, 0x2), (0xfd09, 0x1774, 0x2), (0xfd0a, 0x1776, 0x2),
    (0xfd0b, 0x1778, 0x2), (0xfd0c, 0x177a, 0x2), (0xfd0d, 0x177c, 0x2), (0xfd0e, 0x177e, 0x2), (0xfd0f, 0x1780, 0x2), (0xfd10, 0x1782, 0x2),
    (0xfd11, 0x1784, 0x2), (0xfd12, 0x1786, 0x2), (0xfd13, 0x1788, 0x2), (0xfd14, 0x178a, 0x2), (0xfd15, 0x178c, 0x2), (0xfd16, 0x178e, 0x2),
    (0xfd17, 0x1790, 0x2), (0xfd18, 0x1792, 0x2), (0xfd19, 0x1794, 0x2), (0xfd1a, 0x1796, 0x2), (0xfd1b, 0x1798, 0x2), (0xfd1c, 0x179a, 0x2),
    (0xfd1d, 0x179c, 0x2), (0xfd1e, 0x179e, 0x2), (0xfd1f, 0x17a0, 0x2), (0xfd20, 0x17a2, 0x2), (0xfd21, 0x17a4, 0x2), (0xfd22, 0x17a6, 0x2),
    (0xfd23, 0x17a8, 0x2), (0xfd24, 0x17aa, 0x2), (0xfd25, 0x17ac, 0x2), (0xfd26, 0x17ae, 0x2), (0xfd27, 0x17b0, 0x2), (0xfd28, 0x17b2, 0x2),
    (0xfd29, 0x17b4, 0x2), (0xfd2a, 0x17b6, 0x2), (0xfd2b, 0x17b8, 0x2), (0xfd2c, 0x17ba, 0x2), (0xfd2d, 0x17bc, 0x2), (0xfd2e, 0x17be, 0x2),
    (0xfd2f, 0x17c0, 0x2), (0xfd30, 0x17c2, 0x2), (0xfd31, 0x17c4, 0x2), (0xfd32, 0x17c6, 0x2), (0xfd33, 0x17c8, 0x2), (0xfd34, 0x17ca, 0x2),
    (0xfd35, 0x17cc, 0x2), (0xfd36, 0x17ce, 0x2), (0xfd37, 0x17d0, 0x2), (0xfd38, 0x17d2, 0x2), (0xfd39, 0x17d4, 0x2), (0xfd3a, 0x17d6, 0x2),
    (0xfd3b, 0x17d8, 0x2), (0xfd3c, 0x17da, 0x2), (0xfd3d, 0x17dc, 0x2), (0xfd50, 0x17de, 0x3), (0xfd51, 0x17e1, 0x3), (0xfd52, 0x17e4, 0x3),
    (0xfd53, 0x17e7, 0x3), (0xfd54, 0x17ea, 0x3), (0xfd55, 0x17ed, 0x3), (0xfd56, 0x17f0, 0x3), (0xfd57, 0x17f3, 0x3), (0xfd58, 0x17f6, 0x3),
    (0xfd59, 0x17f9, 0x3), (0xfd5a, 0x17fc, 0x3), (0xfd5b, 0x17ff, 0x3), (0xfd5c, 0x1802, 0x3), (0xfd5d, 0x1805, 0x3), (0xfd5e, 0x1808, 0x3),
    (0xfd5f, 0x180b, 0x3), (0xfd60, 0x180e, 0x3), (0xfd61, 0x1811, 0x3), (0xfd62, 0x1814, 0x3), (0xfd63, 0x1817, 0x3), (0xfd64, 0x181a, 0x3),
    (0xfd65, 0x181d, 0x3), (0xfd66, 0x1820, 0x3), (0xfd67, 0x1823, 0x3), (0xfd68, 0x1826, 0x3), (0xfd69, 0x1829, 0x3), (0xfd6a, 0x182c, 0x3),
    (0xfd6b, 0x182f, 0x3), (0xfd6c, 0x1832, 0x3), (0xfd6d, 0x1835, 0x3), (0xfd6e, 0x1838, 0x3), (0xfd6f, 0x183b, 0x3), (0xfd70, 0x183e, 0x3),
    (0xfd71, 0x1841, 0x3), (0xfd72, 0x1844, 0x3), (0xfd73, 0x1847, 0x3), (0xfd74, 0x184a, 0x3), (0xfd75, 0x184d, 0x3), (0xfd76, 0x1850, 0x3),
    (0xfd77, 0x1853, 0x3), (0xfd78, 0x1856, 0x3), (0xfd79, 0x1859, 0x3), (0xfd7a, 0x185c, 0x3), (0xfd7b, 0x185f, 0x3), (0xfd7c, 0x1862, 0x3),
    (0xfd7d, 0x1865, 0x3), (0xfd7e, 0x1868, 0x3), (0xfd7f, 0x186b, 0x3), (0xfd80, 0x186e, 0x3), (0xfd81, 0x1871, 0x3), (0xfd82, 0x1874, 0x3),
    (0xfd83, 0x1877, 0x3), (0xfd84, 0x187a, 0x3), (0xfd85, 0x187d, 0x3), (0xfd86, 0x1880, 0x3), (0xfd87, 0x1883, 0x3), (0xfd88, 0x1886, 0x3),
    (0xfd89, 0x1889, 0x3), (0xfd8a, 0x188c, 0x3), (0xfd8b, 0x188f, 0x3), (0xfd8c, 0x1892, 0x3), (0xfd8d, 0x1895, 0x3), (0xfd8e, 0x1898, 0x3),
    (0xfd8f, 0x189b, 0x3), (0xfd92, 0x189e, 0x3), (0xfd93, 0x18a1, 0x3), (0xfd94, 0x18a4, 0x3), (0xfd95, 0x18a7, 0x3), (0xfd96, 0x18aa, 0x3),
    (0xfd97, 0x18ad, 0x3), (0xfd98, 0x18b0, 0x3), (0xfd99, 0x18b3, 0x3), (0xfd9a, 0x18b6, 0x3), (0xfd9b, 0x18b9, 0x3), (0xfd9c, 0x18bc, 0x3),
    (0xfd9d, 0x18bf, 0x3), (0xfd9e, 0x18c2, 0x3), (0xfd9f, 0x18c5, 0x3), (0xfda0, 0x18c8, 0x3), (0xfda1, 0x18cb, 0x3), (0xfda2, 0x18ce, 0x3),
    (0xfda3, 0x18d1, 0x3), (0xfda4, 0x18d4, 0x3), (0xfda5, 0x18d7, 0x3), (0xfda6, 0x18da, 0x3), (0xfda7, 0x18dd, 0x3), (0xfda8, 0x18e0, 0x3),
    (0xfda9, 0x18e3, 0x3), (0xfdaa, 0x18e6, 0x3), (0xfdab, 0x18e9, 0x3), (0xfdac, 0x18ec, 0x3), (0xfdad, 0x18ef, 0x3), (0xfdae, 0x18f2, 0x3),
    (0xfdaf, 0x18f5, 0x3), (0xfdb0, 0x18f8, 0x3), (0xfdb1, 0x18fb, 0x3), (0xfdb2, 0x18fe, 0x3), (0xfdb3, 0x1901, 0x3), (0xfdb4, 0x1904, 0x3),
    (0xfdb5, 0x1907, 0x3), (0xfdb6, 0x190a, 0x3), (0xfdb7, 0x190d, 0x3), (0xfdb8, 0x1910, 0x3), (0xfdb9, 0x1913, 0x3), (0xfdba, 0x1916, 0x3),
    (0xfdbb, 0x1919, 0x3), (0xfdbc, 0x191c, 0x3), (0xfdbd, 0x191f, 0x3), (0xfdbe, 0x1922, 0x3), (0xfdbf, 0x1925, 0x3), (0xfdc0, 0x1928, 0x3),
    (0xfdc1, 0x192b, 0x3), (0xfdc2, 0x192e, 0x3), (0xfdc3, 0x1931, 0x3), (0xfdc4, 0x1934, 0x3), (0xfdc5, 0x1937, 0x3), (0xfdc6, 0x193a, 0x3),
    (0xfdc7, 0x193d, 0x3), (0xfdf0, 0x1940, 0x3), (0xfdf1, 0x1943, 0x3), (0xfdf2, 0x1946, 0x4), (0xfdf3, 0x194a, 0x4), (0xfdf4, 0x194e, 0x4),
    (0xfdf5, 0x1952, 0x4), (0xfdf6, 0x1956, 0x4), (0xfdf7, 0x195a, 0x4), (0xfdf8, 0x195e, 0x4), (0xfdf9, 0x1962, 0x3), (0xfdfa, 0x1965, 0x12),
    (0xfdfb, 0x1977, 0x8), (0xfdfc, 0x197f, 0x4), (0xfe10, 0x1983, 0x1), (0xfe11, 0x1984, 0x1), (0xfe12, 0x1985, 0x1), (0xfe13, 0x1986, 0x1),
    (0xfe14, 0x1987, 0x1), (0xfe15, 0x1988, 0x1), (0xfe16, 0x1989, 0x1), (0xfe17, 0x198a, 0x1), (0xfe18, 0x198b, 0x1), (0xfe19, 0x198c, 0x3),
    (0xfe30, 0x198f, 0x2), (0xfe31, 0x1991, 0x1), (0xfe32, 0x1992, 0x1), (0xfe33, 0x1993, 0x1), (0xfe34, 0x1994, 0x1), (0xfe35, 0x1995, 0x1),
    (0xfe36, 0x1996, 0x1), (0xfe37, 0x1997, 0x1), (0xfe38, 0x1998, 0x1), (0xfe39, 0x1999, 0x1), (0xfe3a, 0x199a, 0x1), (0xfe3b, 0x199b, 0x1),
    (0xfe3c, 0x199c, 0x1), (0xfe3d, 0x199d, 0x1), (0xfe3e, 0x199e, 0x1), (0xfe3f, 0x199f, 0x1), (0xfe40, 0x19a0, 0x1), (0xfe41, 0x19a1, 0x1),
    (0xfe42, 0x19a2, 0x1), (0xfe43, 0x19a3, 0x1), (0xfe44, 0x19a4, 0x1), (0xfe47, 0x19a5, 0x1), (0xfe48, 0x19a6, 0x1), (0xfe49, 0x19a7, 0x2),
    (0xfe4a, 0x19a9, 0x2), (0xfe4b, 0x19ab, 0x2), (0xfe4c, 0x19ad, 0x2), (0xfe4d, 0x19af, 0x1), (0xfe4e, 0x19b0, 0x1), (0xfe4f, 0x19b1, 0x1),
    (0xfe50, 0x19b2, 0x1), (0xfe51, 0x19b3, 0x1), (0xfe52, 0x19b4, 0x1), (0xfe54, 0x19b5, 0x1), (0xfe55, 0x19b6, 0x1), (0xfe56, 0x19b7, 0x1),
    (0xfe57, 0x19b8, 0x1), (0xfe58, 0x19b9, 0x1), (0xfe59, 0x19ba, 0x1), (0xfe5a, 0x19bb, 0x1), (0xfe5b, 0x19bc, 0x1), (0xfe5c, 0x19bd, 0x1),
    (0xfe5d, 0x19be, 0x1), (0xfe5e, 0x19bf, 0x1), (0xfe5f, 0x19c0, 0x1), (0xfe60, 0x19c1, 0x1), (0xfe61, 0x19c2, 0x1), (0xfe62, 0x19c3, 0x1),
    (0xfe63, 0x19c4, 0x1), (0xfe64, 0x19c5, 0x1), (0xfe65, 0x19c6, 0x1), (0xfe66, 0x19c7, 0x1), (0xfe68, 0x19c8, 0x1), (0xfe69, 0x19c9, 0x1),
    (0xfe6a, 0x19ca, 0x1), (0xfe6b, 0x19cb, 0x1), (0xfe70, 0x19cc, 0x2), (0xfe71, 0x19ce, 0x2), (0xfe72, 0x19d0, 0x2), (0xfe74, 0x19d2, 0x2),
    (0xfe76, 0x19d4, 0x2), (0xfe77, 0x19d6, 0x2), (0xfe78, 0x19d8, 0x2), (0xfe79, 0x19da, 0x2), (0xfe7a, 0x19dc, 0x2), (0xfe7b, 0x19de, 0x2),
    (0xfe7c, 0x19e0, 0x2), (0xfe7d, 0x19e2, 0x2), (0xfe7e, 0x19e4, 0x2), (0xfe7f, 0x19e6, 0x2), (0xfe80, 0x19e8, 0x1), (0xfe81, 0x19e9, 0x2),
    (0xfe82, 0x19eb, 0x2), (0xfe83, 0x19ed, 0x2), (0xfe84, 0x19ef, 0x2), (0xfe85, 0x19f1, 0x2), (0xfe86, 0x19f3, 0x2), (0xfe87, 0x19f5, 0x2),
    (0xfe88, 0x19f7, 0x2), (0xfe89, 0x19f9, 0x2), (0xfe8a, 0x19fb, 0x2), (0xfe8b, 0x19fd, 0x2), (0xfe8c, 0x19ff, 0x2), (0xfe8d, 0x1a01, 0x1),
    (0xfe8e, 0x1a02, 0x1), (0xfe8f, 0x1a03, 0x1), (0xfe90, 0x1a04, 0x1), (0xfe91, 0x1a05, 0x1), (0xfe92, 0x1a06, 0x1), (0xfe93, 0x1a07, 0x1),
    (0xfe94, 0x1a08, 0x1), (0xfe95, 0x1a09, 0x1), (0xfe96, 0x1a0a, 0x1), (0xfe97, 0x1a0b, 0x1), (0xfe98, 0x1a0c, 0x1), (0xfe99, 0x1a0d, 0x1),
    (0xfe9a, 0x1a0e, 0x1), (0xfe9b, 0x1a0f, 0x1), (0xfe9c, 0x1a10, 0x1), (0xfe9d, 0x1a11, 0x1), (0xfe9e, 0x1a12, 0x1), (0xfe9f, 0x1a13, 0x1),
    (0xfea0, 0x1a14, 0x1), (0xfea1, 0x1a15, 0x1), (0xfea2, 0x1a16, 0x1), (0xfea3, 0x1a17, 0x1), (0xfea4, 0x1a18, 0x1), (0xfea5, 0x1a19, 0x1),
    (0xfea6, 0x1a1a, 0x1), (0xfea7, 0x1a1b, 0x1), (0xfea8, 0x1a1c, 0x1), (0xfea9, 0x1a1d, 0x1), (0xfeaa, 0x1a1e, 0x1), (0xfeab, 0x1a1f, 0x1),
    (0xfeac, 0x1a20, 0x1), (0xfead, 0x1a21, 0x1), (0xfeae, 0x1a22, 0x1), (0xfeaf, 0x1a23, 0x1), (0xfeb0, 0x1a24, 0x1), (0xfeb1, 0x1a25, 0x1),
    (0xfeb2, 0x1a26, 0x1), (0xfeb3, 0x1a27, 0x1), (0xfeb4, 0x1a28, 0x1), (0xfeb5, 0x1a29, 0x1), (0xfeb6, 0x1a2a, 0x1), (0xfeb7, 0x1a2b, 0x1),
    (0xfeb8, 0x1a2c, 0x1), (0xfeb9, 0x1a2d, 0x1), (0xfeba, 0x1a2e, 0x1), (0xfebb, 0x1a2f, 0x1), (0xfebc, 0x1a30, 0x1), (0xfebd, 0x1a31, 0x1),
    (0xfebe, 0x1a32, 0x1), (0xfebf, 0x1a33, 0x1), (0xfec0, 0x1a34, 0x1), (0xfec1, 0x1a35, 0x1), (0xfec2, 0x1a36, 0x1), (0xfec3, 0x1a37, 0x1),
    (0xfec4, 0x1a38, 0x1), (0xfec5, 0x1a39, 0x1), (0xfec6, 0x1a3a, 0x1), (0xfec7, 0x1a3b, 0x1), (0xfec8, 0x1a3c, 0x1), (0xfec9, 0x1a3d, 0x1),
    (0xfeca, 0x1a3e, 0x1), (0xfecb, 0x1a3f, 0x1), (0xfecc, 0x1a40, 0x1), (0xfecd, 0x1a41, 0x1), (0xfece, 0x1a42, 0x1), (0xfecf, 0x1a43, 0x1),
    (0xfed0, 0x1a44, 0x1), (0xfed1, 0x1a45, 0x1), (0xfed2, 0x1a46, 0x1), (0xfed3, 0x1a47, 0x1), (0xfed4, 0x1a48, 0x1), (0xfed5, 0x1a49, 0x1),
    (0xfed6, 0x1a4a, 0x1), (0xfed7, 0x1a4b, 0x1), (0xfed8, 0x1a4c, 0x1), (0xfed9, 0x1a4d, 0x1), (0xfeda, 0x1a4e, 0x1), (0xfedb, 0x1a4f, 0x1),
    (0xfedc, 0x1a50, 0x1), (0xfedd, 0x1a51, 0x1), (0xfede, 0x1a52, 0x1), (0xfedf, 0x1a53, 0x1), (0xfee0, 0x1a54, 0x1), (0xfee1, 0x1a55, 0x1),
    (0xfee2, 0x1a56, 0x1), (0xfee3, 0x1a57, 0x1), (0xfee4, 0x1a58, 0x1), (0xfee5, 0x1a59, 0x1), (0xfee6, 0x1a5a, 0x1), (0xfee7, 0x1a5b, 0x1),
    (0xfee8, 0x1a5c, 0x1), (0xfee9, 0x1a5d, 0x1), (0xfeea, 0x1a5e, 0x1), (0xfeeb, 0x1a5f, 0x1), (0xfeec, 0x1a60, 0x1), (0xfeed, 0x1a61, 0x1),
    (0xfeee, 0x1a62, 0x1), (0xfeef, 0x1a63, 0x1), (0xfef0, 0x1a64, 0x1), (0xfef1, 0x1a65, 0x1), (0xfef2, 0x1a66, 0x1), (0xfef3, 0x1a67, 0x1),
    (0xfef4, 0x1a68, 0x1), (0xfef5, 0x1a69, 0x3), (0xfef6, 0x1a6c, 0x3), (0xfef7, 0x1a6f, 0x3), (0xfef8, 0x1a72, 0x3), (0xfef9, 0x1a75, 0x3),
    (0xfefa, 0x1a78, 0x3), (0xfefb, 0x1a7b, 0x2), (0xfefc, 0x1a7d, 0x2), (0xff01, 0x1a7f, 0x1), (0xff02, 0x1a80, 0x1), (0xff03, 0x1a81, 0x1),
    (0xff04, 0x1a82, 0x1), (0xff05, 0x1a83, 0x1), (0xff06, 0x1a84, 0x1), (0xff07, 0x1a85, 0x1), (0xff08, 0x1a86, 0x1), (0xff09, 0x1a87, 0x1),
    (0xff0a, 0x1a88, 0x1), (0xff0b, 0x1a89, 0x1), (0xff0c, 0x1a8a, 0x1), (0xff0d, 0x1a8b, 0x1), (0xff0e, 0x1a8c, 0x1), (0xff0f, 0x1a8d, 0x1),
    (0xff10, 0x1a8e, 0x1), (0xff11, 0x1a8f, 0x1), (0xff12, 0x1a90, 0x1), (0xff13, 0x1a91, 0x1), (0xff14, 0x1a92, 0x1), (0xff15, 0x1a93, 0x1),
    (0xff16, 0x1a94, 0x1), (0xff17, 0x1a95, 0x1), (0xff18, 0x1a96, 0x1), (0xff19, 0x1a97, 0x1), (0xff1a, 0x1a98, 0x1), (0xff1b, 0x1a99, 0x1),
    (0xff1c, 0x1a9a, 0x1), (0xff1d, 0x1a9b, 0x1), (0xff1e, 0x1a9c, 0x1), (0xff1f, 0x1a9d, 0x1), (0xff20, 0x1a9e, 0x1), (0xff21, 0x1a9f, 0x1),
    (0xff22, 0x1aa0, 0x1), (0xff23, 0x1aa1, 0x1), (0xff24, 0x1aa2, 0x1), (0xff25, 0x1aa3, 0x1), (0xff26, 0x1aa4, 0x1), (0xff27, 0x1aa5, 0x1),
    (0xff28, 0x1aa6, 0x1), (0xff29, 0x1aa7, 0x1), (0xff2a, 0x1aa8, 0x1), (0xff2b, 0x1aa9, 0x1), (0xff2c, 0x1aaa, 0x1), (0xff2d, 0x1aab, 0x1),
    (0xff2e, 0x1aac, 0x1), (0xff2f, 0x1aad, 0x1), (0xff30, 0x1aae, 0x1), (0xff31, 0x1aaf, 0x1), (0xff32, 0x1ab0, 0x1), (0xff33, 0x1ab1, 0x1),
    (0xff34, 0x1ab2, 0x1), (0xff35, 0x1ab3, 0x1), (0xff36, 0x1ab4, 0x1), (0xff37, 0x1ab5, 0x1), (0xff38, 0x1ab6, 0x1), (0xff39, 0x1ab7, 0x1),
    (0xff3a, 0x1ab8, 0x1), (0xff3b, 0x1ab9, 0x1), (0xff3c, 0x1aba, 0x1), (0xff3d, 0x1abb, 0x1), (0xff3e, 0x1abc, 0x1), (0xff3f, 0x1abd, 0x1),
    (0xff40, 0x1abe, 0x1), (0xff41, 0x1abf, 0x1), (0xff42, 0x1ac0, 0x1), (0xff43, 0x1ac1, 0x1), (0xff44, 0x1ac2, 0x1), (0xff45, 0x1ac3, 0x1),
    (0xff46, 0x1ac4, 0x1), (0xff47, 0x1ac5, 0x1), (0xff48, 0x1ac6, 0x1), (0xff49, 0x1ac7, 0x1), (0xff4a, 0x1ac8, 0x1), (0xff4b, 0x1ac9, 0x1),
    (0xff4c, 0x1aca, 0x1), (0xff4d, 0x1acb, 0x1), (0xff4e, 0x1acc, 0x1), (0xff4f, 0x1acd, 0x1), (0xff50, 0x1ace, 0x1), (0xff51, 0x1acf, 0x1),
    (0xff52, 0x1ad0, 0x1), (0xff53, 0x1ad1, 0x1), (0xff54, 0x1ad2, 0x1), (0xff55, 0x1ad3, 0x1), (0xff56, 0x1ad4, 0x1), (0xff57, 0x1ad5, 0x1),
    (0xff58, 0x1ad6, 0x1), (0xff59, 0x1ad7, 0x1), (0xff5a, 0x1ad8, 0x1), (0xff5b, 0x1ad9, 0x1), (0xff5c, 0x1ada, 0x1), (0xff5d, 0x1adb, 0x1),
    (0xff5e, 0x1adc, 0x1), (0xff5f, 0x1add, 0x1), (0xff60, 0x1ade, 0x1), (0xff61, 0x1adf, 0x1), (0xff62, 0x1ae0, 0x1), (0xff63, 0x1ae1, 0x1),
    (0xff64, 0x1ae2, 0x1), (0xff65, 0x1ae3, 0x1), (0xff66, 0x1ae4, 0x1), (0xff67, 0x1ae5, 0x1), (0xff68, 0x1ae6, 0x1), (0xff69, 0x1ae7, 0x1),
    (0xff6a, 0x1ae8, 0x1), (0xff6b, 0x1ae9, 0x1), (0xff6c, 0x1aea, 0x1), (0xff6d, 0x1aeb, 0x1), (0xff6e, 0x1aec, 0x1), (0xff6f, 0x1aed, 0x1),
    (0xff70, 0x1aee, 0x1), (0xff71, 0x1aef, 0x1), (0xff72, 0x1af0, 0x1), (0xff73, 0x1af1, 0x1), (0xff74, 0x1af2, 0x1), (0xff75, 0x1af3, 0x1),
    (0xff76, 0x1af4, 0x1), (0xff77, 0x1af5, 0x1), (0xff78, 0x1af6, 0x1), (0xff79, 0x1af7, 0x1), (0xff7a, 0x1af8, 0x1), (0xff7b, 0x1af9, 0x1),
    (0xff7c, 0x1afa, 0x1), (0xff7d, 0x1afb, 0x1), (0xff7e, 0x1afc, 0x1), (0xff7f, 0x1afd, 0x1), (0xff80, 0x1afe, 0x1), (0xff81, 0x1aff, 0x1),
    (0xff82, 0x1b00, 0x1), (0xff83, 0x1b01, 0x1), (0xff84, 0x1b02, 0x1), (0xff85, 0x1b03, 0x1), (0xff86, 0x1b04, 0x1), (0xff87, 0x1b05, 0x1),
    (0xff88, 0x1b06, 0x1), (0xff89, 0x1b07, 0x1), (0xff8a, 0x1b08, 0x1), (0xff8b, 0x1b09, 0x1), (0xff8c, 0x1b0a, 0x1), (0xff8d, 0x1b0b, 0x1),
    (0xff8e, 0x1b0c, 0x1), (0xff8f, 0x1b0d, 0x1), (0xff90, 0x1b0e, 0x1), (0xff91, 0x1b0f, 0x1), (0xff92, 0x1b10, 0x1), (0xff93, 0x1b11, 0x1),
    (0xff94, 0x1b12, 0x1), (0xff95, 0x1b13, 0x1), (0xff96, 0x1b14, 0x1), (0xff97, 0x1b15, 0x1), (0xff98, 0x1b16, 0x1), (0xff99, 0x1b17, 0x1),
    (0xff9a, 0x1b18, 0x1), (0xff9b, 0x1b19, 0x1), (0xff9c, 0x1b1a, 0x1), (0xff9d, 0x1b1b, 0x1), (0xff9e, 0x1b1c, 0x1), (0xff9f, 0x1b1d, 0x1),
    (0xffa0, 0x1b1e, 0x1), (0xffa1, 0x1b1f, 0x1), (0xffa2, 0x1b20, 0x1), (0xffa3, 0x1b21, 0x1), (0xffa4, 0x1b22, 0x1), (0xffa5, 0x1b23, 0x1),
    (0xffa6, 0x1b24, 0x1), (0xffa7, 0x1b25, 0x1), (0xffa8, 0x1b26, 0x1), (0xffa9, 0x1b27, 0x1), (0xffaa, 0x1b28, 0x1), (0xffab, 0x1b29, 0x1),
    (0xffac, 0x1b2a, 0x1), (0xffad, 0x1b2b, 0x1), (0xffae, 0x1b2c, 0x1), (0xffaf, 0x1b2d, 0x1), (0xffb0, 0x1b2e, 0x1), (0xffb1, 0x1b2f, 0x1),
    (0xffb2, 0x1b30, 0x1), (0xffb3, 0x1b31, 0x1), (0xffb4, 0x1b32, 0x1), (0xffb5, 0x1b33, 0x1), (0xffb6, 0x1b34, 0x1), (0xffb7, 0x1b35, 0x1),
    (0xffb8, 0x1b36, 0x1), (0xffb9, 0x1b37, 0x1), (0xffba, 0x1b38, 0x1), (0xffbb, 0x1b39, 0x1), (0xffbc, 0x1b3a, 0x1), (0xffbd, 0x1b3b, 0x1),
    (0xffbe, 0x1b3c, 0x1), (0xffc2, 0x1b3d, 0x1), (0xffc3, 0x1b3e, 0x1), (0xffc4, 0x1b3f, 0x1), (0xffc5, 0x1b40, 0x1), (0xffc6, 0x1b41, 0x1),
    (0xffc7, 0x1b42, 0x1), (0xffca, 0x1b43, 0x1), (0xffcb, 0x1b44, 0x1), (0xffcc, 0x1b45, 0x1), (0xffcd, 0x1b46, 0x1), (0xffce, 0x1b47, 0x1),
    (0xffcf, 0x1b48, 0x1), (0xffd2, 0x1b49, 0x1), (0xffd3, 0x1b4a, 0x1), (0xffd4, 0x1b4b, 0x1), (0xffd5, 0x1b4c, 0x1), (0xffd6, 0x1b4d, 0x1),
    (0xffd7, 0x1b4e, 0x1), (0xffda, 0x1b4f, 0x1), (0xffdb, 0x1b50, 0x1), (0xffdc, 0x1b51, 0x1), (0xffe0, 0x1b52, 0x1), (0xffe1, 0x1b53, 0x1),
    (0xffe2, 0x1b54, 0x1), (0xffe3, 0x1b55, 0x2), (0xffe4, 0x1b57, 0x1), (0xffe5, 0x1b58, 0x1), (0xffe6, 0x1b59, 0x1), (0xffe8, 0x1b5a, 0x1),
    (0xffe9, 0x1b5b, 0x1), (0xffea, 0x1b5c, 0x1), (0xffeb, 0x1b5d, 0x1), (0xffec, 0x1b5e, 0x1), (0xffed, 0x1b5f, 0x1), (0xffee, 0x1b60, 0x1),
    (0x10781, 0x1b61, 0x1), (0x10782, 0x1b62, 0x1), (0x10783, 0x1b63, 0x1), (0x10784, 0x1b64, 0x1), (0x10785, 0x1b65, 0x1), (0x10787, 0x1b66, 0x1),
    (0x10788, 0x1b67, 0x1), (0x10789, 0x1b68, 0x1), (0x1078a, 0x1b69, 0x1), (0x1078b, 0x1b6a, 0x1), (0x1078c, 0x1b6b, 0x1), (0x1078d, 0x1b6c, 0x1),
    (0x1078e, 0x1b6d, 0x1), (0x1078f, 0x1b6e, 0x1), (0x10790, 0x1b6f, 0x1), (0x10791, 0x1b70, 0x1), (0x10792, 0x1b71, 0x1), (0x10793, 0x1b72, 0x1),
    (0x10794, 0x1b73, 0x1), (0x10795, 0x1b74, 0x1), (0x10796, 0x1b75, 0x1), (0x10797, 0x1b76, 0x1), (0x10798, 0x1b77, 0x1), (0x10799, 0x1b78, 0x1),
    (0x1079a, 0x1b79, 0x1), (0x1079b, 0x1b7a, 0x1), (0x1079c, 0x1b7b, 0x1), (0x1079d, 0x1b7c, 0x1), (0x1079e, 0x1b7d, 0x1), (0x1079f, 0x1b7e, 0x1),
    (0x107a0, 0x1b7f, 0x1), (0x107a1, 0x1b80, 0x1), (0x107a2, 0x1b81, 0x1), (0x107a3, 0x1b82, 0x1), (0x107a4, 0x1b83, 0x1), (0x107a5, 0x1b84, 0x1),
    (0x107a6, 0x1b85, 0x1), (0x107a7, 0x1b86, 0x1), (0x107a8, 0x1b87, 0x1), (0x107a9, 0x1b88, 0x1), (0x107aa, 0x1b89, 0x1), (0x107ab, 0x1b8a, 0x1),
    (0x107ac, 0x1b8b, 0x1), (0x107ad, 0x1b8c, 0x1), (0x107ae, 0x1b8d, 0x1), (0x107af, 0x1b8e, 0x1), (0x107b0, 0x1b8f, 0x1), (0x107b2, 0x1b90, 0x1),
    (0x107b3, 0x1b91, 0x1), (0x107b4, 0x1b92, 0x1), (0x107b5, 0x1b93, 0x1), (0x107b6, 0x1b94, 0x1), (0x107b7, 0x1b95, 0x1), (0x107b8, 0x1b96, 0x1),
    (0x107b9, 0x1b97, 0x1), (0x107ba, 0x1b98, 0x1), (0x1109a, 0x1b99, 0x2), (0x1109c, 0x1b9b, 0x2), (0x110ab, 0x1b9d, 0x2), (0x1112e, 0x1b9f, 0x2),
    (0x1112f, 0x1ba1, 0x2), (0x1134b, 0x1ba3, 0x2), (0x1134c, 0x1ba5, 0x2), (0x114bb, 0x1ba7, 0x2), (0x114bc, 0x1ba9, 0x2), (0x114be, 0x1bab, 0x2),
    (0x115ba, 0x1bad, 0x2), (0x115bb, 0x1baf, 0x2), (0x11938, 0x1bb1, 0x2), (0x1d15e, 0x1bb3, 0x2), (0x1d15f, 0x1bb5, 0x2), (0x1d160, 0x1bb7, 0x3),
    (0x1d161, 0x1bba, 0x3), (0x1d162, 0x1bbd, 0x3), (0x1d163, 0x1bc0, 0x3), (0x1d164, 0x1bc3, 0x3), (0x1d1bb, 0x1bc6, 0x2), (0x1d1bc, 0x1bc8, 0x2),
    (0x1d1bd, 0x1bca, 0x3), (0x1d1be, 0x1bcd, 0x3), (0x1d1bf, 0x1bd0, 0x3), (0x1d1c0, 0x1bd3, 0x3), (0x1d400, 0x1bd6, 0x1), (0x1d401, 0x1bd7, 0x1),
    (0x1d402, 0x1bd8, 0x1), (0x1d403, 0x1bd9, 0x1), (0x1d404, 0x1bda, 0x1), (0x1d405, 0x1bdb, 0x1), (0x1d406, 0x1bdc, 0x1), (0x1d407, 0x1bdd, 0x1),
    (0x1d408, 0x1bde, 0x1), (0x1d409, 0x1bdf, 0x1), (0x1d40a, 0x1be0, 0x1), (0x1d40b, 0x1be1, 0x1), (0x1d40c, 0x1be2, 0x1), (0x1d40d, 0x1be3, 0x1),
    (0x1d40e, 0x1be4, 0x1), (0x1d40f, 0x1be5, 0x1), (0x1d410, 0x1be6, 0x1), (0x1d411, 0x1be7, 0x1), (0x1d412, 0x1be8, 0x1), (0x1d413, 0x1be9, 0x1),
    (0x1d414, 0x1bea, 0x1), (0x1d415, 0x1beb, 0x1), (0x1d416, 0x1bec, 0x1), (0x1d417, 0x1bed, 0x1), (0x1d418, 0x1bee, 0x1), (0x1d419, 0x1bef, 0x1),
    (0x1d41a, 0x1bf0, 0x1), (0x1d41b, 0x1bf1, 0x1), (0x1d41c, 0x1bf2, 0x1), (0x1d41d, 0x1bf3, 0x1), (0x1d41e, 0x1bf4, 0x1), (0x1d41f, 0x1bf5, 0x1),
    (0x1d420, 0x1bf6, 0x1), (0x1d421, 0x1bf7, 0x1), (0x1d422, 0x1bf8, 0x1), (0x1d423, 0x1bf9, 0x1), (0x1d424, 0x1bfa, 0x1), (0x1d425, 0x1bfb, 0x1),
    (0x1d426, 0x1bfc, 0x1), (0x1d427, 0x1bfd, 0x1), (0x1d428, 0x1bfe, 0x1), (0x1d429, 0x1bff, 0x1), (0x1d42a, 0x1c00, 0x1), (0x1d42b, 0x1c01, 0x1),
    (0x1d42c, 0x1c02, 0x1), (0x1d42d, 0x1c03, 0x1), (0x1d42e, 0x1c04, 0x1), (0x1d42f, 0x1c05, 0x1), (0x1d430, 0x1c06, 0x1), (0x1d431, 0x1c07, 0x1),
    (0x1d432, 0x1c08, 0x1), (0x1d433, 0x1c09, 0x1), (0x1d434, 0x1c0a, 0x1), (0x1d435, 0x1c0b, 0x1), (0x1d436, 0x1c0c, 0x1), (0x1d437, 0x1c0d, 0x1),
    (0x1d438, 0x1c0e, 0x1), (0x1d439, 0x1c0f, 0x1), (0x1d43a, 0x1c10, 0x1), (0x1d43b, 0x1c11, 0x1), (0x1d43c, 0x1c12, 0x1), (0x1d43d, 0x1c13, 0x1),
    (0x1d43e, 0x1c14, 0x1), (0x1d43f, 0x1c15, 0x1), (0x1d440, 0x1c16, 0x1), (0x1d441, 0x1c17, 0x1), (0x1d442, 0x1c18, 0x1), (0x1d443, 0x1c19, 0x1),
    (0x1d444, 0x1c1a, 0x1), (0x1d445, 0x1c1b, 0x1), (0x1d446, 0x1c1c, 0x1), (0x1d447, 0x1c1d, 0x1), (0x1d448, 0x1c1e, 0x1), (0x1d449, 0x1c1f, 0x1),
    (0x1d44a, 0x1c20, 0x1), (0x1d44b, 0x1c21, 0x1), (0x1d44c, 0x1c22, 0x1), (0x1d44d, 0x1c23, 0x1), (0x1d44e, 0x1c24, 0x1), (0x1d44f, 0x1c25, 0x1),
    (0x1d450, 0x1c26, 0x1), (0x1d451, 0x1c27, 0x1), (0x1d452, 0x1c28, 0x1), (0x1d453, 0x1c29, 0x1), (0x1d454, 0x1c2a, 0x1), (0x1d456, 0x1c2b, 0x1),
    (0x1d457, 0x1c2c, 0x1), (0x1d458, 0x1c2d, 0x1), (0x1d459, 0x1c2e, 0x1), (0x1d45a, 0x1c2f, 0x1), (0x1d45b, 0x1c30, 0x1), (0x1d45c, 0x1c31, 0x1),
    (0x1d45d, 0x1c32, 0x1), (0x1d45e, 0x1c33, 0x1), (0x1d45f, 0x1c34, 0x1), (0x1d460, 0x1c35, 0x1), (0x1d461, 0x1c36, 0x1), (0x1d462, 0x1c37, 0x1),
    (0x1d463, 0x1c38, 0x1), (0x1d464, 0x1c39, 0x1), (0x1d465, 0x1c3a, 0x1), (0x1d466, 0x1c3b, 0x1), (0x1d467, 0x1c3c, 0x1), (0x1d468, 0x1c3d, 0x1),
    (0x1d469, 0x1c3e, 0x1), (0x1d46a, 0x1c3f, 0x1), (0x1d46b, 0x1c40, 0x1), (0x1d46c, 0x1c41, 0x1), (0x1d46d, 0x1c42, 0x1), (0x1d46e, 0x1c43, 0x1),
    (0x1d46f, 0x1c44, 0x1), (0x1d470, 0x1c45, 0x1), (0x1d471, 0x1c46, 0x1), (0x1d472, 0x1c47, 0x1), (0x1d473, 0x1c48, 0x1), (0x1d474, 0x1c49, 0x1),
    (0x1d475, 0x1c4a, 0x1), (0x1d476, 0x1c4b, 0x1), (0x1d477, 0x1c4c, 0x1), (0x1d478, 0x1c4d, 0x1), (0x1d479, 0x1c4e, 0x1), (0x1d47a, 0x1c4f, 0x1),
    (0x1d47b, 0x1c50, 0x1), (0x1d47c, 0x1c51, 0x1), (0x1d47d, 0x1c52, 0x1), (0x1d47e, 0x1c53, 0x1), (0x1d47f, 0x1c54, 0x1), (0x1d480, 0x1c55, 0x1),
    (0x1d481, 0x1c56, 0x1), (0x1d482, 0x1c57, 0x1), (0x1d483, 0x1c58, 0x1), (0x1d484, 0x1c59, 0x1), (0x1d485, 0x1c5a, 0x1), (0x1d486, 0x1c5b, 0x1),
    (0x1d487, 0x1c5c, 0x1), (0x1d488, 0x1c5d, 0x1), (0x1d489, 0x1c5e, 0x1), (0x1d48a, 0x1c5f, 0x1), (0x1d48b, 0x1c60, 0x1), (0x1d48c, 0x1c61, 0x1),
    (0x1d48d, 0x1c62, 0x1), (0x1d48e, 0x1c63, 0x1), (0x1d48f, 0x1c64, 0x1), (0x1d490, 0x1c65, 0x1), (0x1d491, 0x1c66, 0x1), (0x1d492, 0x1c67, 0x1),
    (0x1d493, 0x1c68, 0x1), (0x1d494, 0x1c69, 0x1), (0x1d495, 0x1c6a, 0x1), (0x1d496, 0x1c6b, 0x1), (0x1d497, 0x1c6c, 0x1), (0x1d498, 0x1c6d, 0x1),
    (0x1d499, 0x1c6e, 0x1), (0x1d49a, 0x1c6f, 0x1), (0x1d49b, 0x1c70, 0x1), (0x1d49c, 0x1c71, 0x1), (0x1d49e, 0x1c72, 0x1), (0x1d49f, 0x1c73, 0x1),
    (0x1d4a2, 0x1c74, 0x1), (0x1d4a5, 0x1c75, 0x1), (0x1d4a6, 0x1c76, 0x1), (0x1d4a9, 0x1c77, 0x1), (0x1d4aa, 0x1c78, 0x1), (0x1d4ab, 0x1c79, 0x1),
    (0x1d4ac, 0x1c7a, 0x1), (0x1d4ae, 0x1c7b, 0x1), (0x1d4af, 0x1c7c, 0x1), (0x1d4b0, 0x1c7d, 0x1), (0x1d4b1, 0x1c7e, 0x1), (0x1d4b2, 0x1c7f, 0x1),
    (0x1d4b3, 0x1c80, 0x1), (0x1d4b4, 0x1c81, 0x1), (0x1d4b5, 0x1c82, 0x1), (0x1d4b6, 0x1c83, 0x1), (0x1d4b7, 0x1c84, 0x1), (0x1d4b8, 0x1c85, 0x1),
    (0x1d4b9, 0x1c86, 0x1), (0x1d4bb, 0x1c87, 0x1), (0x1d4bd, 0x1c88, 0x1), (0x1d4be, 0x1c89, 0x1), (0x1d4bf, 0x1c8a, 0x1), (0x1d4c0, 0x1c8b, 0x1),
    (0x1d4c1, 0x1c8c, 0x1), (0x1d4c2, 0x1c8d, 0x1), (0x1d4c3, 0x1c8e, 0x1), (0x1d4c5, 0x1c8f, 0x1), (0x1d4c6, 0x1c90, 0x1), (0x1d4c7, 0x1c91, 0x1),
    (0x1d4c8, 0x1c92, 0x1), (0x1d4c9, 0x1c93, 0x1), (0x1d4ca, 0x1c94, 0x1), (0x1d4cb, 0x1c95, 0x1), (0x1d4cc, 0x1c96, 0x1), (0x1d4cd, 0x1c97, 0x1),
    (0x1d4ce, 0x1c98, 0x1), (0x1d4cf, 0x1c99, 0x1), (0x1d4d0, 0x1c9a, 0x1), (0x1d4d1, 0x1c9b, 0x1), (0x1d4d2, 0x1c9c, 0x1), (0x1d4d3, 0x1c9d, 0x1),
    (0x1d4d4, 0x1c9e, 0x1), (0x1d4d5, 0x1c9f, 0x1), (0x1d4d6, 0x1ca0, 0x1), (0x1d4d7, 0x1ca1, 0x1), (0x1d4d8, 0x1ca2, 0x1), (0x1d4d9, 0x1ca3, 0x1),
    (0x1d4da, 0x1ca4, 0x1), (0x1d4db, 0x1ca5, 0x1), (0x1d4dc, 0x1ca6, 0x1), (0x1d4dd, 0x1ca7, 0x1), (0x1d4de, 0x1ca8, 0x1), (0x1d4df, 0x1ca9, 0x1),
    (0x1d4e0, 0x1caa, 0x1), (0x1d4e1, 0x1cab, 0x1), (0x1d4e2, 0x1cac, 0x1), (0x1d4e3, 0x1cad, 0x1), (0x1d4e4, 0x1cae, 0x1), (0x1d4e5, 0x1caf, 0x1),
    (0x1d4e6, 0x1cb0, 0x1), (0x1d4e7, 0x1cb1, 0x1), (0x1d4e8, 0x1cb2, 0x1), (0x1d4e9, 0x1cb3, 0x1), (0x1d4ea, 0x1cb4, 0x1), (0x1d4eb, 0x1cb5, 0x1),
    (0x1d4ec, 0x1cb6, 0x1), (0x1d4ed, 0x1cb7, 0x1), (0x1d4ee, 0x1cb8, 0x1), (0x1d4ef, 0x1cb9, 0x1), (0x1d4f0, 0x1cba, 0x1), (0x1d4f1, 0x1cbb, 0x1),
    (0x1d4f2, 0x1cbc, 0x1), (0x1d4f3, 0x1cbd, 0x1), (0x1d4f4, 0x1cbe, 0x1), (0x1d4f5, 0x1cbf, 0x1), (0x1d4f6, 0x1cc0, 0x1), (0x1d4f7, 0x1cc1, 0x1),
    (0x1d4f8, 0x1cc2, 0x1), (0x1d4f9, 0x1cc3, 0x1), (0x1d4fa, 0x1cc4, 0x1), (0x1d4fb, 0x1cc5, 0x1), (0x1d4fc, 0x1cc6, 0x1), (0x1d4fd, 0x1cc7, 0x1),
    (0x1d4fe, 0x1cc8, 0x1), (0x1d4ff, 0x1cc9, 0x1), (0x1d500, 0x1cca, 0x1), (0x1d501, 0x1ccb, 0x1), (0x1d502, 0x1ccc, 0x1), (0x1d503, 0x1ccd, 0x1),
    (0x1d504, 0x1cce, 0x1), (0x1d505, 0x1ccf, 0x1), (0x1d507, 0x1cd0, 0x1), (0x1d508, 0x1cd1, 0x1), (0x1d509, 0x1cd2, 0x1), (0x1d50a, 0x1cd3, 0x1),
    (0x1d50d, 0x1cd4, 0x1), (0x1d50e, 0x1cd5, 0x1), (0x1d50f, 0x1cd6, 0x1), (0x1d510, 0x1cd7, 0x1), (0x1d511, 0x1cd8, 0x1), (0x1d512, 0x1cd9, 0x1),
    (0x1d513, 0x1cda, 0x1), (0x1d514, 0x1cdb, 0x1), (0x1d516, 0x1cdc, 0x1), (0x1d517, 0x1cdd, 0x1), (0x1d518, 0x1cde, 0x1), (0x1d519, 0x1cdf, 0x1),
    (0x1d51a, 0x1ce0, 0x1), (0x1d51b, 0x1ce1, 0x1), (0x1d51c, 0x1ce2, 0x1), (0x1d51e, 0x1ce3, 0x1), (0x1d51f, 0x1ce4, 0x1), (0x1d520, 0x1ce5, 0x1),
    (0x1d521, 0x1ce6, 0x1), (0x1d522, 0x1ce7, 0x1), (0x1d523, 0x1ce8, 0x1), (0x1d524, 0x1ce9, 0x1), (0x1d525, 0x1cea, 0x1), (0x1d526, 0x1ceb, 0x1),
    (0x1d527, 0x1cec, 0x1), (0x1d528, 0x1ced, 0x1), (0x1d529, 0x1cee, 0x1), (0x1d52a, 0x1cef, 0x1), (0x1d52b, 0x1cf0, 0x1), (0x1d52c, 0x1cf1, 0x1),
    (0x1d52d, 0x1cf2, 0x1), (0x1d52e, 0x1cf3, 0x1), (0x1d52f, 0x1cf4, 0x1), (0x1d530, 0x1cf5, 0x1), (0x1d531, 0x1cf6, 0x1), (0x1d532, 0x1cf7, 0x1),
    (0x1d533, 0x1cf8, 0x1), (0x1d534, 0x1cf9, 0x1), (0x1d535, 0x1cfa, 0x1), (0x1d536, 0x1cfb, 0x1), (0x1d537, 0x1cfc, 0x1), (0x1d538, 0x1cfd, 0x1),
    (0x1d539, 0x1cfe, 0x1), (0x1d53b, 0x1cff, 0x1), (0x1d53c, 0x1d00, 0x1), (0x1d53d, 0x1d01, 0x1), (0x1d53e, 0x1d02, 0x1), (0x1d540, 0x1d03, 0x1),
    (0x1d541, 0x1d04, 0x1), (0x1d542, 0x1d05, 0x1), (0x1d543, 0x1d06, 0x1), (0x1d544, 0x1d07, 0x1), (0x1d546, 0x1d08, 0x1), (0x1d54a, 0x1d09, 0x1),
    (0x1d54b, 0x1d0a, 0x1), (0x1d54c, 0x1d0b, 0x1), (0x1d54d, 0x1d0c, 0x1), (0x1d54e, 0x1d0d, 0x1), (0x1d54f, 0x1d0e, 0x1), (0x1d550, 0x1d0f, 0x1),
    (0x1d552, 0x1d10, 0x1), (0x1d553, 0x1d11, 0x1), (0x1d554, 0x1d12, 0x1), (0x1d555, 0x1d13, 0x1), (0x1d556, 0x1d14, 0x1), (0x1d557, 0x1d15, 0x1),
    (0x1d558, 0x1d16, 0x1), (0x1d559, 0x1d17, 0x1), (0x1d55a, 0x1d18, 0x1), (0x1d55b, 0x1d19, 0x1), (0x1d55c, 0x1d1a, 0x1), (0x1d55d, 0x1d1b, 0x1),
    (0x1d55e, 0x1d1c, 0x1), (0x1d55f, 0x1d1d, 0x1), (0x1d560, 0x1d1e, 0x1), (0x1d561, 0x1d1f, 0x1), (0x1d562, 0x1d20, 0x1), (0x1d563, 0x1d21, 0x1),
    (0x1d564, 0x1d22, 0x1), (0x1d565, 0x1d23, 0x1), (0x1d566, 0x1d24, 0x1), (0x1d567, 0x1d25, 0x1), (0x1d568, 0x1d26, 0x1), (0x1d569, 0x1d27, 0x1),
    (0x1d56a, 0x1d28, 0x1), (0x1d56b, 0x1d29, 0x1), (0x1d56c, 0x1d2a, 0x1), (0x1d56d, 0x1d2b, 0x1), (0x1d56e, 0x1d2c, 0x1), (0x1d56f, 0x1d2d, 0x1),
    (0x1d570, 0x1d2e, 0x1), (0x1d571, 0x1d2f, 0x1), (0x1d572, 0x1d30, 0x1), (0x1d573, 0x1d31, 0x1), (0x1d574, 0x1d32, 0x1), (0x1d575, 0x1d33, 0x1),
    (0x1d576, 0x1d34, 0x1), (0x1d577, 0x1d35, 0x1), (0x1d578, 0x1d36, 0x1), (0x1d579, 0x1d37, 0x1), (0x1d57a, 0x1d38, 0x1), (0x1d57b, 0x1d39, 0x1),
    (0x1d57c, 0x1d3a, 0x1), (0x1d57d, 0x1d3b, 0x1), (0x1d57e, 0x1d3c, 0x1), (0x1d57f, 0x1d3d, 0x1), (0x1d580, 0x1d3e, 0x1), (0x1d581, 0x1d3f, 0x1),
    (0x1d582, 0x1d40, 0x1), (0x1d583, 0x1d41, 0x1), (0x1d584, 0x1d42, 0x1), (0x1d585, 0x1d43, 0x1), (0x1d586, 0x1d44, 0x1), (0x1d587, 0x1d45, 0x1),
    (0x1d588, 0x1d46, 0x1), (0x1d589, 0x1d47, 0x1), (0x1d58a, 0x1d48, 0x1), (0x1d58b, 0x1d49, 0x1), (0x1d58c, 0x1d4a, 0x1), (0x1d58d, 0x1d4b, 0x1),
    (0x1d58e, 0x1d4c, 0x1), (0x1d58f, 0x1d4d, 0x1), (0x1d590, 0x1d4e, 0x1), (0x1d591, 0x1d4f, 0x1), (0x1d592, 0x1d50, 0x1), (0x1d593, 0x1d51, 0x1),
    (0x1d594, 0x1d52, 0x1), (0x1d595, 0x1d53, 0x1), (0x1d596, 0x1d54, 0x1), (0x1d597, 0x1d55, 0x1), (0x1d598, 0x1d56, 0x1), (0x1d599, 0x1d57, 0x1),
    (0x1d59a, 0x1d58, 0x1), (0x1d59b, 0x1d59, 0x1), (0x1d59c, 0x1d5a, 0x1), (0x1d59d, 0x1d5b, 0x1), (0x1d59e, 0x1d5c, 0x1), (0x1d59f, 0x1d5d, 0x1),
    (0x1d5a0, 0x1d5e, 0x1), (0x1d5a1, 0x1d5f, 0x1), (0x1d5a2, 0x1d60, 0x1), (0x1d5a3, 0x1d61, 0x1), (0x1d5a4, 0x1d62, 0x1), (0x1d5a5, 0x1d63, 0x1),
    (0x1d5a6, 0x1d64, 0x1), (0x1d5a7, 0x1d65, 0x1), (0x1d5a8, 0x1d66, 0x1), (0x1d5a9, 0x1d67, 0x1), (0x1d5aa, 0x1d68, 0x1), (0x1d5ab, 0x1d69, 0x1),
    (0x1d5ac, 0x1d6a, 0x1), (0x1d5ad, 0x1d6b, 0x1), (0x1d5ae, 0x1d6c, 0x1), (0x1d5af, 0x1d6d, 0x1), (0x1d5b0, 0x1d6e, 0x1), (0x1d5b1, 0x1d6f, 0x1),
    (0x1d5b2, 0x1d70, 0x1), (0x1d5b3, 0x1d71, 0x1), (0x1d5b4, 0x1d72, 0x1), (0x1d5b5, 0x1d73, 0x1), (0x1d5b6, 0x1d74, 0x1), (0x1d5b7, 0x1d75, 0x1),
    (0x1d5b8, 0x1d76, 0x1), (0x1d5b9, 0x1d77, 0x1), (0x1d5ba, 0x1d78, 0x1), (0x1d5bb, 0x1d79, 0x1), (0x1d5bc, 0x1d7a, 0x1), (0x1d5bd, 0x1d7b, 0x1),
    (0x1d5be, 0x1d7c, 0x1), (0x1d5bf, 0x1d7d, 0x1), (0x1d5c0, 0x1d7e, 0x1), (0x1d5c1, 0x1d7f, 0x1), (0x1d5c2, 0x1d80, 0x1), (0x1d5c3, 0x1d81, 0x1),
    (0x1d5c4, 0x1d82, 0x1), (0x1d5c5, 0x1d83, 0x1), (0x1d5c6, 0x1d84, 0x1), (0x1d5c7, 0x1d85, 0x1), (0x1d5c8, 0x1d86, 0x1), (0x1d5c9, 0x1d87, 0x1),
    (0x1d5ca, 0x1d88, 0x1), (0x1d5cb, 0x1d89, 0x1), (0x1d5cc, 0x1d8a, 0x1), (0x1d5cd, 0x1d8b, 0x1), (0x1d5ce, 0x1d8c, 0x1), (0x1d5cf, 0x1d8d, 0x1),
    (0x1d5d0, 0x1d8e, 0x1), (0x1d5d1, 0x1d8f, 0x1), (0x1d5d2, 0x1d90, 0x1), (0x1d5d3, 0x1d91, 0x1), (0x1d5d4, 0x1d92, 0x1), (0x1d5d5, 0x1d93, 0x1),
    (0x1d5d6, 0x1d94, 0x1), (0x1d5d7, 0x1d95, 0x1), (0x1d5d8, 0x1d96, 0x1), (0x1d5d9, 0x1d97, 0x1), (0x1d5da, 0x1d98, 0x1), (0x1d5db, 0x1d99, 0x1),
    (0x1d5dc, 0x1d9a, 0x1), (0x1d5dd, 0x1d9b, 0x1), (0x1d5de, 0x1d9c, 0x1), (0x1d5df, 0x1d9d, 0x1), (0x1d5e0, 0x1d9e, 0x1), (0x1d5e1, 0x1d9f, 0x1),
    (0x1d5e2, 0x1da0, 0x1), (0x1d5e3, 0x1da1, 0x1), (0x1d5e4, 0x1da2, 0x1), (0x1d5e5, 0x1da3, 0x1), (0x1d5e6, 0x1da4, 0x1), (0x1d5e7, 0x1da5, 0x1),
    (0x1d5e8, 0x1da6, 0x1), (0x1d5e9, 0x1da7, 0x1), (0x1d5ea, 0x1da8, 0x1), (0x1d5eb, 0x1da9, 0x1), (0x1d5ec, 0x1daa, 0x1), (0x1d5ed, 0x1dab, 0x1),
    (0x1d5ee, 0x1dac, 0x1), (0x1d5ef, 0x1dad, 0x1), (0x1d5f0, 0x1dae, 0x1), (0x1d5f1, 0x1daf, 0x1), (0x1d5f2, 0x1db0, 0x1), (0x1d5f3, 0x1db1, 0x1),
    (0x1d5f4, 0x1db2, 0x1), (0x1d5f5, 0x1db3, 0x1), (0x1d5f6, 0x1db4, 0x1), (0x1d5f7, 0x1db5, 0x1), (0x1d5f8, 0x1db6, 0x1), (0x1d5f9, 0x1db7, 0x1),
    (0x1d5fa, 0x1db8, 0x1), (0x1d5fb, 0x1db9, 0x1), (0x1d5fc, 0x1dba, 0x1), (0x1d5fd, 0x1dbb, 0x1), (0x1d5fe, 0x1dbc, 0x1), (0x1d5ff, 0x1dbd, 0x1),
    (0x1d600, 0x1dbe, 0x1), (0x1d601, 0x1dbf, 0x1), (0x1d602, 0x1dc0, 0x1), (0x1d603, 0x1dc1, 0x1), (0x1d604, 0x1dc2, 0x1), (0x1d605, 0x1dc3, 0x1),
    (0x1d606, 0x1dc4, 0x1), (0x1d607, 0x1dc5, 0x1), (0x1d608, 0x1dc6, 0x1), (0x1d609, 0x1dc7, 0x1), (0x1d60a, 0x1dc8, 0x1), (0x1d60b, 0x1dc9, 0x1),
    (0x1d60c, 0x1dca, 0x1), (0x1d60d, 0x1dcb, 0x1), (0x1d60e, 0x1dcc, 0x1), (0x1d60f, 0x1dcd, 0x1), (0x1d610, 0x1dce, 0x1), (0x1d611, 0x1dcf, 0x1),
    (0x1d612, 0x1dd0, 0x1), (0x1d613, 0x1dd1, 0x1), (0x1d614, 0x1dd2, 0x1), (0x1d615, 0x1dd3, 0x1), (0x1d616, 0x1dd4, 0x1), (0x1d617, 0x1dd5, 0x1),
    (0x1d618, 0x1dd6, 0x1), (0x1d619, 0x1dd7, 0x1), (0x1d61a, 0x1dd8, 0x1), (0x1d61b, 0x1dd9, 0x1), (0x1d61c, 0x1dda, 0x1), (0x1d61d, 0x1ddb, 0x1),
    (0x1d61e, 0x1ddc, 0x1), (0x1d61f, 0x1ddd, 0x1), (0x1d620, 0x1dde, 0x1), (0x1d621, 0x1ddf, 0x1), (0x1d622, 0x1de0, 0x1), (0x1d623, 0x1de1, 0x1),
    (0x1d624, 0x1de2, 0x1), (0x1d625, 0x1de3, 0x1), (0x1d626, 0x1de4, 0x1), (0x1d627, 0x1de5, 0x1), (0x1d628, 0x1de6, 0x1), (0x1d629, 0x1de7, 0x1),
    (0x1d62a, 0x1de8, 0x1), (0x1d62b, 0x1de9, 0x1), (0x1d62c, 0x1dea, 0x1), (0x1d62d, 0x1deb, 0x1), (0x1d62e, 0x1dec, 0x1), (0x1d62f, 0x1ded, 0x1),
    (0x1d630, 0x1dee, 0x1), (0x1d631, 0x1def, 0x1), (0x1d632, 0x1df0, 0x1), (0x1d633, 0x1df1, 0x1), (0x1d634, 0x1df2, 0x1), (0x1d635, 0x1df3, 0x1),
    (0x1d636, 0x1df4, 0x1), (0x1d637, 0x1df5, 0x1), (0x1d638, 0x1df6, 0x1), (0x1d639, 0x1df7, 0x1), (0x1d63a, 0x1df8, 0x1), (0x1d63b, 0x1df9, 0x1),
    (0x1d63c, 0x1dfa, 0x1), (0x1d63d, 0x1dfb, 0x1), (0x1d63e, 0x1dfc, 0x1), (0x1d63f, 0x1dfd, 0x1), (0x1d640, 0x1dfe, 0x1), (0x1d641, 0x1dff, 0x1),
    (0x1d642, 0x1e00, 0x1), (0x1d643, 0x1e01, 0x1), (0x1d644, 0x1e02, 0x1), (0x1d645, 0x1e03, 0x1), (0x1d646, 0x1e04, 0x1), (0x1d647, 0x1e05, 0x1),
    (0x1d648, 0x1e06, 0x1), (0x1d649, 0x1e07, 0x1), (0x1d64a, 0x1e08, 0x1), (0x1d64b, 0x1e09, 0x1), (0x1d64c, 0x1e0a, 0x1), (0x1d64d, 0x1e0b, 0x1),
    (0x1d64e, 0x1e0c, 0x1), (0x1d64f, 0x1e0d, 0x1), (0x1d650, 0x1e0e, 0x1), (0x1d651, 0x1e0f, 0x1), (0x1d652, 0x1e10, 0x1), (0x1d653, 0x1e11, 0x1),
    (0x1d654, 0x1e12, 0x1), (0x1d655, 0x1e13, 0x1), (0x1d656, 0x1e14, 0x1), (0x1d657, 0x1e15, 0x1), (0x1d658, 0x1e16, 0x1), (0x1d659, 0x1e17, 0x1),
    (0x1d65a, 0x1e18, 0x1), (0x1d65b, 0x1e19, 0x1), (0x1d65c, 0x1e1a, 0x1), (0x1d65d, 0x1e1b, 0x1), (0x1d65e, 0x1e1c, 0x1), (0x1d65f, 0x1e1d, 0x1),
    (0x1d660, 0x1e1e, 0x1), (0x1d661, 0x1e1f, 0x1), (0x1d662, 0x1e20, 0x1), (0x1d663, 0x1e21, 0x1), (0x1d664, 0x1e22, 0x1), (0x1d665, 0x1e23, 0x1),
    (0x1d666, 0x1e24, 0x1), (0x1d667, 0x1e25, 0x1), (0x1d668, 0x1e26, 0x1), (0x1d669, 0x1e27, 0x1), (0x1d66a, 0x1e28, 0x1), (0x1d66b, 0x1e29, 0x1),
    (0x1d66c, 0x1e2a, 0x1), (0x1d66d, 0x1e2b, 0x1), (0x1d66e, 0x1e2c, 0x1), (0x1d66f, 0x1e2d, 0x1), (0x1d670, 0x1e2e, 0x1), (0x1d671, 0x1e2f, 0x1),
    (0x1d672, 0x1e30, 0x1), (0x1d673, 0x1e31, 0x1), (0x1d674, 0x1e32, 0x1), (0x1d675, 0x1e33, 0x1), (0x1d676, 0x1e34, 0x1), (0x1d677, 0x1e35, 0x1),
    (0x1d678, 0x1e36, 0x1), (0x1d679, 0x1e37, 0x1), (0x1d67a, 0x1e38, 0x1), (0x1d67b, 0x1e39, 0x1), (0x1d67c, 0x1e3a, 0x1), (0x1d67d, 0x1e3b, 0x1),
    (0x1d67e, 0x1e3c, 0x1), (0x1d67f, 0x1e3d, 0x1), (0x1d680, 0x1e3e, 0x1), (0x1d681, 0x1e3f, 0x1), (0x1d682, 0x1e40, 0x1), (0x1d683, 0x1e41, 0x1),
    (0x1d684, 0x1e42, 0x1), (0x1d685, 0x1e43, 0x1), (0x1d686, 0x1e44, 0x1), (0x1d687, 0x1e45, 0x1), (0x1d688, 0x1e46, 0x1), (0x1d689, 0x1e47, 0x1),
    (0x1d68a, 0x1e48, 0x1), (0x1d68b, 0x1e49, 0x1), (0x1d68c, 0x1e4a, 0x1), (0x1d68d, 0x1e4b, 0x1), (0x1d68e, 0x1e4c, 0x1), (0x1d68f, 0x1e4d, 0x1),
    (0x1d690, 0x1e4e, 0x1), (0x1d691, 0x1e4f, 0x1), (0x1d692, 0x1e50, 0x1), (0x1d693, 0x1e51, 0x1), (0x1d694, 0x1e52, 0x1), (0x1d695, 0x1e53, 0x1),
    (0x1d696, 0x1e54, 0x1), (0x1d697, 0x1e55, 0x1), (0x1d698, 0x1e56, 0x1), (0x1d699, 0x1e57, 0x1), (0x1d69a, 0x1e58, 0x1), (0x1d69b, 0x1e59, 0x1),
    (0x1d69c, 0x1e5a, 0x1), (0x1d69d, 0x1e5b, 0x1), (0x1d69e, 0x1e5c, 0x1), (0x1d69f, 0x1e5d, 0x1), (0x1d6a0, 0x1e5e, 0x1), (0x1d6a1, 0x1e5f, 0x1),
    (0x1d6a2, 0x1e60, 0x1), (0x1d6a3, 0x1e61, 0x1), (0x1d6a4, 0x1e62, 0x1), (0x1d6a5, 0x1e63, 0x1), (0x1d6a8, 0x1e64, 0x1), (0x1d6a9, 0x1e65, 0x1),
    (0x1d6aa, 0x1e66, 0x1), (0x1d6ab, 0x1e67, 0x1), (0x1d6ac, 0x1e68, 0x1), (0x1d6ad, 0x1e69, 0x1), (0x1d6ae, 0x1e6a, 0x1), (0x1d6af, 0x1e6b, 0x1),
    (0x1d6b0, 0x1e6c, 0x1), (0x1d6b1, 0x1e6d, 0x1), (0x1d6b2, 0x1e6e, 0x1), (0x1d6b3, 0x1e6f, 0x1), (0x1d6b4, 0x1e70, 0x1), (0x1d6b5, 0x1e71, 0x1),
    (0x1d6b6, 0x1e72, 0x1), (0x1d6b7, 0x1e73, 0x1), (0x1d6b8, 0x1e74, 0x1), (0x1d6b9, 0x1e75, 0x1), (0x1d6ba, 0x1e76, 0x1), (0x1d6bb, 0x1e77, 0x1),
    (0x1d6bc, 0x1e78, 0x1), (0x1d6bd, 0x1e79, 0x1), (0x1d6be, 0x1e7a, 0x1), (0x1d6bf, 0x1e7b, 0x1), (0x1d6c0, 0x1e7c, 0x1), (0x1d6c1, 0x1e7d, 0x1),
    (0x1d6c2, 0x1e7e, 0x1), (0x1d6c3, 0x1e7f, 0x1), (0x1d6c4, 0x1e80, 0x1), (0x1d6c5, 0x1e81, 0x1), (0x1d6c6, 0x1e82, 0x1), (0x1d6c7, 0x1e83, 0x1),
    (0x1d6c8, 0x1e84, 0x1), (0x1d6c9, 0x1e85, 0x1), (0x1d6ca, 0x1e86, 0x1), (0x1d6cb, 0x1e87, 0x1), (0x1d6cc, 0x1e88, 0x1), (0x1d6cd, 0x1e89, 0x1),
    (0x1d6ce, 0x1e8a, 0x1), (0x1d6cf, 0x1e8b, 0x1), (0x1d6d0, 0x1e8c, 0x1), (0x1d6d1, 0x1e8d, 0x1), (0x1d6d2, 0x1e8e, 0x1), (0x1d6d3, 0x1e8f, 0x1),
    (0x1d6d4, 0x1e90, 0x1), (0x1d6d5, 0x1e91, 0x1), (0x1d6d6, 0x1e92, 0x1), (0x1d6d7, 0x1e93, 0x1), (0x1d6d8, 0x1e94, 0x1), (0x1d6d9, 0x1e95, 0x1),
    (0x1d6da, 0x1e96, 0x1), (0x1d6db, 0x1e97, 0x1), (0x1d6dc, 0x1e98, 0x1), (0x1d6dd, 0x1e99, 0x1), (0x1d6de, 0x1e9a, 0x1), (0x1d6df, 0x1e9b, 0x1),
    (0x1d6e0, 0x1e9c, 0x1), (0x1d6e1, 0x1e9d, 0x1), (0x1d6e2, 0x1e9e, 0x1), (0x1d6e3, 0x1e9f, 0x1), (0x1d6e4, 0x1ea0, 0x1), (0x1d6e5, 0x1ea1, 0x1),
    (0x1d6e6, 0x1ea2, 0x1), (0x1d6e7, 0x1ea3, 0x1), (0x1d6e8, 0x1ea4, 0x1), (0x1d6e9, 0x1ea5, 0x1), (0x1d6ea, 0x1ea6, 0x1), (0x1d6eb, 0x1ea7, 0x1),
    (0x1d6ec, 0x1ea8, 0x1), (0x1d6ed, 0x1ea9, 0x1), (0x1d6ee, 0x1eaa, 0x1), (0x1d6ef, 0x1eab, 0x1), (0x1d6f0, 0x1eac, 0x1), (0x1d6f1, 0x1ead, 0x1),
    (0x1d6f2, 0x1eae, 0x1), (0x1d6f3, 0x1eaf, 0x1), (0x1d6f4, 0x1eb0, 0x1), (0x1d6f5, 0x1eb1, 0x1), (0x1d6f6, 0x1eb2, 0x1), (0x1d6f7, 0x1eb3, 0x1),
    (0x1d6f8, 0x1eb4, 0x1), (0x1d6f9, 0x1eb5, 0x1), (0x1d6fa, 0x1eb6, 0x1), (0x1d6fb, 0x1eb7, 0x1), (0x1d6fc, 0x1eb8, 0x1), (0x1d6fd, 0x1eb9, 0x1),
    (0x1d6fe, 0x1eba, 0x1), (0x1d6ff, 0x1ebb, 0x1), (0x1d700, 0x1ebc, 0x1), (0x1d701, 0x1ebd, 0x1), (0x1d702, 0x1ebe, 0x1), (0x1d703, 0x1ebf, 0x1),
    (0x1d704, 0x1ec0, 0x1), (0x1d705, 0x1ec1, 0x1), (0x1d706, 0x1ec2, 0x1), (0x1d707, 0x1ec3, 0x1), (0x1d708, 0x1ec4, 0x1), (0x1d709, 0x1ec5, 0x1),
    (0x1d70a, 0x1ec6, 0x1), (0x1d70b, 0x1ec7, 0x1), (0x1d70c, 0x1ec8, 0x1), (0x1d70d, 0x1ec9, 0x1), (0x1d70e, 0x1eca, 0x1), (0x1d70f, 0x1ecb, 0x1),
    (0x1d710, 0x1ecc, 0x1), (0x1d711, 0x1ecd, 0x1), (0x1d712, 0x1ece, 0x1), (0x1d713, 0x1ecf, 0x1), (0x1d714, 0x1ed0, 0x1), (0x1d715, 0x1ed1, 0x1),
    (0x1d716, 0x1ed2, 0x1), (0x1d717, 0x1ed3, 0x1), (0x1d718, 0x1ed4, 0x1), (0x1d719, 0x1ed5, 0x1), (0x1d71a, 0x1ed6, 0x1), (0x1d71b, 0x1ed7, 0x1),
    (0x1d71c, 0x1ed8, 0x1), (0x1d71d, 0x1ed9, 0x1), (0x1d71e, 0x1eda, 0x1), (0x1d71f, 0x1edb, 0x1), (0x1d720, 0x1edc, 0x1), (0x1d721, 0x1edd, 0x1),
    (0x1d722, 0x1ede, 0x1), (0x1d723, 0x1edf, 0x1), (0x1d724, 0x1ee0, 0x1), (0x1d725, 0x1ee1, 0x1), (0x1d726, 0x1ee2, 0x1), (0x1d727, 0x1ee3, 0x1),
    (0x1d728, 0x1ee4, 0x1), (0x1d729, 0x1ee5, 0x1), (0x1d72a, 0x1ee6, 0x1), (0x1d72b, 0x1ee7, 0x1), (0x1d72c, 0x1ee8, 0x1), (0x1d72d, 0x1ee9, 0x1),
    (0x1d72e, 0x1eea, 0x1), (0x1d72f, 0x1eeb, 0x1), (0x1d730, 0x1eec, 0x1), (0x1d731, 0x1eed, 0x1), (0x1d732, 0x1eee, 0x1), (0x1d733, 0x1eef, 0x1),
    (0x1d734, 0x1ef0, 0x1), (0x1d735, 0x1ef1, 0x1), (0x1d736, 0x1ef2, 0x1), (0x1d737, 0x1ef3, 0x1), (0x1d738, 0x1ef4, 0x1), (0x1d739, 0x1ef5, 0x1),
    (0x1d73a, 0x1ef6, 0x1), (0x1d73b, 0x1ef7, 0x1), (0x1d73c, 0x1ef8, 0x1), (0x1d73d, 0x1ef9, 0x1), (0x1d73e, 0x1efa, 0x1), (0x1d73f, 0x1efb, 0x1),
    (0x1d740, 0x1efc, 0x1), (0x1d741, 0x1efd, 0x1), (0x1d742, 0x1efe, 0x1), (0x1d743, 0x1eff, 0x1), (0x1d744, 0x1f00, 0x1), (0x1d745, 0x1f01, 0x1),
    (0x1d746, 0x1f02, 0x1), (0x1d747, 0x1f03, 0x1), (0x1d748, 0x1f04, 0x1), (0x1d749, 0x1f05, 0x1), (0x1d74a, 0x1f06, 0x1), (0x1d74b, 0x1f07, 0x1),
    (0x1d74c, 0x1f08, 0x1), (0x1d74d, 0x1f09, 0x1), (0x1d74e, 0x1f0a, 0x1), (0x1d74f, 0x1f0b, 0x1), (0x1d750, 0x1f0c, 0x1), (0x1d751, 0x1f0d, 0x1),
    (0x1d752, 0x1f0e, 0x1), (0x1d753, 0x1f0f, 0x1), (0x1d754, 0x1f10, 0x1), (0x1d755, 0x1f11, 0x1), (0x1d756, 0x1f12, 0x1), (0x1d757, 0x1f13, 0x1),
    (0x1d758, 0x1f14, 0x1), (0x1d759, 0x1f15, 0x1), (0x1d75a, 0x1f16, 0x1), (0x1d75b, 0x1f17, 0x1), (0x1d75c, 0x1f18, 0x1), (0x1d75d, 0x1f19, 0x1),
    (0x1d75e, 0x1f1a, 0x1), (0x1d75f, 0x1f1b, 0x1), (0x1d760, 0x1f1c, 0x1), (0x1d761, 0x1f1d, 0x1), (0x1d762, 0x1f1e, 0x1), (0x1d763, 0x1f1f, 0x1),
    (0x1d764, 0x1f20, 0x1), (0x1d765, 0x1f21, 0x1), (0x1d766, 0x1f22, 0x1), (0x1d767, 0x1f23, 0x1), (0x1d768, 0x1f24, 0x1), (0x1d769, 0x1f25, 0x1),
    (0x1d76a, 0x1f26, 0x1), (0x1d76b, 0x1f27, 0x1), (0x1d76c, 0x1f28, 0x1), (0x1d76d, 0x1f29, 0x1), (0x1d76e, 0x1f2a, 0x1), (0x1d76f, 0x1f2b, 0x1),
    (0x1d770, 0x1f2c, 0x1), (0x1d771, 0x1f2d, 0x1), (0x1d772, 0x1f2e, 0x1), (0x1d773, 0x1f2f, 0x1), (0x1d774, 0x1f30, 0x1), (0x1d775, 0x1f31, 0x1),
    (0x1d776, 0x1f32, 0x1), (0x1d777, 0x1f33, 0x1), (0x1d778, 0x1f34, 0x1), (0x1d779, 0x1f35, 0x1), (0x1d77a, 0x1f36, 0x1), (0x1d77b, 0x1f37, 0x1),
    (0x1d77c, 0x1f38, 0x1), (0x1d77d, 0x1f39, 0x1), (0x1d77e, 0x1f3a, 0x1), (0x1d77f, 0x1f3b, 0x1), (0x1d780, 0x1f3c, 0x1), (0x1d781, 0x1f3d, 0x1),
    (0x1d782, 0x1f3e, 0x1), (0x1d783, 0x1f3f, 0x1), (0x1d784, 0x1f40, 0x1), (0x1d785, 0x1f41, 0x1), (0x1d786, 0x1f42, 0x1), (0x1d787, 0x1f43, 0x1),
    (0x1d788, 0x1f44, 0x1), (0x1d789, 0x1f45, 0x1), (0x1d78a, 0x1f46, 0x1), (0x1d78b, 0x1f47, 0x1), (0x1d78c, 0x1f48, 0x1), (0x1d78d, 0x1f49, 0x1),
    (0x1d78e, 0x1f4a, 0x1), (0x1d78f, 0x1f4b, 0x1), (0x1d790, 0x1f4c, 0x1), (0x1d791, 0x1f4d, 0x1), (0x1d792, 0x1f4e, 0x1), (0x1d793, 0x1f4f, 0x1),
    (0x1d794, 0x1f50, 0x1), (0x1d795, 0x1f51, 0x1), (0x1d796, 0x1f52, 0x1), (0x1d797, 0x1f53, 0x1), (0x1d798, 0x1f54, 0x1), (0x1d799, 0x1f55, 0x1),
    (0x1d79a, 0x1f56, 0x1), (0x1d79b, 0x1f57, 0x1), (0x1d79c, 0x1f58, 0x1), (0x1d79d, 0x1f59, 0x1), (0x1d79e, 0x1f5a, 0x1), (0x1d79f, 0x1f5b, 0x1),
    (0x1d7a0, 0x1f5c, 0x1), (0x1d7a1, 0x1f5d, 0x1), (0x1d7a2, 0x1f5e, 0x1), (0x1d7a3, 0x1f5f, 0x1), (0x1d7a4, 0x1f60, 0x1), (0x1d7a5, 0x1f61, 0x1),
    (0x1d7a6, 0x1f62, 0x1), (0x1d7a7, 0x1f63, 0x1), (0x1d7a8, 0x1f64, 0x1), (0x1d7a9, 0x1f65, 0x1), (0x1d7aa, 0x1f66, 0x1), (0x1d7ab, 0x1f67, 0x1),
    (0x1d7ac, 0x1f68, 0x1), (0x1d7ad, 0x1f69, 0x1), (0x1d7ae, 0x1f6a, 0x1), (0x1d7af, 0x1f6b, 0x1), (0x1d7b0, 0x1f6c, 0x1), (0x1d7b1, 0x1f6d, 0x1),
    (0x1d7b2, 0x1f6e, 0x1), (0x1d7b3, 0x1f6f, 0x1), (0x1d7b4, 0x1f70, 0x1), (0x1d7b5, 0x1f71, 0x1), (0x1d7b6, 0x1f72, 0x1), (0x1d7b7, 0x1f73, 0x1),
    (0x1d7b8, 0x1f74, 0x1), (0x1d7b9, 0x1f75, 0x1), (0x1d7ba, 0x1f76, 0x1), (0x1d7bb, 0x1f77, 0x1), (0x1d7bc, 0x1f78, 0x1), (0x1d7bd, 0x1f79, 0x1),
    (0x1d7be, 0x1f7a, 0x1), (0x1d7bf, 0x1f7b, 0x1), (0x1d7c0, 0x1f7c, 0x1), (0x1d7c1, 0x1f7d, 0x1), (0x1d7c2, 0x1f7e, 0x1), (0x1d7c3, 0x1f7f, 0x1),
    (0x1d7c4, 0x1f80, 0x1), (0x1d7c5, 0x1f81, 0x1), (0x1d7c6, 0x1f82, 0x1), (0x1d7c7, 0x1f83, 0x1), (0x1d7c8, 0x1f84, 0x1), (0x1d7c9, 0x1f85, 0x1),
    (0x1d7ca, 0x1f86, 0x1), (0x1d7cb, 0x1f87, 0x1), (0x1d7ce, 0x1f88, 0x1), (0x1d7cf, 0x1f89, 0x1), (0x1d7d0, 0x1f8a, 0x1), (0x1d7d1, 0x1f8b, 0x1),
    (0x1d7d2, 0x1f8c, 0x1), (0x1d7d3, 0x1f8d, 0x1), (0x1d7d4, 0x1f8e, 0x1), (0x1d7d5, 0x1f8f, 0x1), (0x1d7d6, 0x1f90, 0x1), (0x1d7d7, 0x1f91, 0x1),
    (0x1d7d8, 0x1f92, 0x1), (0x1d7d9, 0x1f93, 0x1), (0x1d7da, 0x1f94, 0x1), (0x1d7db, 0x1f95, 0x1), (0x1d7dc, 0x1f96, 0x1), (0x1d7dd, 0x1f97, 0x1),
    (0x1d7de, 0x1f98, 0x1), (0x1d7df, 0x1f99, 0x1), (0x1d7e0, 0x1f9a, 0x1), (0x1d7e1, 0x1f9b, 0x1), (0x1d7e2, 0x1f9c, 0x1), (0x1d7e3, 0x1f9d, 0x1),
    (0x1d7e4, 0x1f9e, 0x1), (0x1d7e5, 0x1f9f, 0x1), (0x1d7e6, 0x1fa0, 0x1), (0x1d7e7, 0x1fa1, 0x1), (0x1d7e8, 0x1fa2, 0x1), (0x1d7e9, 0x1fa3, 0x1),
    (0x1d7ea, 0x1fa4, 0x1), (0x1d7eb, 0x1fa5, 0x1), (0x1d7ec, 0x1fa6, 0x1), (0x1d7ed, 0x1fa7, 0x1), (0x1d7ee, 0x1fa8, 0x1), (0x1d7ef, 0x1fa9, 0x1),
    (0x1d7f0, 0x1faa, 0x1), (0x1d7f1, 0x1fab, 0x1), (0x1d7f2, 0x1fac, 0x1), (0x1d7f3, 0x1fad, 0x1), (0x1d7f4, 0x1fae, 0x1), (0x1d7f5, 0x1faf, 0x1),
    (0x1d7f6, 0x1fb0, 0x1), (0x1d7f7, 0x1fb1, 0x1), (0x1d7f8, 0x1fb2, 0x1), (0x1d7f9, 0x1fb3, 0x1), (0x1d7fa, 0x1fb4, 0x1), (0x1d7fb, 0x1fb5, 0x1),
    (0x1d7fc, 0x1fb6, 0x1), (0x1d7fd, 0x1fb7, 0x1), (0x1d7fe, 0x1fb8, 0x1), (0x1d7ff, 0x1fb9, 0x1), (0x1e030, 0x1fba, 0x1), (0x1e031, 0x1fbb, 0x1),
    (0x1e032, 0x1fbc, 0x1), (0x1e033, 0x1fbd, 0x1), (0x1e034, 0x1fbe, 0x1), (0x1e035, 0x1fbf, 0x1), (0x1e036, 0x1fc0, 0x1), (0x1e037, 0x1fc1, 0x1),
    (0x1e038, 0x1fc2, 0x1), (0x1e039, 0x1fc3, 0x1), (0x1e03a, 0x1fc4, 0x1), (0x1e03b, 0x1fc5, 0x1), (0x1e03c, 0x1fc6, 0x1), (0x1e03d, 0x1fc7, 0x1),
    (0x1e03e, 0x1fc8, 0x1), (0x1e03f, 0x1fc9, 0x1), (0x1e040, 0x1fca, 0x1), (0x1e041, 0x1fcb, 0x1), (0x1e042, 0x1fcc, 0x1), (0x1e043, 0x1fcd, 0x1),
    (0x1e044, 0x1fce, 0x1), (0x1e045, 0x1fcf, 0x1), (0x1e046, 0x1fd0, 0x1), (0x1e047, 0x1fd1, 0x1), (0x1e048, 0x1fd2, 0x1), (0x1e049, 0x1fd3, 0x1),
    (0x1e04a, 0x1fd4, 0x1), (0x1e04b, 0x1fd5, 0x1), (0x1e04c, 0x1fd6, 0x1), (0x1e04d, 0x1fd7, 0x1), (0x1e04e, 0x1fd8, 0x1), (0x1e04f, 0x1fd9, 0x1),
    (0x1e050, 0x1fda, 0x1), (0x1e051, 0x1fdb, 0x1), (0x1e052, 0x1fdc, 0x1), (0x1e053, 0x1fdd, 0x1), (0x1e054, 0x1fde, 0x1), (0x1e055, 0x1fdf, 0x1),
    (0x1e056, 0x1fe0, 0x1), (0x1e057, 0x1fe1, 0x1), (0x1e058, 0x1fe2, 0x1), (0x1e059, 0x1fe3, 0x1), (0x1e05a, 0x1fe4, 0x1), (0x1e05b, 0x1fe5, 0x1),
    (0x1e05c, 0x1fe6, 0x1), (0x1e05d, 0x1fe7, 0x1), (0x1e05e, 0x1fe8, 0x1), (0x1e05f, 0x1fe9, 0x1), (0x1e060, 0x1fea, 0x1), (0x1e061, 0x1feb, 0x1),
    (0x1e062, 0x1fec, 0x1), (0x1e063, 0x1fed, 0x1), (0x1e064, 0x1fee, 0x1), (0x1e065, 0x1fef, 0x1), (0x1e066, 0x1ff0, 0x1), (0x1e067, 0x1ff1, 0x1),
    (0x1e068, 0x1ff2, 0x1), (0x1e069, 0x1ff3, 0x1), (0x1e06a, 0x1ff4, 0x1), (0x1e06b, 0x1ff5, 0x1), (0x1e06c, 0x1ff6, 0x1), (0x1e06d, 0x1ff7, 0x1),
    (0x1ee00, 0x1ff8, 0x1), (0x1ee01, 0x1ff9, 0x1), (0x1ee02, 0x1ffa, 0x1), (0x1ee03, 0x1ffb, 0x1), (0x1ee05, 0x1ffc, 0x1), (0x1ee06, 0x1ffd, 0x1),
    (0x1ee07, 0x1ffe, 0x1), (0x1ee08, 0x1fff, 0x1), (0x1ee09, 0x2000, 0x1), (0x1ee0a, 0x2001, 0x1), (0x1ee0b, 0x2002, 0x1), (0x1ee0c, 0x2003, 0x1),
    (0x1ee0d, 0x2004, 0x1), (0x1ee0e, 0x2005, 0x1), (0x1ee0f, 0x2006, 0x1), (0x1ee10, 0x2007, 0x1), (0x1ee11, 0x2008, 0x1), (0x1ee12, 0x2009, 0x1),
    (0x1ee13, 0x200a, 0x1), (0x1ee14, 0x200b, 0x1), (0x1ee15, 0x200c, 0x1), (0x1ee16, 0x200d, 0x1), (0x1ee17, 0x200e, 0x1), (0x1ee18, 0x200f, 0x1),
    (0x1ee19, 0x2010, 0x1), (0x1ee1a, 0x2011, 0x1), (0x1ee1b, 0x2012, 0x1), (0x1ee1c, 0x2013, 0x1), (0x1ee1d, 0x2014, 0x1), (0x1ee1e, 0x2015, 0x1),
    (0x1ee1f, 0x2016, 0x1), (0x1ee21, 0x2017, 0x1), (0x1ee22, 0x2018, 0x1), (0x1ee24, 0x2019, 0x1), (0x1ee27, 0x201a, 0x1), (0x1ee29, 0x201b, 0x1),
    (0x1ee2a, 0x201c, 0x1), (0x1ee2b, 0x201d, 0x1), (0x1ee2c, 0x201e, 0x1), (0x1ee2d, 0x201f, 0x1), (0x1ee2e, 0x2020, 0x1), (0x1ee2f, 0x2021, 0x1),
    (0x1ee30, 0x2022, 0x1), (0x1ee31, 0x2023, 0x1), (0x1ee32, 0x2024, 0x1), (0x1ee34, 0x2025, 0x1), (0x1ee35, 0x2026, 0x1), (0x1ee36, 0x2027, 0x1),
    (0x1ee37, 0x2028, 0x1), (0x1ee39, 0x2029, 0x1), (0x1ee3b, 0x202a, 0x1), (0x1ee42, 0x202b, 0x1), (0x1ee47, 0x202c, 0x1), (0x1ee49, 0x202d, 0x1),
    (0x1ee4b, 0x202e, 0x1), (0x1ee4d, 0x202f, 0x1), (0x1ee4e, 0x2030, 0x1), (0x1ee4f, 0x2031, 0x1), (0x1ee51, 0x2032, 0x1), (0x1ee52, 0x2033, 0x1),
    (0x1ee54, 0x2034, 0x1), (0x1ee57, 0x2035, 0x1), (0x1ee59, 0x2036, 0x1), (0x1ee5b, 0x2037, 0x1), (0x1ee5d, 0x2038, 0x1), (0x1ee5f, 0x2039, 0x1),
    (0x1ee61, 0x203a, 0x1), (0x1ee62, 0x203b, 0x1), (0x1ee64, 0x203c, 0x1), (0x1ee67, 0x203d, 0x1), (0x1ee68, 0x203e, 0x1), (0x1ee69, 0x203f, 0x1),
    (0x1ee6a, 0x2040, 0x1), (0x1ee6c, 0x2041, 0x1), (0x1ee6d, 0x2042, 0x1), (0x1ee6e, 0x2043, 0x1), (0x1ee6f, 0x2044, 0x1), (0x1ee70, 0x2045, 0x1),
    (0x1ee71, 0x2046, 0x1), (0x1ee72, 0x2047, 0x1), (0x1ee74, 0x2048, 0x1), (0x1ee75, 0x2049, 0x1), (0x1ee76, 0x204a, 0x1), (0x1ee77, 0x204b, 0x1),
    (0x1ee79, 0x204c, 0x1), (0x1ee7a, 0x204d, 0x1), (0x1ee7b, 0x204e, 0x1), (0x1ee7c, 0x204f, 0x1), (0x1ee7e, 0x2050, 0x1), (0x1ee80, 0x2051, 0x1),
    (0x1ee81, 0x2052, 0x1), (0x1ee82, 0x2053, 0x1), (0x1ee83, 0x2054, 0x1), (0x1ee84, 0x2055, 0x1), (0x1ee85, 0x2056, 0x1), (0x1ee86, 0x2057, 0x1),
    (0x1ee87, 0x2058, 0x1), (0x1ee88, 0x2059, 0x1), (0x1ee89, 0x205a, 0x1), (0x1ee8b, 0x205b, 0x1), (0x1ee8c, 0x205c, 0x1), (0x1ee8d, 0x205d, 0x1),
    (0x1ee8e, 0x205e, 0x1), (0x1ee8f, 0x205f, 0x1), (0x1ee90, 0x2060, 0x1), (0x1ee91, 0x2061, 0x1), (0x1ee92, 0x2062, 0x1), (0x1ee93, 0x2063, 0x1),
    (0x1ee94, 0x2064, 0x1), (0x1ee95, 0x2065, 0x1), (0x1ee96, 0x2066, 0x1), (0x1ee97, 0x2067, 0x1), (0x1ee98, 0x2068, 0x1), (0x1ee99, 0x2069, 0x1),
    (0x1ee9a, 0x206a, 0x1), (0x1ee9b, 0x206b, 0x1), (0x1eea1, 0x206c, 0x1), (0x1eea2, 0x206d, 0x1), (0x1eea3, 0x206e, 0x1), (0x1eea5, 0x206f, 0x1),
    (0x1eea6, 0x2070, 0x1), (0x1eea7, 0x2071, 0x1), (0x1eea8, 0x2072, 0x1), (0x1eea9, 0x2073, 0x1), (0x1eeab, 0x2074, 0x1), (0x1eeac, 0x2075, 0x1),
    (0x1eead, 0x2076, 0x1), (0x1eeae, 0x2077, 0x1), (0x1eeaf, 0x2078, 0x1), (0x1eeb0, 0x2079, 0x1), (0x1eeb1, 0x207a, 0x1), (0x1eeb2, 0x207b, 0x1),
    (0x1eeb3, 0x207c, 0x1), (0x1eeb4, 0x207d, 0x1), (0x1eeb5, 0x207e, 0x1), (0x1eeb6, 0x207f, 0x1), (0x1eeb7, 0x2080, 0x1), (0x1eeb8, 0x2081, 0x1),
    (0x1eeb9, 0x2082, 0x1), (0x1eeba, 0x2083, 0x1), (0x1eebb, 0x2084, 0x1), (0x1f100, 0x2085, 0x2), (0x1f101, 0x2087, 0x2), (0x1f102, 0x2089, 0x2),
    (0x1f103, 0x208b, 0x2), (0x1f104, 0x208d, 0x2), (0x1f105, 0x208f, 0x2), (0x1f106, 0x2091, 0x2), (0x1f107, 0x2093, 0x2), (0x1f108, 0x2095, 0x2),
    (0x1f109, 0x2097, 0x2), (0x1f10a, 0x2099, 0x2), (0x1f110, 0x209b, 0x3), (0x1f111, 0x209e, 0x3), (0x1f112, 0x20a1, 0x3), (0x1f113, 0x20a4, 0x3),
    (0x1f114, 0x20a7, 0x3), (0x1f115, 0x20aa, 0x3), (0x1f116, 0x20ad, 0x3), (0x1f117, 0x20b0, 0x3), (0x1f118, 0x20b3, 0x3), (0x1f119, 0x20b6, 0x3),
    (0x1f11a, 0x20b9, 0x3), (0x1f11b, 0x20bc, 0x3), (0x1f11c, 0x20bf, 0x3), (0x1f11d, 0x20c2, 0x3), (0x1f11e, 0x20c5, 0x3), (0x1f11f, 0x20c8, 0x3),
    (0x1f120, 0x20cb, 0x3), (0x1f121, 0x20ce, 0x3), (0x1f122, 0x20d1, 0x3), (0x1f123, 0x20d4, 0x3), (0x1f124, 0x20d7, 0x3), (0x1f125, 0x20da, 0x3),
    (0x1f126, 0x20dd, 0x3), (0x1f127, 0x20e0, 0x3), (0x1f128, 0x20e3, 0x3), (0x1f129, 0x20e6, 0x3), (0x1f12a, 0x20e9, 0x3), (0x1f12b, 0x20ec, 0x1),
    (0x1f12c, 0x20ed, 0x1), (0x1f12d, 0x20ee, 0x2), (0x1f12e, 0x20f0, 0x2), (0x1f130, 0x20f2, 0x1), (0x1f131, 0x20f3, 0x1), (0x1f132, 0x20f4, 0x1),
    (0x1f133, 0x20f5, 0x1), (0x1f134, 0x20f6, 0x1), (0x1f135, 0x20f7, 0x1), (0x1f136, 0x20f8, 0x1), (0x1f137, 0x20f9, 0x1), (0x1f138, 0x20fa, 0x1),
    (0x1f139, 0x20fb, 0x1), (0x1f13a, 0x20fc, 0x1), (0x1f13b, 0x20fd, 0x1), (0x1f13c, 0x20fe, 0x1), (0x1f13d, 0x20ff, 0x1), (0x1f13e, 0x2100, 0x1),
    (0x1f13f, 0x2101, 0x1), (0x1f140, 0x2102, 0x1), (0x1f141, 0x2103, 0x1), (0x1f142, 0x2104, 0x1), (0x1f143, 0x2105, 0x1), (0x1f144, 0x2106, 0x1),
    (0x1f145, 0x2107, 0x1), (0x1f146, 0x2108, 0x1), (0x1f147, 0x2109, 0x1), (0x1f148, 0x210a, 0x1), (0x1f149, 0x210b, 0x1), (0x1f14a, 0x210c, 0x2),
    (0x1f14b, 0x210e, 0x2), (0x1f14c, 0x2110, 0x2), (0x1f14d, 0x2112, 0x2), (0x1f14e, 0x2114, 0x3), (0x1f14f, 0x2117, 0x2), (0x1f16a, 0x2119, 0x2),
    (0x1f16b, 0x211b, 0x2), (0x1f16c, 0x211d, 0x2), (0x1f190, 0x211f, 0x2), (0x1f200, 0x2121, 0x2), (0x1f201, 0x2123, 0x2), (0x1f202, 0x2125, 0x1),
    (0x1f210, 0x2126, 0x1), (0x1f211, 0x2127, 0x1), (0x1f212, 0x2128, 0x1), (0x1f213, 0x2129, 0x2), (0x1f214, 0x212b, 0x1), (0x1f215, 0x212c, 0x1),
    (0x1f216, 0x212d, 0x1), (0x1f217, 0x212e, 0x1), (0x1f218, 0x212f, 0x1), (0x1f219, 0x2130, 0x1), (0x1f21a, 0x2131, 0x1), (0x1f21b, 0x2132, 0x1),
    (0x1f21c, 0x2133, 0x1), (0x1f21d, 0x2134, 0x1), (0x1f21e, 0x2135, 0x1), (0x1f21f, 0x2136, 0x1), (0x1f220, 0x2137, 0x1), (0x1f221, 0x2138, 0x1),
    (0x1f222, 0x2139, 0x1), (0x1f223, 0x213a, 0x1), (0x1f224, 0x213b, 0x1), (0x1f225, 0x213c, 0x1), (0x1f226, 0x213d, 0x1), (0x1f227, 0x213e, 0x1),
    (0x1f228, 0x213f, 0x1), (0x1f229, 0x2140, 0x1), (0x1f22a, 0x2141, 0x1), (0x1f22b, 0x2142, 0x1), (0x1f22c, 0x2143, 0x1), (0x1f22d, 0x2144, 0x1),
    (0x1f22e, 0x2145, 0x1), (0x1f22f, 0x2146, 0x1), (0x1f230, 0x2147, 0x1), (0x1f231, 0x2148, 0x1), (0x1f232, 0x2149, 0x1), (0x1f233, 0x214a, 0x1),
    (0x1f234, 0x214b, 0x1), (0x1f235, 0x214c, 0x1), (0x1f236, 0x214d, 0x1), (0x1f237, 0x214e, 0x1), (0x1f238, 0x214f, 0x1), (0x1f239, 0x2150, 0x1),
    (0x1f23a, 0x2151, 0x1), (0x1f23b, 0x2152, 0x1), (0x1f240, 0x2153, 0x3), (0x1f241, 0x2156, 0x3), (0x1f242, 0x2159, 0x3), (0x1f243, 0x215c, 0x3),
    (0x1f244, 0x215f, 0x3), (0x1f245, 0x2162, 0x3), (0x1f246, 0x2165, 0x3), (0x1f247, 0x2168, 0x3), (0x1f248, 0x216b, 0x3), (0x1f250, 0x216e, 0x1),
    (0x1f251, 0x216f, 0x1), (0x1fbf0, 0x2170, 0x1), (0x1fbf1, 0x2171, 0x1), (0x1fbf2, 0x2172, 0x1), (0x1fbf3, 0x2173, 0x1), (0x1fbf4, 0x2174, 0x1),
    (0x1fbf5, 0x2175, 0x1), (0x1fbf6, 0x2176, 0x1), (0x1fbf7, 0x2177, 0x1), (0x1fbf8, 0x2178, 0x1), (0x1fbf9, 0x2179, 0x1), (0x2f800, 0x217a, 0x1),
    (0x2f801, 0x217b, 0x1), (0x2f802, 0x217c, 0x1), (0x2f803, 0x217d, 0x1), (0x2f804, 0x217e, 0x1), (0x2f805, 0x217f, 0x1), (0x2f806, 0x2180, 0x1),
    (0x2f807, 0x2181, 0x1), (0x2f808, 0x2182, 0x1), (0x2f809, 0x2183, 0x1), (0x2f80a, 0x2184, 0x1), (0x2f80b, 0x2185, 0x1), (0x2f80c, 0x2186, 0x1),
    (0x2f80d, 0x2187, 0x1), (0x2f80e, 0x2188, 0x1), (0x2f80f, 0x2189, 0x1), (0x2f810, 0x218a, 0x1), (0x2f811, 0x218b, 0x1), (0x2f812, 0x218c, 0x1),
    (0x2f813, 0x218d, 0x1), (0x2f814, 0x218e, 0x1), (0x2f815, 0x218f, 0x1), (0x2f816, 0x2190, 0x1), (0x2f817, 0x2191, 0x1), (0x2f818, 0x2192, 0x1),
    (0x2f819, 0x2193, 0x1), (0x2f81a, 0x2194, 0x1), (0x2f81b, 0x2195, 0x1), (0x2f81c, 0x2196, 0x1), (0x2f81d, 0x2197, 0x1), (0x2f81e, 0x2198, 0x1),
    (0x2f81f, 0x2199, 0x1), (0x2f820, 0x219a, 0x1), (0x2f821, 0x219b, 0x1), (0x2f822, 0x219c, 0x1), (0x2f823, 0x219d, 0x1), (0x2f824, 0x219e, 0x1),
    (0x2f825, 0x219f, 0x1), (0x2f826, 0x21a0, 0x1), (0x2f827, 0x21a1, 0x1), (0x2f828, 0x21a2, 0x1), (0x2f829, 0x21a3, 0x1), (0x2f82a, 0x21a4, 0x1),
    (0x2f82b, 0x21a5, 0x1), (0x2f82c, 0x21a6, 0x1), (0x2f82d, 0x21a7, 0x1), (0x2f82e, 0x21a8, 0x1), (0x2f82f, 0x21a9, 0x1), (0x2f830, 0x21aa, 0x1),
    (0x2f831, 0x21ab, 0x1), (0x2f832, 0x21ac, 0x1), (0x2f833, 0x21ad, 0x1), (0x2f834, 0x21ae, 0x1), (0x2f835, 0x21af, 0x1), (0x2f836, 0x21b0, 0x1),
    (0x2f837, 0x21b1, 0x1), (0x2f838, 0x21b2, 0x1), (0x2f839, 0x21b3, 0x1), (0x2f83a, 0x21b4, 0x1), (0x2f83b, 0x21b5, 0x1), (0x2f83c, 0x21b6, 0x1),
    (0x2f83d, 0x21b7, 0x1), (0x2f83e, 0x21b8, 0x1), (0x2f83f, 0x21b9, 0x1), (0x2f840, 0x21ba, 0x1), (0x2f841, 0x21bb, 0x1), (0x2f842, 0x21bc, 0x1),
    (0x2f843, 0x21bd, 0x1), (0x2f844, 0x21be, 0x1), (0x2f845, 0x21bf, 0x1), (0x2f846, 0x21c0, 0x1), (0x2f847, 0x21c1, 0x1), (0x2f848, 0x21c2, 0x1),
    (0x2f849, 0x21c3, 0x1), (0x2f84a, 0x21c4, 0x1), (0x2f84b, 0x21c5, 0x1), (0x2f84c, 0x21c6, 0x1), (0x2f84d, 0x21c7, 0x1), (0x2f84e, 0x21c8, 0x1),
    (0x2f84f, 0x21c9, 0x1), (0x2f850, 0x21ca, 0x1), (0x2f851, 0x21cb, 0x1), (0x2f852, 0x21cc, 0x1), (0x2f853, 0x21cd, 0x1), (0x2f854, 0x21ce, 0x1),
    (0x2f855, 0x21cf, 0x1), (0x2f856, 0x21d0, 0x1), (0x2f857, 0x21d1, 0x1), (0x2f858, 0x21d2, 0x1), (0x2f859, 0x21d3, 0x1), (0x2f85a, 0x21d4, 0x1),
    (0x2f85b, 0x21d5, 0x1), (0x2f85c, 0x21d6, 0x1), (0x2f85d, 0x21d7, 0x1), (0x2f85e, 0x21d8, 0x1), (0x2f85f, 0x21d9, 0x1), (0x2f860, 0x21da, 0x1),
    (0x2f861, 0x21db, 0x1), (0x2f862, 0x21dc, 0x1), (0x2f863, 0x21dd, 0x1), (0x2f864, 0x21de, 0x1), (0x2f865, 0x21df, 0x1), (0x2f866, 0x21e0, 0x1),
    (0x2f867, 0x21e1, 0x1), (0x2f868, 0x21e2, 0x1), (0x2f869, 0x21e3, 0x1), (0x2f86a, 0x21e4, 0x1), (0x2f86b, 0x21e5, 0x1), (0x2f86c, 0x21e6, 0x1),
    (0x2f86d, 0x21e7, 0x1), (0x2f86e, 0x21e8, 0x1), (0x2f86f, 0x21e9, 0x1), (0x2f870, 0x21ea, 0x1), (0x2f871, 0x21eb, 0x1), (0x2f872, 0x21ec, 0x1),
    (0x2f873, 0x21ed, 0x1), (0x2f874, 0x21ee, 0x1), (0x2f875, 0x21ef, 0x1), (0x2f876, 0x21f0, 0x1), (0x2f877, 0x21f1, 0x1), (0x2f878, 0x21f2, 0x1),
    (0x2f879, 0x21f3, 0x1), (0x2f87a, 0x21f4, 0x1), (0x2f87b, 0x21f5, 0x1), (0x2f87c, 0x21f6, 0x1), (0x2f87d, 0x21f7, 0x1), (0x2f87e, 0x21f8, 0x1),
    (0x2f87f, 0x21f9, 0x1), (0x2f880, 0x21fa, 0x1), (0x2f881, 0x21fb, 0x1), (0x2f882, 0x21fc, 0x1), (0x2f883, 0x21fd, 0x1), (0x2f884, 0x21fe, 0x1),
    (0x2f885, 0x21ff, 0x1), (0x2f886, 0x2200, 0x1), (0x2f887, 0x2201, 0x1), (0x2f888, 0x2202, 0x1), (0x2f889, 0x2203, 0x1), (0x2f88a, 0x2204, 0x1),
    (0x2f88b, 0x2205, 0x1), (0x2f88c, 0x2206, 0x1), (0x2f88d, 0x2207, 0x1), (0x2f88e, 0x2208, 0x1), (0x2f88f, 0x2209, 0x1), (0x2f890, 0x220a, 0x1),
    (0x2f891, 0x220b, 0x1), (0x2f892, 0x220c, 0x1), (0x2f893, 0x220d, 0x1), (0x2f894, 0x220e, 0x1), (0x2f895, 0x220f, 0x1), (0x2f896, 0x2210, 0x1),
    (0x2f897, 0x2211, 0x1), (0x2f898, 0x2212, 0x1), (0x2f899, 0x2213, 0x1), (0x2f89a, 0x2214, 0x1), (0x2f89b, 0x2215, 0x1), (0x2f89c, 0x2216, 0x1),
    (0x2f89d, 0x2217, 0x1), (0x2f89e, 0x2218, 0x1), (0x2f89f, 0x2219, 0x1), (0x2f8a0, 0x221a, 0x1), (0x2f8a1, 0x221b, 0x1), (0x2f8a2, 0x221c, 0x1),
    (0x2f8a3, 0x221d, 0x1), (0x2f8a4, 0x221e, 0x1), (0x2f8a5, 0x221f, 0x1), (0x2f8a6, 0x2220, 0x1), (0x2f8a7, 0x2221, 0x1), (0x2f8a8, 0x2222, 0x1),
    (0x2f8a9, 0x2223, 0x1), (0x2f8aa, 0x2224, 0x1), (0x2f8ab, 0x2225, 0x1), (0x2f8ac, 0x2226, 0x1), (0x2f8ad, 0x2227, 0x1), (0x2f8ae, 0x2228, 0x1),
    (0x2f8af, 0x2229, 0x1), (0x2f8b0, 0x222a, 0x1), (0x2f8b1, 0x222b, 0x1), (0x2f8b2, 0x222c, 0x1), (0x2f8b3, 0x222d, 0x1), (0x2f8b4, 0x222e, 0x1),
    (0x2f8b5, 0x222f, 0x1), (0x2f8b6, 0x2230, 0x1), (0x2f8b7, 0x2231, 0x1), (0x2f8b8, 0x2232, 0x1), (0x2f8b9, 0x2233, 0x1), (0x2f8ba, 0x2234, 0x1),
    (0x2f8bb, 0x2235, 0x1), (0x2f8bc, 0x2236, 0x1), (0x2f8bd, 0x2237, 0x1), (0x2f8be, 0x2238, 0x1), (0x2f8bf, 0x2239, 0x1), (0x2f8c0, 0x223a, 0x1),
    (0x2f8c1, 0x223b, 0x1), (0x2f8c2, 0x223c, 0x1), (0x2f8c3, 0x223d, 0x1), (0x2f8c4, 0x223e, 0x1), (0x2f8c5, 0x223f, 0x1), (0x2f8c6, 0x2240, 0x1),
    (0x2f8c7, 0x2241, 0x1), (0x2f8c8, 0x2242, 0x1), (0x2f8c9, 0x2243, 0x1), (0x2f8ca, 0x2244, 0x1), (0x2f8cb, 0x2245, 0x1), (0x2f8cc, 0x2246, 0x1),
    (0x2f8cd, 0x2247, 0x1), (0x2f8ce, 0x2248, 0x1), (0x2f8cf, 0x2249, 0x1), (0x2f8d0, 0x224a, 0x1), (0x2f8d1, 0x224b, 0x1), (0x2f8d2, 0x224c, 0x1),
    (0x2f8d3, 0x224d, 0x1), (0x2f8d4, 0x224e, 0x1), (0x2f8d5, 0x224f, 0x1), (0x2f8d6, 0x2250, 0x1), (0x2f8d7, 0x2251, 0x1), (0x2f8d8, 0x2252, 0x1),
    (0x2f8d9, 0x2253, 0x1), (0x2f8da, 0x2254, 0x1), (0x2f8db, 0x2255, 0x1), (0x2f8dc, 0x2256, 0x1), (0x2f8dd, 0x2257, 0x1), (0x2f8de, 0x2258, 0x1),
    (0x2f8df, 0x2259, 0x1), (0x2f8e0, 0x225a, 0x1), (0x2f8e1, 0x225b, 0x1), (0x2f8e2, 0x225c, 0x1), (0x2f8e3, 0x225d, 0x1), (0x2f8e4, 0x225e, 0x1),
    (0x2f8e5, 0x225f, 0x1), (0x2f8e6, 0x2260, 0x1), (0x2f8e7, 0x2261, 0x1), (0x2f8e8, 0x2262, 0x1), (0x2f8e9, 0x2263, 0x1), (0x2f8ea, 0x2264, 0x1),
    (0x2f8eb, 0x2265, 0x1), (0x2f8ec, 0x2266, 0x1), (0x2f8ed, 0x2267, 0x1), (0x2f8ee, 0x2268, 0x1), (0x2f8ef, 0x2269, 0x1), (0x2f8f0, 0x226a, 0x1),
    (0x2f8f1, 0x226b, 0x1), (0x2f8f2, 0x226c, 0x1), (0x2f8f3, 0x226d, 0x1), (0x2f8f4, 0x226e, 0x1), (0x2f8f5, 0x226f, 0x1), (0x2f8f6, 0x2270, 0x1),
    (0x2f8f7, 0x2271, 0x1), (0x2f8f8, 0x2272, 0x1), (0x2f8f9, 0x2273, 0x1), (0x2f8fa, 0x2274, 0x1), (0x2f8fb, 0x2275, 0x1), (0x2f8fc, 0x2276, 0x1),
    (0x2f8fd, 0x2277, 0x1), (0x2f8fe, 0x2278, 0x1), (0x2f8ff, 0x2279, 0x1), (0x2f900, 0x227a, 0x1), (0x2f901, 0x227b, 0x1), (0x2f902, 0x227c, 0x1),
    (0x2f903, 0x227d, 0x1), (0x2f904, 0x227e, 0x1), (0x2f905, 0x227f, 0x1), (0x2f906, 0x2280, 0x1), (0x2f907, 0x2281, 0x1), (0x2f908, 0x2282, 0x1),
    (0x2f909, 0x2283, 0x1), (0x2f90a, 0x2284, 0x1), (0x2f90b, 0x2285, 0x1), (0x2f90c, 0x2286, 0x1), (0x2f90d, 0x2287, 0x1), (0x2f90e, 0x2288, 0x1),
    (0x2f90f, 0x2289, 0x1), (0x2f910, 0x228a, 0x1), (0x2f911, 0x228b, 0x1), (0x2f912, 0x228c, 0x1), (0x2f913, 0x228d, 0x1), (0x2f914, 0x228e, 0x1),
    (0x2f915, 0x228f, 0x1), (0x2f916, 0x2290, 0x1), (0x2f917, 0x2291, 0x1), (0x2f918, 0x2292, 0x1), (0x2f919, 0x2293, 0x1), (0x2f91a, 0x2294, 0x1),
    (0x2f91b, 0x2295, 0x1), (0x2f91c, 0x2296, 0x1), (0x2f91d, 0x2297, 0x1), (0x2f91e, 0x2298, 0x1), (0x2f91f, 0x2299, 0x1), (0x2f920, 0x229a, 0x1),
    (0x2f921, 0x229b, 0x1), (0x2f922, 0x229c, 0x1), (0x2f923, 0x229d, 0x1), (0x2f924, 0x229e, 0x1), (0x2f925, 0x229f, 0x1), (0x2f926, 0x22a0, 0x1),
    (0x2f927, 0x22a1, 0x1), (0x2f928, 0x22a2, 0x1), (0x2f929, 0x22a3, 0x1), (0x2f92a, 0x22a4, 0x1), (0x2f92b, 0x22a5, 0x1), (0x2f92c, 0x22a6, 0x1),
    (0x2f92d, 0x22a7, 0x1), (0x2f92e, 0x22a8, 0x1), (0x2f92f, 0x22a9, 0x1), (0x2f930, 0x22aa, 0x1), (0x2f931, 0x22ab, 0x1), (0x2f932, 0x22ac, 0x1),
    (0x2f933, 0x22ad, 0x1), (0x2f934, 0x22ae, 0x1), (0x2f935, 0x22af, 0x1), (0x2f936, 0x22b0, 0x1), (0x2f937, 0x22b1, 0x1), (0x2f938, 0x22b2, 0x1),
    (0x2f939, 0x22b3, 0x1), (0x2f93a, 0x22b4, 0x1), (0x2f93b, 0x22b5, 0x1), (0x2f93c, 0x22b6, 0x1), (0x2f93d, 0x22b7, 0x1), (0x2f93e, 0x22b8, 0x1),
    (0x2f93f, 0x22b9, 0x1), (0x2f940, 0x22ba, 0x1), (0x2f941, 0x22bb, 0x1), (0x2f942, 0x22bc, 0x1), (0x2f943, 0x22bd, 0x1), (0x2f944, 0x22be, 0x1),
    (0x2f945, 0x22bf, 0x1), (0x2f946, 0x22c0, 0x1), (0x2f947, 0x22c1, 0x1), (0x2f948, 0x22c2, 0x1), (0x2f949, 0x22c3, 0x1), (0x2f94a, 0x22c4, 0x1),
    (0x2f94b, 0x22c5, 0x1), (0x2f94c, 0x22c6, 0x1), (0x2f94d, 0x22c7, 0x1), (0x2f94e, 0x22c8, 0x1), (0x2f94f, 0x22c9, 0x1), (0x2f950, 0x22ca, 0x1),
    (0x2f951, 0x22cb, 0x1), (0x2f952, 0x22cc, 0x1), (0x2f953, 0x22cd, 0x1), (0x2f954, 0x22ce, 0x1), (0x2f955, 0x22cf, 0x1), (0x2f956, 0x22d0, 0x1),
    (0x2f957, 0x22d1, 0x1), (0x2f958, 0x22d2, 0x1), (0x2f959, 0x22d3, 0x1), (0x2f95a, 0x22d4, 0x1), (0x2f95b, 0x22d5, 0x1), (0x2f95c, 0x22d6, 0x1),
    (0x2f95d, 0x22d7, 0x1), (0x2f95e, 0x22d8, 0x1), (0x2f95f, 0x22d9, 0x1), (0x2f960, 0x22da, 0x1), (0x2f961, 0x22db, 0x1), (0x2f962, 0x22dc, 0x1),
    (0x2f963, 0x22dd, 0x1), (0x2f964, 0x22de, 0x1), (0x2f965, 0x22df, 0x1), (0x2f966, 0x22e0, 0x1), (0x2f967, 0x22e1, 0x1), (0x2f968, 0x22e2, 0x1),
    (0x2f969, 0x22e3, 0x1), (0x2f96a, 0x22e4, 0x1), (0x2f96b, 0x22e5, 0x1), (0x2f96c, 0x22e6, 0x1), (0x2f96d, 0x22e7, 0x1), (0x2f96e, 0x22e8, 0x1),
    (0x2f96f, 0x22e9, 0x1), (0x2f970, 0x22ea, 0x1), (0x2f971, 0x22eb, 0x1), (0x2f972, 0x22ec, 0x1), (0x2f973, 0x22ed, 0x1), (0x2f974, 0x22ee, 0x1),
    (0x2f975, 0x22ef, 0x1), (0x2f976, 0x22f0, 0x1), (0x2f977, 0x22f1, 0x1), (0x2f978, 0x22f2, 0x1), (0x2f979, 0x22f3, 0x1), (0x2f97a, 0x22f4, 0x1),
    (0x2f97b, 0x22f5, 0x1), (0x2f97c, 0x22f6, 0x1), (0x2f97d, 0x22f7, 0x1), (0x2f97e, 0x22f8, 0x1), (0x2f97f, 0x22f9, 0x1), (0x2f980, 0x22fa, 0x1),
    (0x2f981, 0x22fb, 0x1), (0x2f982, 0x22fc, 0x1), (0x2f983, 0x22fd, 0x1), (0x2f984, 0x22fe, 0x1), (0x2f985, 0x22ff, 0x1), (0x2f986, 0x2300, 0x1),
    (0x2f987, 0x2301, 0x1), (0x2f988, 0x2302, 0x1), (0x2f989, 0x2303, 0x1), (0x2f98a, 0x2304, 0x1), (0x2f98b, 0x2305, 0x1), (0x2f98c, 0x2306, 0x1),
    (0x2f98d, 0x2307, 0x1), (0x2f98e, 0x2308, 0x1), (0x2f98f, 0x2309, 0x1), (0x2f990, 0x230a, 0x1), (0x2f991, 0x230b, 0x1), (0x2f992, 0x230c, 0x1),
    (0x2f993, 0x230d, 0x1), (0x2f994, 0x230e, 0x1), (0x2f995, 0x230f, 0x1), (0x2f996, 0x2310, 0x1), (0x2f997, 0x2311, 0x1), (0x2f998, 0x2312, 0x1),
    (0x2f999, 0x2313, 0x1), (0x2f99a, 0x2314, 0x1), (0x2f99b, 0x2315, 0x1), (0x2f99c, 0x2316, 0x1), (0x2f99d, 0x2317, 0x1), (0x2f99e, 0x2318, 0x1),
    (0x2f99f, 0x2319, 0x1), (0x2f9a0, 0x231a, 0x1), (0x2f9a1, 0x231b, 0x1), (0x2f9a2, 0x231c, 0x1), (0x2f9a3, 0x231d, 0x1), (0x2f9a4, 0x231e, 0x1),
    (0x2f9a5, 0x231f, 0x1), (0x2f9a6, 0x2320, 0x1), (0x2f9a7, 0x2321, 0x1), (0x2f9a8, 0x2322, 0x1), (0x2f9a9, 0x2323, 0x1), (0x2f9aa, 0x2324, 0x1),
    (0x2f9ab, 0x2325, 0x1), (0x2f9ac, 0x2326, 0x1), (0x2f9ad, 0x2327, 0x1), (0x2f9ae, 0x2328, 0x1), (0x2f9af, 0x2329, 0x1), (0x2f9b0, 0x232a, 0x1),
    (0x2f9b1, 0x232b, 0x1), (0x2f9b2, 0x232c, 0x1), (0x2f9b3, 0x232d, 0x1), (0x2f9b4, 0x232e, 0x1), (0x2f9b5, 0x232f, 0x1), (0x2f9b6, 0x2330, 0x1),
    (0x2f9b7, 0x2331, 0x1), (0x2f9b8, 0x2332, 0x1), (0x2f9b9, 0x2333, 0x1), (0x2f9ba, 0x2334, 0x1), (0x2f9bb, 0x2335, 0x1), (0x2f9bc, 0x2336, 0x1),
    (0x2f9bd, 0x2337, 0x1), (0x2f9be, 0x2338, 0x1), (0x2f9bf, 0x2339, 0x1), (0x2f9c0, 0x233a, 0x1), (0x2f9c1, 0x233b, 0x1), (0x2f9c2, 0x233c, 0x1),
    (0x2f9c3, 0x233d, 0x1), (0x2f9c4, 0x233e, 0x1), (0x2f9c5, 0x233f, 0x1), (0x2f9c6, 0x2340, 0x1), (0x2f9c7, 0x2341, 0x1), (0x2f9c8, 0x2342, 0x1),
    (0x2f9c9, 0x2343, 0x1), (0x2f9ca, 0x2344, 0x1), (0x2f9cb, 0x2345, 0x1), (0x2f9cc, 0x2346, 0x1), (0x2f9cd, 0x2347, 0x1), (0x2f9ce, 0x2348, 0x1),
    (0x2f9cf, 0x2349, 0x1), (0x2f9d0, 0x234a, 0x1), (0x2f9d1, 0x234b, 0x1), (0x2f9d2, 0x234c, 0x1), (0x2f9d3, 0x234d, 0x1), (0x2f9d4, 0x234e, 0x1),
    (0x2f9d5, 0x234f, 0x1), (0x2f9d6, 0x2350, 0x1), (0x2f9d7, 0x2351, 0x1), (0x2f9d8, 0x2352, 0x1), (0x2f9d9, 0x2353, 0x1), (0x2f9da, 0x2354, 0x1),
    (0x2f9db, 0x2355, 0x1), (0x2f9dc, 0x2356, 0x1), (0x2f9dd, 0x2357, 0x1), (0x2f9de, 0x2358, 0x1), (0x2f9df, 0x2359, 0x1), (0x2f9e0, 0x235a, 0x1),
    (0x2f9e1, 0x235b, 0x1), (0x2f9e2, 0x235c, 0x1), (0x2f9e3, 0x235d, 0x1), (0x2f9e4, 0x235e, 0x1), (0x2f9e5, 0x235f, 0x1), (0x2f9e6, 0x2360, 0x1),
    (0x2f9e7, 0x2361, 0x1), (0x2f9e8, 0x2362, 0x1), (0x2f9e9, 0x2363, 0x1), (0x2f9ea, 0x2364, 0x1), (0x2f9eb, 0x2365, 0x1), (0x2f9ec, 0x2366, 0x1),
    (0x2f9ed, 0x2367, 0x1), (0x2f9ee, 0x2368, 0x1), (0x2f9ef, 0x2369, 0x1), (0x2f9f0, 0x236a, 0x1), (0x2f9f1, 0x236b, 0x1), (0x2f9f2, 0x236c, 0x1),
    (0x2f9f3, 0x236d, 0x1), (0x2f9f4, 0x236e, 0x1), (0x2f9f5, 0x236f, 0x1), (0x2f9f6, 0x2370, 0x1), (0x2f9f7, 0x2371, 0x1), (0x2f9f8, 0x2372, 0x1),
    (0x2f9f9, 0x2373, 0x1), (0x2f9fa, 0x2374, 0x1), (0x2f9fb, 0x2375, 0x1), (0x2f9fc, 0x2376, 0x1), (0x2f9fd, 0x2377, 0x1), (0x2f9fe, 0x2378, 0x1),
    (0x2f9ff, 0x2379, 0x1), (0x2fa00, 0x237a, 0x1), (0x2fa01, 0x237b, 0x1), (0x2fa02, 0x237c, 0x1), (0x2fa03, 0x237d, 0x1), (0x2fa04, 0x237e, 0x1),
    (0x2fa05, 0x237f, 0x1), (0x2fa06, 0x2380, 0x1), (0x2fa07, 0x2381, 0x1), (0x2fa08, 0x2382, 0x1), (0x2fa09, 0x2383, 0x1), (0x2fa0a, 0x2384, 0x1),
    (0x2fa0b, 0x2385, 0x1), (0x2fa0c, 0x2386, 0x1), (0x2fa0d, 0x2387, 0x1), (0x2fa0e, 0x2388, 0x1), (0x2fa0f, 0x2389, 0x1), (0x2fa10, 0x238a, 0x1),
    (0x2fa11, 0x238b, 0x1), (0x2fa12, 0x238c, 0x1), (0x2fa13, 0x238d, 0x1), (0x2fa14, 0x238e, 0x1), (0x2fa15, 0x238f, 0x1), (0x2fa16, 0x2390, 0x1),
    (0x2fa17, 0x2391, 0x1), (0x2fa18, 0x2392, 0x1), (0x2fa19, 0x2393, 0x1), (0x2fa1a, 0x2394, 0x1), (0x2fa1b, 0x2395, 0x1), (0x2fa1c, 0x2396, 0x1),
    (0x2fa1d, 0x2397, 0x1),
];

pub static POOL: [u32; 9112] = [
    0x20, 0x20, 0x308, 0x61, 0x20, 0x304,
    0x32, 0x33, 0x20, 0x301, 0x3bc, 0x20,
    0x327, 0x31, 0x6f, 0x31, 0x2044, 0x34,
    0x31, 0x2044, 0x32, 0x33, 0x2044, 0x34,
    0x41, 0x300, 0x41, 0x301, 0x41, 0x302,
    0x41, 0x303, 0x41, 0x308, 0x41, 0x30a,
    0x43, 0x327, 0x45, 0x300, 0x45, 0x301,
    0x45, 0x302, 0x45, 0x308, 0x49, 0x300,
    0x49, 0x301, 0x49, 0x302, 0x49, 0x308,
    0x4e, 0x303, 0x4f, 0x300, 0x4f, 0x301,
    0x4f, 0x302, 0x4f, 0x303, 0x4f, 0x308,
    0x55, 0x300, 0x55, 0x301, 0x55, 0x302,
    0x55, 0x308, 0x59, 0x301, 0x61, 0x300,
    0x61, 0x301, 0x61, 0x302, 0x61, 0x303,
    0x61, 0x308, 0x61, 0x30a, 0x63, 0x327,
    0x65, 0x300, 0x65, 0x301, 0x65, 0x302,
    0x65, 0x308, 0x69, 0x300, 0x69, 0x301,
    0x69, 0x302, 0x69, 0x308, 0x6e, 0x303,
    0x6f, 0x300, 0x6f, 0x301, 0x6f, 0x302,
    0x6f, 0x303, 0x6f, 0x308, 0x75, 0x300,
    0x75, 0x301, 0x75, 0x302, 0x75, 0x308,
    0x79, 0x301, 0x79, 0x308, 0x41, 0x304,
    0x61, 0x304, 0x41, 0x306, 0x61, 0x306,
    0x41, 0x328, 0x61, 0x328, 0x43, 0x301,
    0x63, 0x301, 0x43, 0x302, 0x63, 0x302,
    0x43, 0x307, 0x63, 0x307, 0x43, 0x30c,
    0x63, 0x30c, 0x44, 0x30c, 0x64, 0x30c,
    0x45, 0x304, 0x65, 0x304, 0x45, 0x306,
    0x65, 0x306, 0x45, 0x307, 0x65, 0x307,
    0x45, 0x328, 0x65, 0x328, 0x45, 0x30c,
    0x65, 0x30c, 0x47, 0x302, 0x67, 0x302,
    0x47, 0x306, 0x67, 0x306, 0x47, 0x307,
    0x67, 0x307, 0x47, 0x327, 0x67, 0x327,
    0x48, 0x302, 0x68, 0x302, 0x49, 0x303,
    0x69, 0x303, 0x49, 0x304, 0x69, 0x304,
    0x49, 0x306, 0x69, 0x306, 0x49, 0x328,
    0x69, 0x328, 0x49, 0x307, 0x49, 0x4a,
    0x69, 0x6a, 0x4a, 0x302, 0x6a, 0x302,
    0x4b, 0x327, 0x6b, 0x327, 0x4c, 0x301,
    0x6c, 0x301, 0x4c, 0x327, 0x6c, 0x327,
    0x4c, 0x30c, 0x6c, 0x30c, 0x4c, 0xb7,
    0x6c, 0xb7, 0x4e, 0x301, 0x6e, 0x301,
    0x4e, 0x327, 0x6e, 0x327, 0x4e, 0x30c,
    0x6e, 0x30c, 0x2bc, 0x6e, 0x4f, 0x304,
    0x6f, 0x304, 0x4f, 0x306, 0x6f, 0x306,
    0x4f, 0x30b, 0x6f, 0x30b, 0x52, 0x301,
    0x72, 0x301, 0x52, 0x327, 0x72, 0x327,
    0x52, 0x30c, 0x72, 0x30c, 0x53, 0x301,
    0x73, 0x301, 0x53, 0x302, 0x73, 0x302,
    0x53, 0x327, 0x73, 0x327, 0x53, 0x30c,
    0x73, 0x30c, 0x54, 0x327, 0x74, 0x327,
    0x54, 0x30c, 0x74, 0x30c, 0x55, 0x303,
    0x75, 0x303, 0x55, 0x304, 0x75, 0x304,
    0x55, 0x306, 0x75, 0x306, 0x55, 0x30a,
    0x75, 0x30a, 0x55, 0x30b, 0x75, 0x30b,
    0x55, 0x328, 0x75, 0x328, 0x57, 0x302,
    0x77, 0x302, 0x59, 0x302, 0x79, 0x302,
    0x59, 0x308, 0x5a, 0x301, 0x7a, 0x301,
    0x5a, 0x307, 0x7a, 0x307, 0x5a, 0x30c,
    0x7a, 0x30c, 0x73, 0x4f, 0x31b, 0x6f,
    0x31b, 0x55, 0x31b, 0x75, 0x31b, 0x44,
    0x5a, 0x30c, 0x44, 0x7a, 0x30c, 0x64,
    0x7a, 0x30c, 0x4c, 0x4a, 0x4c, 0x6a,
    0x6c, 0x6a, 0x4e, 0x4a, 0x4e, 0x6a,
    0x6e, 0x6a, 0x41, 0x30c, 0x61, 0x30c,
    0x49, 0x30c, 0x69, 0x30c, 0x4f, 0x30c,
    0x6f, 0x30c, 0x55, 0x30c, 0x75, 0x30c,
    0x55, 0x308, 0x304, 0x75, 0x308, 0x304,
    0x55, 0x308, 0x301, 0x75, 0x308, 0x301,
    0x55, 0x308, 0x30c, 0x75, 0x308, 0x30c,
    0x55, 0x308, 0x300, 0x75, 0x308, 0x300,
    0x41, 0x308, 0x304, 0x61, 0x308, 0x304,
    0x41, 0x307, 0x304, 0x61, 0x307, 0x304,
    0xc6, 0x304, 0xe6, 0x304, 0x47, 0x30c,
    0x67, 0x30c, 0x4b, 0x30c, 0x6b, 0x30c,
    0x4f, 0x328, 0x6f, 0x328, 0x4f, 0x328,
    0x304, 0x6f, 0x328, 0x304, 0x1b7, 0x30c,
    0x292, 0x30c, 0x6a, 0x30c, 0x44, 0x5a,
    0x44, 0x7a, 0x64, 0x7a, 0x47, 0x301,
    0x67, 0x301, 0x4e, 0x300, 0x6e, 0x300,
    0x41, 0x30a, 0x301, 0x61, 0x30a, 0x301,
    0xc6, 0x301, 0xe6, 0x301, 0xd8, 0x301,
    0xf8, 0x301, 0x41, 0x30f, 0x61, 0x30f,
    0x41, 0x311, 0x61, 0x311, 0x45, 0x30f,
    0x65, 0x30f, 0x45, 0x311, 0x65, 0x311,
    0x49, 0x30f, 0x69, 0x30f, 0x49, 0x311,
    0x69, 0x311, 0x4f, 0x30f, 0x6f, 0x30f,
    0x4f, 0x311, 0x6f, 0x311, 0x52, 0x30f,
    0x72, 0x30f, 0x52, 0x311, 0x72, 0x311,
    0x55, 0x30f, 0x75, 0x30f, 0x55, 0x311,
    0x75, 0x311, 0x53, 0x326, 0x73, 0x326,
    0x54, 0x326, 0x74, 0x326, 0x48, 0x30c,
    0x68, 0x30c, 0x41, 0x307, 0x61, 0x307,
    0x45, 0x327, 0x65, 0x327, 0x4f, 0x308,
    0x304, 0x6f, 0x308, 0x304, 0x4f, 0x303,
    0x304, 0x6f, 0x303, 0x304, 0x4f, 0x307,
    0x6f, 0x307, 0x4f, 0x307, 0x304, 0x6f,
    0x307, 0x304, 0x59, 0x304, 0x79, 0x304,
    0x68, 0x266, 0x6a, 0x72, 0x279, 0x27b,
    0x281, 0x77, 0x79, 0x20, 0x306, 0x20,
    0x307, 0x20, 0x30a, 0x20, 0x328, 0x20,
    0x303, 0x20, 0x30b, 0x263, 0x6c, 0x73,
    0x78, 0x295, 0x300, 0x301, 0x313, 0x308,
    0x301, 0x2b9, 0x20, 0x345, 0x3b, 0x20,
    0x301, 0x20, 0x308, 0x301, 0x391, 0x301,
    0xb7, 0x395, 0x301, 0x397, 0x301, 0x399,
    0x301, 0x39f, 0x301, 0x3a5, 0x301, 0x3a9,
    0x301, 0x3b9, 0x308, 0x301, 0x399, 0x308,
    0x3a5, 0x308, 0x3b1, 0x301, 0x3b5, 0x301,
    0x3b7, 0x301, 0x3b9, 0x301, 0x3c5, 0x308,
    0x301, 0x3b9, 0x308, 0x3c5, 0x308, 0x3bf,
    0x301, 0x3c5, 0x301, 0x3c9, 0x301, 0x3b2,
    0x3b8, 0x3a5, 0x3a5, 0x301, 0x3a5, 0x308,
    0x3c6, 0x3c0, 0x3ba, 0x3c1, 0x3c2, 0x398,
    0x3b5, 0x3a3, 0x415, 0x300, 0x415, 0x308,
    0x413, 0x301, 0x406, 0x308, 0x41a, 0x301,
    0x418, 0x300, 0x423, 0x306, 0x418, 0x306,
    0x438, 0x306, 0x435, 0x300, 0x435, 0x308,
    0x433, 0x301, 0x456, 0x308, 0x43a, 0x301,
    0x438, 0x300, 0x443, 0x306, 0x474, 0x30f,
    0x475, 0x30f, 0x416, 0x306, 0x436, 0x306,
    0x410, 0x306, 0x430, 0x306, 0x410, 0x308,
    0x430, 0x308, 0x415, 0x306, 0x435, 0x306,
    0x4d8, 0x308, 0x4d9, 0x308, 0x416, 0x308,
    0x436, 0x308, 0x417, 0x308, 0x437, 0x308,
    0x418, 0x304, 0x438, 0x304, 0x418, 0x308,
    0x438, 0x308, 0x41e, 0x308, 0x43e, 0x308,
    0x4e8, 0x308, 0x4e9, 0x308, 0x42d, 0x308,
    0x44d, 0x308, 0x423, 0x304, 0x443, 0x304,
    0x423, 0x308, 0x443, 0x308, 0x423, 0x30b,
    0x443, 0x30b, 0x427, 0x308, 0x447, 0x308,
    0x42b, 0x308, 0x44b, 0x308, 0x565, 0x582,
    0x627, 0x653, 0x627, 0x654, 0x648, 0x654,
    0x627, 0x655, 0x64a, 0x654, 0x627, 0x674,
    0x648, 0x674, 0x6c7, 0x674, 0x64a, 0x674,
    0x6d5, 0x654, 0x6c1, 0x654, 0x6d2, 0x654,
    0x928, 0x93c, 0x930, 0x93c, 0x933, 0x93c,
    0x915, 0x93c, 0x916, 0x93c, 0x917, 0x93c,
    0x91c, 0x93c, 0x921, 0x93c, 0x922, 0x93c,
    0x92b, 0x93c, 0x92f, 0x93c, 0x9c7, 0x9be,
    0x9c7, 0x9d7, 0x9a1, 0x9bc, 0x9a2, 0x9bc,
    0x9af, 0x9bc, 0xa32, 0xa3c, 0xa38, 0xa3c,
    0xa16, 0xa3c, 0xa17, 0xa3c, 0xa1c, 0xa3c,
    0xa2b, 0xa3c, 0xb47, 0xb56, 0xb47, 0xb3e,
    0xb47, 0xb57, 0xb21, 0xb3c, 0xb22, 0xb3c,
    0xb92, 0xbd7, 0xbc6, 0xbbe, 0xbc7, 0xbbe,
    0xbc6, 0xbd7, 0xc46, 0xc56, 0xcbf, 0xcd5,
    0xcc6, 0xcd5, 0xcc6, 0xcd6, 0xcc6, 0xcc2,
    0xcc6, 0xcc2, 0xcd5, 0xd46, 0xd3e, 0xd47,
    0xd3e, 0xd46, 0xd57, 0xdd9, 0xdca, 0xdd9,
    0xdcf, 0xdd9, 0xdcf, 0xdca, 0xdd9, 0xddf,
    0xe4d, 0xe32, 0xecd, 0xeb2, 0xeab, 0xe99,
    0xeab, 0xea1, 0xf0b, 0xf42, 0xfb7, 0xf4c,
    0xfb7, 0xf51, 0xfb7, 0xf56, 0xfb7, 0xf5b,
    0xfb7, 0xf40, 0xfb5, 0xf71, 0xf72, 0xf71,
    0xf74, 0xfb2, 0xf80, 0xfb2, 0xf71, 0xf80,
    0xfb3, 0xf80, 0xfb3, 0xf71, 0xf80, 0xf71,
    0xf80, 0xf92, 0xfb7, 0xf9c, 0xfb7, 0xfa1,
    0xfb7, 0xfa6, 0xfb7, 0xfab, 0xfb7, 0xf90,
    0xfb5, 0x1025, 0x102e, 0x10dc, 0x1b05, 0x1b35,
    0x1b07, 0x1b35, 0x1b09, 0x1b35, 0x1b0b, 0x1b35,
    0x1b0d, 0x1b35, 0x1b11, 0x1b35, 0x1b3a, 0x1b35,
    0x1b3c, 0x1b35, 0x1b3e, 0x1b35, 0x1b3f, 0x1b35,
    0x1b42, 0x1b35, 0x41, 0xc6, 0x42, 0x44,
    0x45, 0x18e, 0x47, 0x48, 0x49, 0x4a,
    0x4b, 0x4c, 0x4d, 0x4e, 0x4f, 0x222,
    0x50, 0x52, 0x54, 0x55, 0x57, 0x61,
    0x250, 0x251, 0x1d02, 0x62, 0x64, 0x65,
    0x259, 0x25b, 0x25c, 0x67, 0x6b, 0x6d,
    0x14b, 0x6f, 0x254, 0x1d16, 0x1d17, 0x70,
    0x74, 0x75, 0x1d1d, 0x26f, 0x76, 0x1d25,
    0x3b2, 0x3b3, 0x3b4, 0x3c6, 0x3c7, 0x69,
    0x72, 0x75, 0x76, 0x3b2, 0x3b3, 0x3c1,
    0x3c6, 0x3c7, 0x43d, 0x252, 0x63, 0x255,
    0xf0, 0x25c, 0x66, 0x25f, 0x261, 0x265,
    0x268, 0x269, 0x26a, 0x1d7b, 0x29d, 0x26d,
    0x1d85, 0x29f, 0x271, 0x270, 0x272, 0x273,
    0x274, 0x275, 0x278, 0x282, 0x283, 0x1ab,
    0x289, 0x28a, 0x1d1c, 0x28b, 0x28c, 0x7a,
    0x290, 0x291, 0x292, 0x3b8, 0x41, 0x325,
    0x61, 0x325, 0x42, 0x307, 0x62, 0x307,
    0x42, 0x323, 0x62, 0x323, 0x42, 0x331,
    0x62, 0x331, 0x43, 0x327, 0x301, 0x63,
    0x327, 0x301, 0x44, 0x307, 0x64, 0x307,
    0x44, 0x323, 0x64, 0x323, 0x44, 0x331,
    0x64, 0x331, 0x44, 0x327, 0x64, 0x327,
    0x44, 0x32d, 0x64, 0x32d, 0x45, 0x304,
    0x300, 0x65, 0x304, 0x300, 0x45, 0x304,
    0x301, 0x65, 0x304, 0x301, 0x45, 0x32d,
    0x65, 0x32d, 0x45, 0x330, 0x65, 0x330,
    0x45, 0x327, 0x306, 0x65, 0x327, 0x306,
    0x46, 0x307, 0x66, 0x307, 0x47, 0x304,
    0x67, 0x304, 0x48, 0x307, 0x68, 0x307,
    0x48, 0x323, 0x68, 0x323, 0x48, 0x308,
    0x68, 0x308, 0x48, 0x327, 0x68, 0x327,
    0x48, 0x32e, 0x68, 0x32e, 0x49, 0x330,
    0x69, 0x330, 0x49, 0x308, 0x301, 0x69,
    0x308, 0x301, 0x4b, 0x301, 0x6b, 0x301,
    0x4b, 0x323, 0x6b, 0x323, 0x4b, 0x331,
    0x6b, 0x331, 0x4c, 0x323, 0x6c, 0x323,
    0x4c, 0x323, 0x304, 0x6c, 0x323, 0x304,
    0x4c, 0x331, 0x6c, 0x331, 0x4c, 0x32d,
    0x6c, 0x32d, 0x4d, 0x301, 0x6d, 0x301,
    0x4d, 0x307, 0x6d, 0x307, 0x4d, 0x323,
    0x6d, 0x323, 0x4e, 0x307, 0x6e, 0x307,
    0x4e, 0x323, 0x6e, 0x323, 0x4e, 0x331,
    0x6e, 0x331, 0x4e, 0x32d, 0x6e, 0x32d,
    0x4f, 0x303, 0x301, 0x6f, 0x303, 0x301,
    0x4f, 0x303, 0x308, 0x6f, 0x303, 0x308,
    0x4f, 0x304, 0x300, 0x6f, 0x304, 0x300,
    0x4f, 0x304, 0x301, 0x6f, 0x304, 0x301,
    0x50, 0x301, 0x70, 0x301, 0x50, 0x307,
    0x70, 0x307, 0x52, 0x307, 0x72, 0x307,
    0x52, 0x323, 0x72, 0x323, 0x52, 0x323,
    0x304, 0x72, 0x323, 0x304, 0x52, 0x331,
    0x72, 0x331, 0x53, 0x307, 0x73, 0x307,
    0x53, 0x323, 0x73, 0x323, 0x53, 0x301,
    0x307, 0x73, 0x301, 0x307, 0x53, 0x30c,
    0x307, 0x73, 0x30c, 0x307, 0x53, 0x323,
    0x307, 0x73, 0x323, 0x307, 0x54, 0x307,
    0x74, 0x307, 0x54, 0x323, 0x74, 0x323,
    0x54, 0x331, 0x74, 0x331, 0x54, 0x32d,
    0x74, 0x32d, 0x55, 0x324, 0x75, 0x324,
    0x55, 0x330, 0x75, 0x330, 0x55, 0x32d,
    0x75, 0x32d, 0x55, 0x303, 0x301, 0x75,
    0x303, 0x301, 0x55, 0x304, 0x308, 0x75,
    0x304, 0x308, 0x56, 0x303, 0x76, 0x303,
    0x56, 0x323, 0x76, 0x323, 0x57, 0x300,
    0x77, 0x300, 0x57, 0x301, 0x77, 0x301,
    0x57, 0x308, 0x77, 0x308, 0x57, 0x307,
    0x77, 0x307, 0x57, 0x323, 0x77, 0x323,
    0x58, 0x307, 0x78, 0x307, 0x58, 0x308,
    0x78, 0x308, 0x59, 0x307, 0x79, 0x307,
    0x5a, 0x302, 0x7a, 0x302, 0x5a, 0x323,
    0x7a, 0x323, 0x5a, 0x331, 0x7a, 0x331,
    0x68, 0x331, 0x74, 0x308, 0x77, 0x30a,
    0x79, 0x30a, 0x61, 0x2be, 0x73, 0x307,
    0x41, 0x323, 0x61, 0x323, 0x41, 0x309,
    0x61, 0x309, 0x41, 0x302, 0x301, 0x61,
    0x302, 0x301, 0x41, 0x302, 0x300, 0x61,
    0x302, 0x300, 0x41, 0x302, 0x309, 0x61,
    0x302, 0x309, 0x41, 0x302, 0x303, 0x61,
    0x302, 0x303, 0x41, 0x323, 0x302, 0x61,
    0x323, 0x302, 0x41, 0x306, 0x301, 0x61,
    0x306, 0x301, 0x41, 0x306, 0x300, 0x61,
    0x306, 0x300, 0x41, 0x306, 0x309, 0x61,
    0x306, 0x309, 0x41, 0x306, 0x303, 0x61,
    0x306, 0x303, 0x41, 0x323, 0x306, 0x61,
    0x323, 0x306, 0x45, 0x323, 0x65, 0x323,
    0x45, 0x309, 0x65, 0x309, 0x45, 0x303,
    0x65, 0x303, 0x45, 0x302, 0x301, 0x65,
    0x302, 0x301, 0x45, 0x302, 0x300, 0x65,
    0x302, 0x300, 0x45, 0x302, 0x309, 0x65,
    0x302, 0x309, 0x45, 0x302, 0x303, 0x65,
    0x302, 0x303, 0x45, 0x323, 0x302, 0x65,
    0x323, 0x302, 0x49, 0x309, 0x69, 0x309,
    0x49, 0x323, 0x69, 0x323, 0x4f, 0x323,
    0x6f, 0x323, 0x4f, 0x309, 0x6f, 0x309,
    0x4f, 0x302, 0x301, 0x6f, 0x302, 0x301,
    0x4f, 0x302, 0x300, 0x6f, 0x302, 0x300,
    0x4f, 0x302, 0x309, 0x6f, 0x302, 0x309,
    0x4f, 0x302, 0x303, 0x6f, 0x302, 0x303,
    0x4f, 0x323, 0x302, 0x6f, 0x323, 0x302,
    0x4f, 0x31b, 0x301, 0x6f, 0x31b, 0x301,
    0x4f, 0x31b, 0x300, 0x6f, 0x31b, 0x300,
    0x4f, 0x31b, 0x309, 0x6f, 0x31b, 0x309,
    0x4f, 0x31b, 0x303, 0x6f, 0x31b, 0x303,
    0x4f, 0x31b, 0x323, 0x6f, 0x31b, 0x323,
    0x55, 0x323, 0x75, 0x323, 0x55, 0x309,
    0x75, 0x309, 0x55, 0x31b, 0x301, 0x75,
    0x31b, 0x301, 0x55, 0x31b, 0x300, 0x75,
    0x31b, 0x300, 0x55, 0x31b, 0x309, 0x75,
    0x31b, 0x309, 0x55, 0x31b, 0x303, 0x75,
    0x31b, 0x303, 0x55, 0x31b, 0x323, 0x75,
    0x31b, 0x323, 0x59, 0x300, 0x79, 0x300,
    0x59, 0x323, 0x79, 0x323, 0x59, 0x309,
    0x79, 0x309, 0x59, 0x303, 0x79, 0x303,
    0x3b1, 0x313, 0x3b1, 0x314, 0x3b1, 0x313,
    0x300, 0x3b1, 0x314, 0x300, 0x3b1, 0x313,
    0x301, 0x3b1, 0x314, 0x301, 0x3b1, 0x313,
    0x342, 0x3b1, 0x314, 0x342, 0x391, 0x313,
    0x391, 0x314, 0x391, 0x313, 0x300, 0x391,
    0x314, 0x300, 0x391, 0x313, 0x301, 0x391,
    0x314, 0x301, 0x391, 0x313, 0x342, 0x391,
    0x314, 0x342, 0x3b5, 0x313, 0x3b5, 0x314,
    0x3b5, 0x313, 0x300, 0x3b5, 0x314, 0x300,
    0x3b5, 0x313, 0x301, 0x3b5, 0x314, 0x301,
    0x395, 0x313, 0x395, 0x314, 0x395, 0x313,
    0x300, 0x395, 0x314, 0x300, 0x395, 0x313,
    0x301, 0x395, 0x314, 0x301, 0x3b7, 0x313,
    0x3b7, 0x314, 0x3b7, 0x313, 0x300, 0x3b7,
    0x314, 0x300, 0x3b7, 0x313, 0x301, 0x3b7,
    0x314, 0x301, 0x3b7, 0x313, 0x342, 0x3b7,
    0x314, 0x342, 0x397, 0x313, 0x397, 0x314,
    0x397, 0x313, 0x300, 0x397, 0x314, 0x300,
    0x397, 0x313, 0x301, 0x397, 0x314, 0x301,
    0x397, 0x313, 0x342, 0x397, 0x314, 0x342,
    0x3b9, 0x313, 0x3b9, 0x314, 0x3b9, 0x313,
    0x300, 0x3b9, 0x314, 0x300, 0x3b9, 0x313,
    0x301, 0x3b9, 0x314, 0x301, 0x3b9, 0x313,
    0x342, 0x3b9, 0x314, 0x342, 0x399, 0x313,
    0x399, 0x314, 0x399, 0x313, 0x300, 0x399,
    0x314, 0x300, 0x399, 0x313, 0x301, 0x399,
    0x314, 0x301, 0x399, 0x313, 0x342, 0x399,
    0x314, 0x342, 0x3bf, 0x313, 0x3bf, 0x314,
    0x3bf, 0x313, 0x300, 0x3bf, 0x314, 0x300,
    0x3bf, 0x313, 0x301, 0x3bf, 0x314, 0x301,
    0x39f, 0x313, 0x39f, 0x314, 0x39f, 0x313,
    0x300, 0x39f, 0x314, 0x300, 0x39f, 0x313,
    0x301, 0x39f, 0x314, 0x301, 0x3c5, 0x313,
    0x3c5, 0x314, 0x3c5, 0x313, 0x300, 0x3c5,
    0x314, 0x300, 0x3c5, 0x313, 0x301, 0x3c5,
    0x314, 0x301, 0x3c5, 0x313, 0x342, 0x3c5,
    0x314, 0x342, 0x3a5, 0x314, 0x3a5, 0x314,
    0x300, 0x3a5, 0x314, 0x301, 0x3a5, 0x314,
    0x342, 0x3c9, 0x313, 0x3c9, 0x314, 0x3c9,
    0x313, 0x300, 0x3c9, 0x314, 0x300, 0x3c9,
    0x313, 0x301, 0x3c9, 0x314, 0x301, 0x3c9,
    0x313, 0x342, 0x3c9, 0x314, 0x342, 0x3a9,
    0x313, 0x3a9, 0x314, 0x3a9, 0x313, 0x300,
    0x3a9, 0x314, 0x300, 0x3a9, 0x313, 0x301,
    0x3a9, 0x314, 0x301, 0x3a9, 0x313, 0x342,
    0x3a9, 0x314, 0x342, 0x3b1, 0x300, 0x3b1,
    0x301, 0x3b5, 0x300, 0x3b5, 0x301, 0x3b7,
    0x300, 0x3b7, 0x301, 0x3b9, 0x300, 0x3b9,
    0x301, 0x3bf, 0x300, 0x3bf, 0x301, 0x3c5,
    0x300, 0x3c5, 0x301, 0x3c9, 0x300, 0x3c9,
    0x301, 0x3b1, 0x313, 0x345, 0x3b1, 0x314,
    0x345, 0x3b1, 0x313, 0x300, 0x345, 0x3b1,
    0x314, 0x300, 0x345, 0x3b1, 0x313, 0x301,
    0x345, 0x3b1, 0x314, 0x301, 0x345, 0x3b1,
    0x313, 0x342, 0x345, 0x3b1, 0x314, 0x342,
    0x345, 0x391, 0x313, 0x345, 0x391, 0x314,
    0x345, 0x391, 0x313, 0x300, 0x345, 0x391,
    0x314, 0x300, 0x345, 0x391, 0x313, 0x301,
    0x345, 0x391, 0x314, 0x301, 0x345, 0x391,
    0x313, 0x342, 0x345, 0x391, 0x314, 0x342,
    0x345, 0x3b7, 0x313, 0x345, 0x3b7, 0x314,
    0x345, 0x3b7, 0x313, 0x300, 0x345, 0x3b7,
    0x314, 0x300, 0x345, 0x3b7, 0x313, 0x301,
    0x345, 0x3b7, 0x314, 0x301, 0x345, 0x3b7,
    0x313, 0x342, 0x345, 0x3b7, 0x314, 0x342,
    0x345, 0x397, 0x313, 0x345, 0x397, 0x314,
    0x345, 0x397, 0x313, 0x300, 0x345, 0x397,
    0x314, 0x300, 0x345, 0x397, 0x313, 0x301,
    0x345, 0x397, 0x314, 0x301, 0x345, 0x397,
    0x313, 0x342, 0x345, 0x397, 0x314, 0x342,
    0x345, 0x3c9, 0x313, 0x345, 0x3c9, 0x314,
    0x345, 0x3c9, 0x313, 0x300, 0x345, 0x3c9,
    0x314, 0x300, 0x345, 0x3c9, 0x313, 0x301,
    0x345, 0x3c9, 0x314, 0x301, 0x345, 0x3c9,
    0x313, 0x342, 0x345, 0x3c9, 0x314, 0x342,
    0x345, 0x3a9, 0x313, 0x345, 0x3a9, 0x314,
    0x345, 0x3a9, 0x313, 0x300, 0x345, 0x3a9,
    0x314, 0x300, 0x345, 0x3a9, 0x313, 0x301,
    0x345, 0x3a9, 0x314, 0x301, 0x345, 0x3a9,
    0x313, 0x342, 0x345, 0x3a9, 0x314, 0x342,
    0x345, 0x3b1, 0x306, 0x3b1, 0x304, 0x3b1,
    0x300, 0x345, 0x3b1, 0x345, 0x3b1, 0x301,
    0x345, 0x3b1, 0x342, 0x3b1, 0x342, 0x345,
    0x391, 0x306, 0x391, 0x304, 0x391, 0x300,
    0x391, 0x301, 0x391, 0x345, 0x20, 0x313,
    0x3b9, 0x20, 0x313, 0x20, 0x342, 0x20,
    0x308, 0x342, 0x3b7, 0x300, 0x345, 0x3b7,
    0x345, 0x3b7, 0x301, 0x345, 0x3b7, 0x342,
    0x3b7, 0x342, 0x345, 0x395, 0x300, 0x395,
    0x301, 0x397, 0x300, 0x397, 0x301, 0x397,
    0x345, 0x20, 0x313, 0x300, 0x20, 0x313,
    0x301, 0x20, 0x313, 0x342, 0x3b9, 0x306,
    0x3b9, 0x304, 0x3b9, 0x308, 0x300, 0x3b9,
    0x308, 0x301, 0x3b9, 0x342, 0x3b9, 0x308,
    0x342, 0x399, 0x306, 0x399, 0x304, 0x399,
    0x300, 0x399, 0x301, 0x20, 0x314, 0x300,
    0x20, 0x314, 0x301, 0x20, 0x314, 0x342,
    0x3c5, 0x306, 0x3c5, 0x304, 0x3c5, 0x308,
    0x300, 0x3c5, 0x308, 0x301, 0x3c1, 0x313,
    0x3c1, 0x314, 0x3c5, 0x342, 0x3c5, 0x308,
    0x342, 0x3a5, 0x306, 0x3a5, 0x304, 0x3a5,
    0x300, 0x3a5, 0x301, 0x3a1, 0x314, 0x20,
    0x308, 0x300, 0x20, 0x308, 0x301, 0x60,
    0x3c9, 0x300, 0x345, 0x3c9, 0x345, 0x3c9,
    0x301, 0x345, 0x3c9, 0x342, 0x3c9, 0x342,
    0x345, 0x39f, 0x300, 0x39f, 0x301, 0x3a9,
    0x300, 0x3a9, 0x301, 0x3a9, 0x345, 0x20,
    0x301, 0x20, 0x314, 0x20, 0x20, 0x20,
    0x20, 0x20, 0x20, 0x20, 0x20, 0x20,
    0x20, 0x20, 0x2010, 0x20, 0x333, 0x2e,
    0x2e, 0x2e, 0x2e, 0x2e, 0x2e, 0x20,
    0x2032, 0x2032, 0x2032, 0x2032, 0x2032, 0x2035,
    0x2035, 0x2035, 0x2035, 0x2035, 0x21, 0x21,
    0x20, 0x305, 0x3f, 0x3f, 0x3f, 0x21,
    0x21, 0x3f, 0x2032, 0x2032, 0x2032, 0x2032,
    0x20, 0x30, 0x69, 0x34, 0x35, 0x36,
    0x37, 0x38, 0x39, 0x2b, 0x2212, 0x3d,
    0x28, 0x29, 0x6e, 0x30, 0x31, 0x32,
    0x33, 0x34, 0x35, 0x36, 0x37, 0x38,
    0x39, 0x2b, 0x2212, 0x3d, 0x28, 0x29,
    0x61, 0x65, 0x6f, 0x78, 0x259, 0x68,
    0x6b, 0x6c, 0x6d, 0x6e, 0x70, 0x73,
    0x74, 0x52, 0x73, 0x61, 0x2f, 0x63,
    0x61, 0x2f, 0x73, 0x43, 0xb0, 0x43,
    0x63, 0x2f, 0x6f, 0x63, 0x2f, 0x75,
    0x190, 0xb0, 0x46, 0x67, 0x48, 0x48,
    0x48, 0x68, 0x127, 0x49, 0x49, 0x4c,
    0x6c, 0x4e, 0x4e, 0x6f, 0x50, 0x51,
    0x52, 0x52, 0x52, 0x53, 0x4d, 0x54,
    0x45, 0x4c, 0x54, 0x4d, 0x5a, 0x3a9,
    0x5a, 0x4b, 0x41, 0x30a, 0x42, 0x43,
    0x65, 0x45, 0x46, 0x4d, 0x6f, 0x5d0,
    0x5d1, 0x5d2, 0x5d3, 0x69, 0x46, 0x41,
    0x58, 0x3c0, 0x3b3, 0x393, 0x3a0, 0x2211,
    0x44, 0x64, 0x65, 0x69, 0x6a, 0x31,
    0x2044, 0x37, 0x31, 0x2044, 0x39, 0x31,
    0x2044, 0x31, 0x30, 0x31, 0x2044, 0x33,
    0x32, 0x2044, 0x33, 0x31, 0x2044, 0x35,
    0x32, 0x2044, 0x35, 0x33, 0x2044, 0x35,
    0x34, 0x2044, 0x35, 0x31, 0x2044, 0x36,
    0x35, 0x2044, 0x36, 0x31, 0x2044, 0x38,
    0x33, 0x2044, 0x38, 0x35, 0x2044, 0x38,
    0x37, 0x2044, 0x38, 0x31, 0x2044, 0x49,
    0x49, 0x49, 0x49, 0x49, 0x49, 0x49,
    0x56, 0x56, 0x56, 0x49, 0x56, 0x49,
    0x49, 0x56, 0x49, 0x49, 0x49, 0x49,
    0x58, 0x58, 0x58, 0x49, 0x58, 0x49,
    0x49, 0x4c, 0x43, 0x44, 0x4d, 0x69,
    0x69, 0x69, 0x69, 0x69, 0x69, 0x69,
    0x76, 0x76, 0x76, 0x69, 0x76, 0x69,
    0x69, 0x76, 0x69, 0x69, 0x69, 0x69,
    0x78, 0x78, 0x78, 0x69, 0x78, 0x69,
    0x69, 0x6c, 0x63, 0x64, 0x6d, 0x30,
    0x2044, 0x33, 0x2190, 0x338, 0x2192, 0x338,
    0x2194, 0x338, 0x21d0, 0x338, 0x21d4, 0x338,
    0x21d2, 0x338, 0x2203, 0x338, 0x2208, 0x338,
    0x220b, 0x338, 0x2223, 0x338, 0x2225, 0x338,
    0x222b, 0x222b, 0x222b, 0x222b, 0x222b, 0x222e,
    0x222e, 0x222e, 0x222e, 0x222e, 0x223c, 0x338,
    0x2243, 0x338, 0x2245, 0x338, 0x2248, 0x338,
    0x3d, 0x338, 0x2261, 0x338, 0x224d, 0x338,
    0x3c, 0x338, 0x3e, 0x338, 0x2264, 0x338,
    0x2265, 0x338, 0x2272, 0x338, 0x2273, 0x338,
    0x2276, 0x338, 0x2277, 0x338, 0x227a, 0x338,
    0x227b, 0x338, 0x2282, 0x338, 0x2283, 0x338,
    0x2286, 0x338, 0x2287, 0x338, 0x22a2, 0x338,
    0x22a8, 0x338, 0x22a9, 0x338, 0x22ab, 0x338,
    0x227c, 0x338, 0x227d, 0x338, 0x2291, 0x338,
    0x2292, 0x338, 0x22b2, 0x338, 0x22b3, 0x338,
    0x22b4, 0x338, 0x22b5, 0x338, 0x3008, 0x3009,
    0x31, 0x32, 0x33, 0x34, 0x35, 0x36,
    0x37, 0x38, 0x39, 0x31, 0x30, 0x31,
    0x31, 0x31, 0x32, 0x31, 0x33, 0x31,
    0x34, 0x31, 0x35, 0x31, 0x36, 0x31,
    0x37, 0x31, 0x38, 0x31, 0x39, 0x32,
    0x30, 0x28, 0x31, 0x29, 0x28, 0x32,
    0x29, 0x28, 0x33, 0x29, 0x28, 0x34,
    0x29, 0x28, 0x35, 0x29, 0x28, 0x36,
    0x29, 0x28, 0x37, 0x29, 0x28, 0x38,
    0x29, 0x28, 0x39, 0x29, 0x28, 0x31,
    0x30, 0x29, 0x28, 0x31, 0x31, 0x29,
    0x28, 0x31, 0x32, 0x29, 0x28, 0x31,
    0x33, 0x29, 0x28, 0x31, 0x34, 0x29,
    0x28, 0x31, 0x35, 0x29, 0x28, 0x31,
    0x36, 0x29, 0x28, 0x31, 0x37, 0x29,
    0x28, 0x31, 0x38, 0x29, 0x28, 0x31,
    0x39, 0x29, 0x28, 0x32, 0x30, 0x29,
    0x31, 0x2e, 0x32, 0x2e, 0x33, 0x2e,
    0x34, 0x2e, 0x35, 0x2e, 0x36, 0x2e,
    0x37, 0x2e, 0x38, 0x2e, 0x39, 0x2e,
    0x31, 0x30, 0x2e, 0x31, 0x31, 0x2e,
    0x31, 0x32, 0x2e, 0x31, 0x33, 0x2e,
    0x31, 0x34, 0x2e, 0x31, 0x35, 0x2e,
    0x31, 0x36, 0x2e, 0x31, 0x37, 0x2e,
    0x31, 0x38, 0x2e, 0x31, 0x39, 0x2e,
    0x32, 0x30, 0x2e, 0x28, 0x61, 0x29,
    0x28, 0x62, 0x29, 0x28, 0x63, 0x29,
    0x28, 0x64, 0x29, 0x28, 0x65, 0x29,
    0x28, 0x66, 0x29, 0x28, 0x67, 0x29,
    0x28, 0x68, 0x29, 0x28, 0x69, 0x29,
    0x28, 0x6a, 0x29, 0x28, 0x6b, 0x29,
    0x28, 0x6c, 0x29, 0x28, 0x6d, 0x29,
    0x28, 0x6e, 0x29, 0x28, 0x6f, 0x29,
    0x28, 0x70, 0x29, 0x28, 0x71, 0x29,
    0x28, 0x72, 0x29, 0x28, 0x73, 0x29,
    0x28, 0x74, 0x29, 0x28, 0x75, 0x29,
    0x28, 0x76, 0x29, 0x28, 0x77, 0x29,
    0x28, 0x78, 0x29, 0x28, 0x79, 0x29,
    0x28, 0x7a, 0x29, 0x41, 0x42, 0x43,
    0x44, 0x45, 0x46, 0x47, 0x48, 0x49,
    0x4a, 0x4b, 0x4c, 0x4d, 0x4e, 0x4f,
    0x50, 0x51, 0x52, 0x53, 0x54, 0x55,
    0x56, 0x57, 0x58, 0x59, 0x5a, 0x61,
    0x62, 0x63, 0x64, 0x65, 0x66, 0x67,
    0x68, 0x69, 0x6a, 0x6b, 0x6c, 0x6d,
    0x6e, 0x6f, 0x70, 0x71, 0x72, 0x73,
    0x74, 0x75, 0x76, 0x77, 0x78, 0x79,
    0x7a, 0x30, 0x222b, 0x222b, 0x222b, 0x222b,
    0x3a, 0x3a, 0x3d, 0x3d, 0x3d, 0x3d,
    0x3d, 0x3d, 0x2add, 0x338, 0x6a, 0x56,
    0x2d61, 0x6bcd, 0x9f9f, 0x4e00, 0x4e28, 0x4e36,
    0x4e3f, 0x4e59, 0x4e85, 0x4e8c, 0x4ea0, 0x4eba,
    0x513f, 0x5165, 0x516b, 0x5182, 0x5196, 0x51ab,
    0x51e0, 0x51f5, 0x5200, 0x529b, 0x52f9, 0x5315,
    0x531a, 0x5338, 0x5341, 0x535c, 0x5369, 0x5382,
    0x53b6, 0x53c8, 0x53e3, 0x56d7, 0x571f, 0x58eb,
    0x5902, 0x590a, 0x5915, 0x5927, 0x5973, 0x5b50,
    0x5b80, 0x5bf8, 0x5c0f, 0x5c22, 0x5c38, 0x5c6e,
    0x5c71, 0x5ddb, 0x5de5, 0x5df1, 0x5dfe, 0x5e72,
    0x5e7a, 0x5e7f, 0x5ef4, 0x5efe, 0x5f0b, 0x5f13,
    0x5f50, 0x5f61, 0x5f73, 0x5fc3, 0x6208, 0x6236,
    0x624b, 0x652f, 0x6534, 0x6587, 0x6597, 0x65a4,
    0x65b9, 0x65e0, 0x65e5, 0x66f0, 0x6708, 0x6728,
    0x6b20, 0x6b62, 0x6b79, 0x6bb3, 0x6bcb, 0x6bd4,
    0x6bdb, 0x6c0f, 0x6c14, 0x6c34, 0x706b, 0x722a,
    0x7236, 0x723b, 0x723f, 0x7247, 0x7259, 0x725b,
    0x72ac, 0x7384, 0x7389, 0x74dc, 0x74e6, 0x7518,
    0x751f, 0x7528, 0x7530, 0x758b, 0x7592, 0x7676,
    0x767d, 0x76ae, 0x76bf, 0x76ee, 0x77db, 0x77e2,
    0x77f3, 0x793a, 0x79b8, 0x79be, 0x7a74, 0x7acb,
    0x7af9, 0x7c73, 0x7cf8, 0x7f36, 0x7f51, 0x7f8a,
    0x7fbd, 0x8001, 0x800c, 0x8012, 0x8033, 0x807f,
    0x8089, 0x81e3, 0x81ea, 0x81f3, 0x81fc, 0x820c,
    0x821b, 0x821f, 0x826e, 0x8272, 0x8278, 0x864d,
    0x866b, 0x8840, 0x884c, 0x8863, 0x897e, 0x898b,
    0x89d2, 0x8a00, 0x8c37, 0x8c46, 0x8c55, 0x8c78,
    0x8c9d, 0x8d64, 0x8d70, 0x8db3, 0x8eab, 0x8eca,
    0x8f9b, 0x8fb0, 0x8fb5, 0x9091, 0x9149, 0x91c6,
    0x91cc, 0x91d1, 0x9577, 0x9580, 0x961c, 0x96b6,
    0x96b9, 0x96e8, 0x9751, 0x975e, 0x9762, 0x9769,
    0x97cb, 0x97ed, 0x97f3, 0x9801, 0x98a8, 0x98db,
    0x98df, 0x9996, 0x9999, 0x99ac, 0x9aa8, 0x9ad8,
    0x9adf, 0x9b25, 0x9b2f, 0x9b32, 0x9b3c, 0x9b5a,
    0x9ce5, 0x9e75, 0x9e7f, 0x9ea5, 0x9ebb, 0x9ec3,
    0x9ecd, 0x9ed1, 0x9ef9, 0x9efd, 0x9f0e, 0x9f13,
    0x9f20, 0x9f3b, 0x9f4a, 0x9f52, 0x9f8d, 0x9f9c,
    0x9fa0, 0x20, 0x3012, 0x5341, 0x5344, 0x5345,
    0x304b, 0x3099, 0x304d, 0x3099, 0x304f, 0x3099,
    0x3051, 0x3099, 0x3053, 0x3099, 0x3055, 0x3099,
    0x3057, 0x3099, 0x3059, 0x3099, 0x305b, 0x3099,
    0x305d, 0x3099, 0x305f, 0x3099, 0x3061, 0x3099,
    0x3064, 0x3099, 0x3066, 0x3099, 0x3068, 0x3099,
    0x306f, 0x3099, 0x306f, 0x309a, 0x3072, 0x3099,
    0x3072, 0x309a, 0x3075, 0x3099, 0x3075, 0x309a,
    0x3078, 0x3099, 0x3078, 0x309a, 0x307b, 0x3099,
    0x307b, 0x309a, 0x3046, 0x3099, 0x20, 0x3099,
    0x20, 0x309a, 0x309d, 0x3099, 0x3088, 0x308a,
    0x30ab, 0x3099, 0x30ad, 0x3099, 0x30af, 0x3099,
    0x30b1, 0x3099, 0x30b3, 0x3099, 0x30b5, 0x3099,
    0x30b7, 0x3099, 0x30b9, 0x3099, 0x30bb, 0x3099,
    0x30bd, 0x3099, 0x30bf, 0x3099, 0x30c1, 0x3099,
    0x30c4, 0x3099, 0x30c6, 0x3099, 0x30c8, 0x3099,
    0x30cf, 0x3099, 0x30cf, 0x309a, 0x30d2, 0x3099,
    0x30d2, 0x309a, 0x30d5, 0x3099, 0x30d5, 0x309a,
    0x30d8, 0x3099, 0x30d8, 0x309a, 0x30db, 0x3099,
    0x30db, 0x309a, 0x30a6, 0x3099, 0x30ef, 0x3099,
    0x30f0, 0x3099, 0x30f1, 0x3099, 0x30f2, 0x3099,
    0x30fd, 0x3099, 0x30b3, 0x30c8, 0x1100, 0x1101,
    0x11aa, 0x1102, 0x11ac, 0x11ad, 0x1103, 0x1104,
    0x1105, 0x11b0, 0x11b1, 0x11b2, 0x11b3, 0x11b4,
    0x11b5, 0x111a, 0x1106, 0x1107, 0x1108, 0x1121,
    0x1109, 0x110a, 0x110b, 0x110c, 0x110d, 0x110e,
    0x110f, 0x1110, 0x1111, 0x1112, 0x1161, 0x1162,
    0x1163, 0x1164, 0x1165, 0x1166, 0x1167, 0x1168,
    0x1169, 0x116a, 0x116b, 0x116c, 0x116d, 0x116e,
    0x116f, 0x1170, 0x1171, 0x1172, 0x1173, 0x1174,
    0x1175, 0x1160, 0x1114, 0x1115, 0x11c7, 0x11c8,
    0x11cc, 0x11ce, 0x11d3, 0x11d7, 0x11d9, 0x111c,
    0x11dd, 0x11df, 0x111d, 0x111e, 0x1120, 0x1122,
    0x1123, 0x1127, 0x1129, 0x112b, 0x112c, 0x112d,
    0x112e, 0x112f, 0x1132, 0x1136, 0x1140, 0x1147,
    0x114c, 0x11f1, 0x11f2, 0x1157, 0x1158, 0x1159,
    0x1184, 0x1185, 0x1188, 0x1191, 0x1192, 0x1194,
    0x119e, 0x11a1, 0x4e00, 0x4e8c, 0x4e09, 0x56db,
    0x4e0a, 0x4e2d, 0x4e0b, 0x7532, 0x4e59, 0x4e19,
    0x4e01, 0x5929, 0x5730, 0x4eba, 0x28, 0x1100,
    0x29, 0x28, 0x1102, 0x29, 0x28, 0x1103,
    0x29, 0x28, 0x1105, 0x29, 0x28, 0x1106,
    0x29, 0x28, 0x1107, 0x29, 0x28, 0x1109,
    0x29, 0x28, 0x110b, 0x29, 0x28, 0x110c,
    0x29, 0x28, 0x110e, 0x29, 0x28, 0x110f,
    0x29, 0x28, 0x1110, 0x29, 0x28, 0x1111,
    0x29, 0x28, 0x1112, 0x29, 0x28, 0x1100,
    0x1161, 0x29, 0x28, 0x1102, 0x1161, 0x29,
    0x28, 0x1103, 0x1161, 0x29, 0x28, 0x1105,
    0x1161, 0x29, 0x28, 0x1106, 0x1161, 0x29,
    0x28, 0x1107, 0x1161, 0x29, 0x28, 0x1109,
    0x1161, 0x29, 0x28, 0x110b, 0x1161, 0x29,
    0x28, 0x110c, 0x1161, 0x29, 0x28, 0x110e,
    0x1161, 0x29, 0x28, 0x110f, 0x1161, 0x29,
    0x28, 0x1110, 0x1161, 0x29, 0x28, 0x1111,
    0x1161, 0x29, 0x28, 0x1112, 0x1161, 0x29,
    0x28, 0x110c, 0x116e, 0x29, 0x28, 0x110b,
    0x1169, 0x110c, 0x1165, 0x11ab, 0x29, 0x28,
    0x110b, 0x1169, 0x1112, 0x116e, 0x29, 0x28,
    0x4e00, 0x29, 0x28, 0x4e8c, 0x29, 0x28,
    0x4e09, 0x29, 0x28, 0x56db, 0x29, 0x28,
    0x4e94, 0x29, 0x28, 0x516d, 0x29, 0x28,
    0x4e03, 0x29, 0x28, 0x516b, 0x29, 0x28,
    0x4e5d, 0x29, 0x28, 0x5341, 0x29, 0x28,
    0x6708, 0x29, 0x28, 0x706b, 0x29, 0x28,
    0x6c34, 0x29, 0x28, 0x6728, 0x29, 0x28,
    0x91d1, 0x29, 0x28, 0x571f, 0x29, 0x28,
    0x65e5, 0x29, 0x28, 0x682a, 0x29, 0x28,
    0x6709, 0x29, 0x28, 0x793e, 0x29, 0x28,
    0x540d, 0x29, 0x28, 0x7279, 0x29, 0x28,
    0x8ca1, 0x29, 0x28, 0x795d, 0x29, 0x28,
    0x52b4, 0x29, 0x28, 0x4ee3, 0x29, 0x28,
    0x547c, 0x29, 0x28, 0x5b66, 0x29, 0x28,
    0x76e3, 0x29, 0x28, 0x4f01, 0x29, 0x28,
    0x8cc7, 0x29, 0x28, 0x5354, 0x29, 0x28,
    0x796d, 0x29, 0x28, 0x4f11, 0x29, 0x28,
    0x81ea, 0x29, 0x28, 0x81f3, 0x29, 0x554f,
    0x5e7c, 0x6587, 0x7b8f, 0x50, 0x54, 0x45,
    0x32, 0x31, 0x32, 0x32, 0x32, 0x33,
    0x32, 0x34, 0x32, 0x35, 0x32, 0x36,
    0x32, 0x37, 0x32, 0x38, 0x32, 0x39,
    0x33, 0x30, 0x33, 0x31, 0x33, 0x32,
    0x33, 0x33, 0x33, 0x34, 0x33, 0x35,
    0x1100, 0x1102, 0x1103, 0x1105, 0x1106, 0x1107,
    0x1109, 0x110b, 0x110c, 0x110e, 0x110f, 0x1110,
    0x1111, 0x1112, 0x1100, 0x1161, 0x1102, 0x1161,
    0x1103, 0x1161, 0x1105, 0x1161, 0x1106, 0x1161,
    0x1107, 0x1161, 0x1109, 0x1161, 0x110b, 0x1161,
    0x110c, 0x1161, 0x110e, 0x1161, 0x110f, 0x1161,
    0x1110, 0x1161, 0x1111, 0x1161, 0x1112, 0x1161,
    0x110e, 0x1161, 0x11b7, 0x1100, 0x1169, 0x110c,
    0x116e, 0x110b, 0x1174, 0x110b, 0x116e, 0x4e00,
    0x4e8c, 0x4e09, 0x56db, 0x4e94, 0x516d, 0x4e03,
    0x516b, 0x4e5d, 0x5341, 0x6708, 0x706b, 0x6c34,
    0x6728, 0x91d1, 0x571f, 0x65e5, 0x682a, 0x6709,
    0x793e, 0x540d, 0x7279, 0x8ca1, 0x795d, 0x52b4,
    0x79d8, 0x7537, 0x5973, 0x9069, 0x512a, 0x5370,
    0x6ce8, 0x9805, 0x4f11, 0x5199, 0x6b63, 0x4e0a,
    0x4e2d, 0x4e0b, 0x5de6, 0x53f3, 0x533b, 0x5b97,
    0x5b66, 0x76e3, 0x4f01, 0x8cc7, 0x5354, 0x591c,
    0x33, 0x36, 0x33, 0x37, 0x33, 0x38,
    0x33, 0x39, 0x34, 0x30, 0x34, 0x31,
    0x34, 0x32, 0x34, 0x33, 0x34, 0x34,
    0x34, 0x35, 0x34, 0x36, 0x34, 0x37,
    0x34, 0x38, 0x34, 0x39, 0x35, 0x30,
    0x31, 0x6708, 0x32, 0x6708, 0x33, 0x6708,
    0x34, 0x6708, 0x35, 0x6708, 0x36, 0x6708,
    0x37, 0x6708, 0x38, 0x6708, 0x39, 0x6708,
    0x31, 0x30, 0x6708, 0x31, 0x31, 0x6708,
    0x31, 0x32, 0x6708, 0x48, 0x67, 0x65,
    0x72, 0x67, 0x65, 0x56, 0x4c, 0x54,
    0x44, 0x30a2, 0x30a4, 0x30a6, 0x30a8, 0x30aa,
    0x30ab, 0x30ad, 0x30af, 0x30b1, 0x30b3, 0x30b5,
    0x30b7, 0x30b9, 0x30bb, 0x30bd, 0x30bf, 0x30c1,
    0x30c4, 0x30c6, 0x30c8, 0x30ca, 0x30cb, 0x30cc,
    0x30cd, 0x30ce, 0x30cf, 0x30d2, 0x30d5, 0x30d8,
    0x30db, 0x30de, 0x30df, 0x30e0, 0x30e1, 0x30e2,
    0x30e4, 0x30e6, 0x30e8, 0x30e9, 0x30ea, 0x30eb,
    0x30ec, 0x30ed, 0x30ef, 0x30f0, 0x30f1, 0x30f2,
    0x4ee4, 0x548c, 0x30a2, 0x30cf, 0x309a, 0x30fc,
    0x30c8, 0x30a2, 0x30eb, 0x30d5, 0x30a1, 0x30a2,
    0x30f3, 0x30d8, 0x309a, 0x30a2, 0x30a2, 0x30fc,
    0x30eb, 0x30a4, 0x30cb, 0x30f3, 0x30af, 0x3099,
    0x30a4, 0x30f3, 0x30c1, 0x30a6, 0x30a9, 0x30f3,
    0x30a8, 0x30b9, 0x30af, 0x30fc, 0x30c8, 0x3099,
    0x30a8, 0x30fc, 0x30ab, 0x30fc, 0x30aa, 0x30f3,
    0x30b9, 0x30aa, 0x30fc, 0x30e0, 0x30ab, 0x30a4,
    0x30ea, 0x30ab, 0x30e9, 0x30c3, 0x30c8, 0x30ab,
    0x30ed, 0x30ea, 0x30fc, 0x30ab, 0x3099, 0x30ed,
    0x30f3, 0x30ab, 0x3099, 0x30f3, 0x30de, 0x30ad,
    0x3099, 0x30ab, 0x3099, 0x30ad, 0x3099, 0x30cb,
    0x30fc, 0x30ad, 0x30e5, 0x30ea, 0x30fc, 0x30ad,
    0x3099, 0x30eb, 0x30bf, 0x3099, 0x30fc, 0x30ad,
    0x30ed, 0x30ad, 0x30ed, 0x30af, 0x3099, 0x30e9,
    0x30e0, 0x30ad, 0x30ed, 0x30e1, 0x30fc, 0x30c8,
    0x30eb, 0x30ad, 0x30ed, 0x30ef, 0x30c3, 0x30c8,
    0x30af, 0x3099, 0x30e9, 0x30e0, 0x30af, 0x3099,
    0x30e9, 0x30e0, 0x30c8, 0x30f3, 0x30af, 0x30eb,
    0x30bb, 0x3099, 0x30a4, 0x30ed, 0x30af, 0x30ed,
    0x30fc, 0x30cd, 0x30b1, 0x30fc, 0x30b9, 0x30b3,
    0x30eb, 0x30ca, 0x30b3, 0x30fc, 0x30db, 0x309a,
    0x30b5, 0x30a4, 0x30af, 0x30eb, 0x30b5, 0x30f3,
    0x30c1, 0x30fc, 0x30e0, 0x30b7, 0x30ea, 0x30f3,
    0x30af, 0x3099, 0x30bb, 0x30f3, 0x30c1, 0x30bb,
    0x30f3, 0x30c8, 0x30bf, 0x3099, 0x30fc, 0x30b9,
    0x30c6, 0x3099, 0x30b7, 0x30c8, 0x3099, 0x30eb,
    0x30c8, 0x30f3, 0x30ca, 0x30ce, 0x30ce, 0x30c3,
    0x30c8, 0x30cf, 0x30a4, 0x30c4, 0x30cf, 0x309a,
    0x30fc, 0x30bb, 0x30f3, 0x30c8, 0x30cf, 0x309a,
    0x30fc, 0x30c4, 0x30cf, 0x3099, 0x30fc, 0x30ec,
    0x30eb, 0x30d2, 0x309a, 0x30a2, 0x30b9, 0x30c8,
    0x30eb, 0x30d2, 0x309a, 0x30af, 0x30eb, 0x30d2,
    0x309a, 0x30b3, 0x30d2, 0x3099, 0x30eb, 0x30d5,
    0x30a1, 0x30e9, 0x30c3, 0x30c8, 0x3099, 0x30d5,
    0x30a3, 0x30fc, 0x30c8, 0x30d5, 0x3099, 0x30c3,
    0x30b7, 0x30a7, 0x30eb, 0x30d5, 0x30e9, 0x30f3,
    0x30d8, 0x30af, 0x30bf, 0x30fc, 0x30eb, 0x30d8,
    0x309a, 0x30bd, 0x30d8, 0x309a, 0x30cb, 0x30d2,
    0x30d8, 0x30eb, 0x30c4, 0x30d8, 0x309a, 0x30f3,
    0x30b9, 0x30d8, 0x309a, 0x30fc, 0x30b7, 0x3099,
    0x30d8, 0x3099, 0x30fc, 0x30bf, 0x30db, 0x309a,
    0x30a4, 0x30f3, 0x30c8, 0x30db, 0x3099, 0x30eb,
    0x30c8, 0x30db, 0x30f3, 0x30db, 0x309a, 0x30f3,
    0x30c8, 0x3099, 0x30db, 0x30fc, 0x30eb, 0x30db,
    0x30fc, 0x30f3, 0x30de, 0x30a4, 0x30af, 0x30ed,
    0x30de, 0x30a4, 0x30eb, 0x30de, 0x30c3, 0x30cf,
    0x30de, 0x30eb, 0x30af, 0x30de, 0x30f3, 0x30b7,
    0x30e7, 0x30f3, 0x30df, 0x30af, 0x30ed, 0x30f3,
    0x30df, 0x30ea, 0x30df, 0x30ea, 0x30cf, 0x3099,
    0x30fc, 0x30eb, 0x30e1, 0x30ab, 0x3099, 0x30e1,
    0x30ab, 0x3099, 0x30c8, 0x30f3, 0x30e1, 0x30fc,
    0x30c8, 0x30eb, 0x30e4, 0x30fc, 0x30c8, 0x3099,
    0x30e4, 0x30fc, 0x30eb, 0x30e6, 0x30a2, 0x30f3,
    0x30ea, 0x30c3, 0x30c8, 0x30eb, 0x30ea, 0x30e9,
    0x30eb, 0x30d2, 0x309a, 0x30fc, 0x30eb, 0x30fc,
    0x30d5, 0x3099, 0x30eb, 0x30ec, 0x30e0, 0x30ec,
    0x30f3, 0x30c8, 0x30b1, 0x3099, 0x30f3, 0x30ef,
    0x30c3, 0x30c8, 0x30, 0x70b9, 0x31, 0x70b9,
    0x32, 0x70b9, 0x33, 0x70b9, 0x34, 0x70b9,
    0x35, 0x70b9, 0x36, 0x70b9, 0x37, 0x70b9,
    0x38, 0x70b9, 0x39, 0x70b9, 0x31, 0x30,
    0x70b9, 0x31, 0x31, 0x70b9, 0x31, 0x32,
    0x70b9, 0x31, 0x33, 0x70b9, 0x31, 0x34,
    0x70b9, 0x31, 0x35, 0x70b9, 0x31, 0x36,
    0x70b9, 0x31, 0x37, 0x70b9, 0x31, 0x38,
    0x70b9, 0x31, 0x39, 0x70b9, 0x32, 0x30,
    0x70b9, 0x32, 0x31, 0x70b9, 0x32, 0x32,
    0x70b9, 0x32, 0x33, 0x70b9, 0x32, 0x34,
    0x70b9, 0x68, 0x50, 0x61, 0x64, 0x61,
    0x41, 0x55, 0x62, 0x61, 0x72, 0x6f,
    0x56, 0x70, 0x63, 0x64, 0x6d, 0x64,
    0x6d, 0x32, 0x64, 0x6d, 0x33, 0x49,
    0x55, 0x5e73, 0x6210, 0x662d, 0x548c, 0x5927,
    0x6b63, 0x660e, 0x6cbb, 0x682a, 0x5f0f, 0x4f1a,
    0x793e, 0x70, 0x41, 0x6e, 0x41, 0x3bc,
    0x41, 0x6d, 0x41, 0x6b, 0x41, 0x4b,
    0x42, 0x4d, 0x42, 0x47, 0x42, 0x63,
    0x61, 0x6c, 0x6b, 0x63, 0x61, 0x6c,
    0x70, 0x46, 0x6e, 0x46, 0x3bc, 0x46,
    0x3bc, 0x67, 0x6d, 0x67, 0x6b, 0x67,
    0x48, 0x7a, 0x6b, 0x48, 0x7a, 0x4d,
    0x48, 0x7a, 0x47, 0x48, 0x7a, 0x54,
    0x48, 0x7a, 0x3bc, 0x6c, 0x6d, 0x6c,
    0x64, 0x6c, 0x6b, 0x6c, 0x66, 0x6d,
    0x6e, 0x6d, 0x3bc, 0x6d, 0x6d, 0x6d,
    0x63, 0x6d, 0x6b, 0x6d, 0x6d, 0x6d,
    0x32, 0x63, 0x6d, 0x32, 0x6d, 0x32,
    0x6b, 0x6d, 0x32, 0x6d, 0x6d, 0x33,
    0x63, 0x6d, 0x33, 0x6d, 0x33, 0x6b,
    0x6d, 0x33, 0x6d, 0x2215, 0x73, 0x6d,
    0x2215, 0x73, 0x32, 0x50, 0x61, 0x6b,
    0x50, 0x61, 0x4d, 0x50, 0x61, 0x47,
    0x50, 0x61, 0x72, 0x61, 0x64, 0x72,
    0x61, 0x64, 0x2215, 0x73, 0x72, 0x61,
    0x64, 0x2215, 0x73, 0x32, 0x70, 0x73,
    0x6e, 0x73, 0x3bc, 0x73, 0x6d, 0x73,
    0x70, 0x56, 0x6e, 0x56, 0x3bc, 0x56,
    0x6d, 0x56, 0x6b, 0x56, 0x4d, 0x56,
    0x70, 0x57, 0x6e, 0x57, 0x3bc, 0x57,
    0x6d, 0x57, 0x6b, 0x57, 0x4d, 0x57,
    0x6b, 0x3a9, 0x4d, 0x3a9, 0x61, 0x2e,
    0x6d, 0x2e, 0x42, 0x71, 0x63, 0x63,
    0x63, 0x64, 0x43, 0x2215, 0x6b, 0x67,
    0x43, 0x6f, 0x2e, 0x64, 0x42, 0x47,
    0x79, 0x68, 0x61, 0x48, 0x50, 0x69,
    0x6e, 0x4b, 0x4b, 0x4b, 0x4d, 0x6b,
    0x74, 0x6c, 0x6d, 0x6c, 0x6e, 0x6c,
    0x6f, 0x67, 0x6c, 0x78, 0x6d, 0x62,
    0x6d, 0x69, 0x6c, 0x6d, 0x6f, 0x6c,
    0x50, 0x48, 0x70, 0x2e, 0x6d, 0x2e,
    0x50, 0x50, 0x4d, 0x50, 0x52, 0x73,
    0x72, 0x53, 0x76, 0x57, 0x62, 0x56,
    0x2215, 0x6d, 0x41, 0x2215, 0x6d, 0x31,
    0x65e5, 0x32, 0x65e5, 0x33, 0x65e5, 0x34,
    0x65e5, 0x35, 0x65e5, 0x36, 0x65e5, 0x37,
    0x65e5, 0x38, 0x65e5, 0x39, 0x65e5, 0x31,
    0x30, 0x65e5, 0x31, 0x31, 0x65e5, 0x31,
    0x32, 0x65e5, 0x31, 0x33, 0x65e5, 0x31,
    0x34, 0x65e5, 0x31, 0x35, 0x65e5, 0x31,
    0x36, 0x65e5, 0x31, 0x37, 0x65e5, 0x31,
    0x38, 0x65e5, 0x31, 0x39, 0x65e5, 0x32,
    0x30, 0x65e5, 0x32, 0x31, 0x65e5, 0x32,
    0x32, 0x65e5, 0x32, 0x33, 0x65e5, 0x32,
    0x34, 0x65e5, 0x32, 0x35, 0x65e5, 0x32,
    0x36, 0x65e5, 0x32, 0x37, 0x65e5, 0x32,
    0x38, 0x65e5, 0x32, 0x39, 0x65e5, 0x33,
    0x30, 0x65e5, 0x33, 0x31, 0x65e5, 0x67,
    0x61, 0x6c, 0x44a, 0x44c, 0xa76f, 0x43,
    0x46, 0x51, 0x126, 0x153, 0xa727, 0xab37,
    0x26b, 0xab52, 0x28d, 0x8c48, 0x66f4, 0x8eca,
    0x8cc8, 0x6ed1, 0x4e32, 0x53e5, 0x9f9c, 0x9f9c,
    0x5951, 0x91d1, 0x5587, 0x5948, 0x61f6, 0x7669,
    0x7f85, 0x863f, 0x87ba, 0x88f8, 0x908f, 0x6a02,
    0x6d1b, 0x70d9, 0x73de, 0x843d, 0x916a, 0x99f1,
    0x4e82, 0x5375, 0x6b04, 0x721b, 0x862d, 0x9e1e,
    0x5d50, 0x6feb, 0x85cd, 0x8964, 0x62c9, 0x81d8,
    0x881f, 0x5eca, 0x6717, 0x6d6a, 0x72fc, 0x90ce,
    0x4f86, 0x51b7, 0x52de, 0x64c4, 0x6ad3, 0x7210,
    0x76e7, 0x8001, 0x8606, 0x865c, 0x8def, 0x9732,
    0x9b6f, 0x9dfa, 0x788c, 0x797f, 0x7da0, 0x83c9,
    0x9304, 0x9e7f, 0x8ad6, 0x58df, 0x5f04, 0x7c60,
    0x807e, 0x7262, 0x78ca, 0x8cc2, 0x96f7, 0x58d8,
    0x5c62, 0x6a13, 0x6dda, 0x6f0f, 0x7d2f, 0x7e37,
    0x964b, 0x52d2, 0x808b, 0x51dc, 0x51cc, 0x7a1c,
    0x7dbe, 0x83f1, 0x9675, 0x8b80, 0x62cf, 0x6a02,
    0x8afe, 0x4e39, 0x5be7, 0x6012, 0x7387, 0x7570,
    0x5317, 0x78fb, 0x4fbf, 0x5fa9, 0x4e0d, 0x6ccc,
    0x6578, 0x7d22, 0x53c3, 0x585e, 0x7701, 0x8449,
    0x8aaa, 0x6bba, 0x8fb0, 0x6c88, 0x62fe, 0x82e5,
    0x63a0, 0x7565, 0x4eae, 0x5169, 0x51c9, 0x6881,
    0x7ce7, 0x826f, 0x8ad2, 0x91cf, 0x52f5, 0x5442,
    0x5973, 0x5eec, 0x65c5, 0x6ffe, 0x792a, 0x95ad,
    0x9a6a, 0x9e97, 0x9ece, 0x529b, 0x66c6, 0x6b77,
    0x8f62, 0x5e74, 0x6190, 0x6200, 0x649a, 0x6f23,
    0x7149, 0x7489, 0x79ca, 0x7df4, 0x806f, 0x8f26,
    0x84ee, 0x9023, 0x934a, 0x5217, 0x52a3, 0x54bd,
    0x70c8, 0x88c2, 0x8aaa, 0x5ec9, 0x5ff5, 0x637b,
    0x6bae, 0x7c3e, 0x7375, 0x4ee4, 0x56f9, 0x5be7,
    0x5dba, 0x601c, 0x73b2, 0x7469, 0x7f9a, 0x8046,
    0x9234, 0x96f6, 0x9748, 0x9818, 0x4f8b, 0x79ae,
    0x91b4, 0x96b8, 0x60e1, 0x4e86, 0x50da, 0x5bee,
    0x5c3f, 0x6599, 0x6a02, 0x71ce, 0x7642, 0x84fc,
    0x907c, 0x9f8d, 0x6688, 0x962e, 0x5289, 0x677b,
    0x67f3, 0x6d41, 0x6e9c, 0x7409, 0x7559, 0x786b,
    0x7d10, 0x985e, 0x516d, 0x622e, 0x9678, 0x502b,
    0x5d19, 0x6dea, 0x8f2a, 0x5f8b, 0x6144, 0x6817,
    0x7387, 0x9686, 0x5229, 0x540f, 0x5c65, 0x6613,
    0x674e, 0x68a8, 0x6ce5, 0x7406, 0x75e2, 0x7f79,
    0x88cf, 0x88e1, 0x91cc, 0x96e2, 0x533f, 0x6eba,
    0x541d, 0x71d0, 0x7498, 0x85fa, 0x96a3, 0x9c57,
    0x9e9f, 0x6797, 0x6dcb, 0x81e8, 0x7acb, 0x7b20,
    0x7c92, 0x72c0, 0x7099, 0x8b58, 0x4ec0, 0x8336,
    0x523a, 0x5207, 0x5ea6, 0x62d3, 0x7cd6, 0x5b85,
    0x6d1e, 0x66b4, 0x8f3b, 0x884c, 0x964d, 0x898b,
    0x5ed3, 0x5140, 0x55c0, 0x585a, 0x6674, 0x51de,
    0x732a, 0x76ca, 0x793c, 0x795e, 0x7965, 0x798f,
    0x9756, 0x7cbe, 0x7fbd, 0x8612, 0x8af8, 0x9038,
    0x90fd, 0x98ef, 0x98fc, 0x9928, 0x9db4, 0x90de,
    0x96b7, 0x4fae, 0x50e7, 0x514d, 0x52c9, 0x52e4,
    0x5351, 0x559d, 0x5606, 0x5668, 0x5840, 0x58a8,
    0x5c64, 0x5c6e, 0x6094, 0x6168, 0x618e, 0x61f2,
    0x654f, 0x65e2, 0x6691, 0x6885, 0x6d77, 0x6e1a,
    0x6f22, 0x716e, 0x722b, 0x7422, 0x7891, 0x793e,
    0x7949, 0x7948, 0x7950, 0x7956, 0x795d, 0x798d,
    0x798e, 0x7a40, 0x7a81, 0x7bc0, 0x7df4, 0x7e09,
    0x7e41, 0x7f72, 0x8005, 0x81ed, 0x8279, 0x8279,
    0x8457, 0x8910, 0x8996, 0x8b01, 0x8b39, 0x8cd3,
    0x8d08, 0x8fb6, 0x9038, 0x96e3, 0x97ff, 0x983b,
    0x6075, 0x242ee, 0x8218, 0x4e26, 0x51b5, 0x5168,
    0x4f80, 0x5145, 0x5180, 0x52c7, 0x52fa, 0x559d,
    0x5555, 0x5599, 0x55e2, 0x585a, 0x58b3, 0x5944,
    0x5954, 0x5a62, 0x5b28, 0x5ed2, 0x5ed9, 0x5f69,
    0x5fad, 0x60d8, 0x614e, 0x6108, 0x618e, 0x6160,
    0x61f2, 0x6234, 0x63c4, 0x641c, 0x6452, 0x6556,
    0x6674, 0x6717, 0x671b, 0x6756, 0x6b79, 0x6bba,
    0x6d41, 0x6edb, 0x6ecb, 0x6f22, 0x701e, 0x716e,
    0x77a7, 0x7235, 0x72af, 0x732a, 0x7471, 0x7506,
    0x753b, 0x761d, 0x761f, 0x76ca, 0x76db, 0x76f4,
    0x774a, 0x7740, 0x78cc, 0x7ab1, 0x7bc0, 0x7c7b,
    0x7d5b, 0x7df4, 0x7f3e, 0x8005, 0x8352, 0x83ef,
    0x8779, 0x8941, 0x8986, 0x8996, 0x8abf, 0x8af8,
    0x8acb, 0x8b01, 0x8afe, 0x8aed, 0x8b39, 0x8b8a,
    0x8d08, 0x8f38, 0x9072, 0x9199, 0x9276, 0x967c,
    0x96e3, 0x9756, 0x97db, 0x97ff, 0x980b, 0x983b,
    0x9b12, 0x9f9c, 0x2284a, 0x22844, 0x233d5, 0x3b9d,
    0x4018, 0x4039, 0x25249, 0x25cd0, 0x27ed3, 0x9f43,
    0x9f8e, 0x66, 0x66, 0x66, 0x69, 0x66,
    0x6c, 0x66, 0x66, 0x69, 0x66, 0x66,
    0x6c, 0x73, 0x74, 0x73, 0x74, 0x574,
    0x576, 0x574, 0x565, 0x574, 0x56b, 0x57e,
    0x576, 0x574, 0x56d, 0x5d9, 0x5b4, 0x5f2,
    0x5b7, 0x5e2, 0x5d0, 0x5d3, 0x5d4, 0x5db,
    0x5dc, 0x5dd, 0x5e8, 0x5ea, 0x2b, 0x5e9,
    0x5c1, 0x5e9, 0x5c2, 0x5e9, 0x5bc, 0x5c1,
    0x5e9, 0x5bc, 0x5c2, 0x5d0, 0x5b7, 0x5d0,
    0x5b8, 0x5d0, 0x5bc, 0x5d1, 0x5bc, 0x5d2,
    0x5bc, 0x5d3, 0x5bc, 0x5d4, 0x5bc, 0x5d5,
    0x5bc, 0x5d6, 0x5bc, 0x5d8, 0x5bc, 0x5d9,
    0x5bc, 0x5da, 0x5bc, 0x5db, 0x5bc, 0x5dc,
    0x5bc, 0x5de, 0x5bc, 0x5e0, 0x5bc, 0x5e1,
    0x5bc, 0x5e3, 0x5bc, 0x5e4, 0x5bc, 0x5e6,
    0x5bc, 0x5e7, 0x5bc, 0x5e8, 0x5bc, 0x5e9,
    0x5bc, 0x5ea, 0x5bc, 0x5d5, 0x5b9, 0x5d1,
    0x5bf, 0x5db, 0x5bf, 0x5e4, 0x5bf, 0x5d0,
    0x5dc, 0x671, 0x671, 0x67b, 0x67b, 0x67b,
    0x67b, 0x67e, 0x67e, 0x67e, 0x67e, 0x680,
    0x680, 0x680, 0x680, 0x67a, 0x67a, 0x67a,
    0x67a, 0x67f, 0x67f, 0x67f, 0x67f, 0x679,
    0x679, 0x679, 0x679, 0x6a4, 0x6a4, 0x6a4,
    0x6a4, 0x6a6, 0x6a6, 0x6a6, 0x6a6, 0x684,
    0x684, 0x684, 0x684, 0x683, 0x683, 0x683,
    0x683, 0x686, 0x686, 0x686, 0x686, 0x687,
    0x687, 0x687, 0x687, 0x68d, 0x68d, 0x68c,
    0x68c, 0x68e, 0x68e, 0x688, 0x688, 0x698,
    0x698, 0x691, 0x691, 0x6a9, 0x6a9, 0x6a9,
    0x6a9, 0x6af, 0x6af, 0x6af, 0x6af, 0x6b3,
    0x6b3, 0x6b3, 0x6b3, 0x6b1, 0x6b1, 0x6b1,
    0x6b1, 0x6ba, 0x6ba, 0x6bb, 0x6bb, 0x6bb,
    0x6bb, 0x6d5, 0x654, 0x6d5, 0x654, 0x6c1,
    0x6c1, 0x6c1, 0x6c1, 0x6be, 0x6be, 0x6be,
    0x6be, 0x6d2, 0x6d2, 0x6d2, 0x654, 0x6d2,
    0x654, 0x6ad, 0x6ad, 0x6ad, 0x6ad, 0x6c7,
    0x6c7, 0x6c6, 0x6c6, 0x6c8, 0x6c8, 0x6c7,
    0x674, 0x6cb, 0x6cb, 0x6c5, 0x6c5, 0x6c9,
    0x6c9, 0x6d0, 0x6d0, 0x6d0, 0x6d0, 0x649,
    0x649, 0x64a, 0x654, 0x627, 0x64a, 0x654,
    0x627, 0x64a, 0x654, 0x6d5, 0x64a, 0x654,
    0x6d5, 0x64a, 0x654, 0x648, 0x64a, 0x654,
    0x648, 0x64a, 0x654, 0x6c7, 0x64a, 0x654,
    0x6c7, 0x64a, 0x654, 0x6c6, 0x64a, 0x654,
    0x6c6, 0x64a, 0x654, 0x6c8, 0x64a, 0x654,
    0x6c8, 0x64a, 0x654, 0x6d0, 0x64a, 0x654,
    0x6d0, 0x64a, 0x654, 0x6d0, 0x64a, 0x654,
    0x649, 0x64a, 0x654, 0x649, 0x64a, 0x654,
    0x649, 0x6cc, 0x6cc, 0x6cc, 0x6cc, 0x64a,
    0x654, 0x62c, 0x64a, 0x654, 0x62d, 0x64a,
    0x654, 0x645, 0x64a, 0x654, 0x649, 0x64a,
    0x654, 0x64a, 0x628, 0x62c, 0x628, 0x62d,
    0x628, 0x62e, 0x628, 0x645, 0x628, 0x649,
    0x628, 0x64a, 0x62a, 0x62c, 0x62a, 0x62d,
    0x62a, 0x62e, 0x62a, 0x645, 0x62a, 0x649,
    0x62a, 0x64a, 0x62b, 0x62c, 0x62b, 0x645,
    0x62b, 0x649, 0x62b, 0x64a, 0x62c, 0x62d,
    0x62c, 0x645, 0x62d, 0x62c, 0x62d, 0x645,
    0x62e, 0x62c, 0x62e, 0x62d, 0x62e, 0x645,
    0x633, 0x62c, 0x633, 0x62d, 0x633, 0x62e,
    0x633, 0x645, 0x635, 0x62d, 0x635, 0x645,
    0x636, 0x62c, 0x636, 0x62d, 0x636, 0x62e,
    0x636, 0x645, 0x637, 0x62d, 0x637, 0x645,
    0x638, 0x645, 0x639, 0x62c, 0x639, 0x645,
    0x63a, 0x62c, 0x63a, 0x645, 0x641, 0x62c,
    0x641, 0x62d, 0x641, 0x62e, 0x641, 0x645,
    0x641, 0x649, 0x641, 0x64a, 0x642, 0x62d,
    0x642, 0x645, 0x642, 0x649, 0x642, 0x64a,
    0x643, 0x627, 0x643, 0x62c, 0x643, 0x62d,
    0x643, 0x62e, 0x643, 0x644, 0x643, 0x645,
    0x643, 0x649, 0x643, 0x64a, 0x644, 0x62c,
    0x644, 0x62d, 0x644, 0x62e, 0x644, 0x645,
    0x644, 0x649, 0x644, 0x64a, 0x645, 0x62c,
    0x645, 0x62d, 0x645, 0x62e, 0x645, 0x645,
    0x645, 0x649, 0x645, 0x64a, 0x646, 0x62c,
    0x646, 0x62d, 0x646, 0x62e, 0x646, 0x645,
    0x646, 0x649, 0x646, 0x64a, 0x647, 0x62c,
    0x647, 0x645, 0x647, 0x649, 0x647, 0x64a,
    0x64a, 0x62c, 0x64a, 0x62d, 0x64a, 0x62e,
    0x64a, 0x645, 0x64a, 0x649, 0x64a, 0x64a,
    0x630, 0x670, 0x631, 0x670, 0x649, 0x670,
    0x20, 0x64c, 0x651, 0x20, 0x64d, 0x651,
    0x20, 0x64e, 0x651, 0x20, 0x64f, 0x651,
    0x20, 0x650, 0x651, 0x20, 0x651, 0x670,
    0x64a, 0x654, 0x631, 0x64a, 0x654, 0x632,
    0x64a, 0x654, 0x645, 0x64a, 0x654, 0x646,
    0x64a, 0x654, 0x649, 0x64a, 0x654, 0x64a,
    0x628, 0x631, 0x628, 0x632, 0x628, 0x645,
    0x628, 0x646, 0x628, 0x649, 0x628, 0x64a,
    0x62a, 0x631, 0x62a, 0x632, 0x62a, 0x645,
    0x62a, 0x646, 0x62a, 0x649, 0x62a, 0x64a,
    0x62b, 0x631, 0x62b, 0x632, 0x62b, 0x645,
    0x62b, 0x646, 0x62b, 0x649, 0x62b, 0x64a,
    0x641, 0x649, 0x641, 0x64a, 0x642, 0x649,
    0x642, 0x64a, 0x643, 0x627, 0x643, 0x644,
    0x643, 0x645, 0x643, 0x649, 0x643, 0x64a,
    0x644, 0x645, 0x644, 0x649, 0x644, 0x64a,
    0x645, 0x627, 0x645, 0x645, 0x646, 0x631,
    0x646, 0x632, 0x646, 0x645, 0x646, 0x646,
    0x646, 0x649, 0x646, 0x64a, 0x649, 0x670,
    0x64a, 0x631, 0x64a, 0x632, 0x64a, 0x645,
    0x64a, 0x646, 0x64a, 0x649, 0x64a, 0x64a,
    0x64a, 0x654, 0x62c, 0x64a, 0x654, 0x62d,
    0x64a, 0x654, 0x62e, 0x64a, 0x654, 0x645,
    0x64a, 0x654, 0x647, 0x628, 0x62c, 0x628,
    0x62d, 0x628, 0x62e, 0x628, 0x645, 0x628,
    0x647, 0x62a, 0x62c, 0x62a, 0x62d, 0x62a,
    0x62e, 0x62a, 0x645, 0x62a, 0x647, 0x62b,
    0x645, 0x62c, 0x62d, 0x62c, 0x645, 0x62d,
    0x62c, 0x62d, 0x645, 0x62e, 0x62c, 0x62e,
    0x645, 0x633, 0x62c, 0x633, 0x62d, 0x633,
    0x62e, 0x633, 0x645, 0x635, 0x62d, 0x635,
    0x62e, 0x635, 0x645, 0x636, 0x62c, 0x636,
    0x62d, 0x636, 0x62e, 0x636, 0x645, 0x637,
    0x62d, 0x638, 0x645, 0x639, 0x62c, 0x639,
    0x645, 0x63a, 0x62c, 0x63a, 0x645, 0x641,
    0x62c, 0x641, 0x62d, 0x641, 0x62e, 0x641,
    0x645, 0x642, 0x62d, 0x642, 0x645, 0x643,
    0x62c, 0x643, 0x62d, 0x643, 0x62e, 0x643,
    0x644, 0x643, 0x645, 0x644, 0x62c, 0x644,
    0x62d, 0x644, 0x62e, 0x644, 0x645, 0x644,
    0x647, 0x645, 0x62c, 0x645, 0x62d, 0x645,
    0x62e, 0x645, 0x645, 0x646, 0x62c, 0x646,
    0x62d, 0x646, 0x62e, 0x646, 0x645, 0x646,
    0x647, 0x647, 0x62c, 0x647, 0x645, 0x647,
    0x670, 0x64a, 0x62c, 0x64a, 0x62d, 0x64a,
    0x62e, 0x64a, 0x645, 0x64a, 0x647, 0x64a,
    0x654, 0x645, 0x64a, 0x654, 0x647, 0x628,
    0x645, 0x628, 0x647, 0x62a, 0x645, 0x62a,
    0x647, 0x62b, 0x645, 0x62b, 0x647, 0x633,
    0x645, 0x633, 0x647, 0x634, 0x645, 0x634,
    0x647, 0x643, 0x644, 0x643, 0x645, 0x644,
    0x645, 0x646, 0x645, 0x646, 0x647, 0x64a,
    0x645, 0x64a, 0x647, 0x640, 0x64e, 0x651,
    0x640, 0x64f, 0x651, 0x640, 0x650, 0x651,
    0x637, 0x649, 0x637, 0x64a, 0x639, 0x649,
    0x639, 0x64a, 0x63a, 0x649, 0x63a, 0x64a,
    0x633, 0x649, 0x633, 0x64a, 0x634, 0x649,
    0x634, 0x64a, 0x62d, 0x649, 0x62d, 0x64a,
    0x62c, 0x649, 0x62c, 0x64a, 0x62e, 0x649,
    0x62e, 0x64a, 0x635, 0x649, 0x635, 0x64a,
    0x636, 0x649, 0x636, 0x64a, 0x634, 0x62c,
    0x634, 0x62d, 0x634, 0x62e, 0x634, 0x645,
    0x634, 0x631, 0x633, 0x631, 0x635, 0x631,
    0x636, 0x631, 0x637, 0x649, 0x637, 0x64a,
    0x639, 0x649, 0x639, 0x64a, 0x63a, 0x649,
    0x63a, 0x64a, 0x633, 0x649, 0x633, 0x64a,
    0x634, 0x649, 0x634, 0x64a, 0x62d, 0x649,
    0x62d, 0x64a, 0x62c, 0x649, 0x62c, 0x64a,
    0x62e, 0x649, 0x62e, 0x64a, 0x635, 0x649,
    0x635, 0x64a, 0x636, 0x649, 0x636, 0x64a,
    0x634, 0x62c, 0x634, 0x62d, 0x634, 0x62e,
    0x634, 0x645, 0x634, 0x631, 0x633, 0x631,
    0x635, 0x631, 0x636, 0x631, 0x634, 0x62c,
    0x634, 0x62d, 0x634, 0x62e, 0x634, 0x645,
    0x633, 0x647, 0x634, 0x647, 0x637, 0x645,
    0x633, 0x62c, 0x633, 0x62d, 0x633, 0x62e,
    0x634, 0x62c, 0x634, 0x62d, 0x634, 0x62e,
    0x637, 0x645, 0x638, 0x645, 0x627, 0x64b,
    0x627, 0x64b, 0x62a, 0x62c, 0x645, 0x62a,
    0x62d, 0x62c, 0x62a, 0x62d, 0x62c, 0x62a,
    0x62d, 0x645, 0x62a, 0x62e, 0x645, 0x62a,
    0x645, 0x62c, 0x62a, 0x645, 0x62d, 0x62a,
    0x645, 0x62e, 0x62c, 0x645, 0x62d, 0x62c,
    0x645, 0x62d, 0x62d, 0x645, 0x64a, 0x62d,
    0x645, 0x649, 0x633, 0x62d, 0x62c, 0x633,
    0x62c, 0x62d, 0x633, 0x62c, 0x649, 0x633,
    0x645, 0x62d, 0x633, 0x645, 0x62d, 0x633,
    0x645, 0x62c, 0x633, 0x645, 0x645, 0x633,
    0x645, 0x645, 0x635, 0x62d, 0x62d, 0x635,
    0x62d, 0x62d, 0x635, 0x645, 0x645, 0x634,
    0x62d, 0x645, 0x634, 0x62d, 0x645, 0x634,
    0x62c, 0x64a, 0x634, 0x645, 0x62e, 0x634,
    0x645, 0x62e, 0x634, 0x645, 0x645, 0x634,
    0x645, 0x645, 0x636, 0x62d, 0x649, 0x636,
    0x62e, 0x645, 0x636, 0x62e, 0x645, 0x637,
    0x645, 0x62d, 0x637, 0x645, 0x62d, 0x637,
    0x645, 0x645, 0x637, 0x645, 0x64a, 0x639,
    0x62c, 0x645, 0x639, 0x645, 0x645, 0x639,
    0x645, 0x645, 0x639, 0x645, 0x649, 0x63a,
    0x645, 0x645, 0x63a, 0x645, 0x64a, 0x63a,
    0x645, 0x649, 0x641, 0x62e, 0x645, 0x641,
    0x62e, 0x645, 0x642, 0x645, 0x62d, 0x642,
    0x645, 0x645, 0x644, 0x62d, 0x645, 0x644,
    0x62d, 0x64a, 0x644, 0x62d, 0x649, 0x644,
    0x62c, 0x62c, 0x644, 0x62c, 0x62c, 0x644,
    0x62e, 0x645, 0x644, 0x62e, 0x645, 0x644,
    0x645, 0x62d, 0x644, 0x645, 0x62d, 0x645,
    0x62d, 0x62c, 0x645, 0x62d, 0x645, 0x645,
    0x62d, 0x64a, 0x645, 0x62c, 0x62d, 0x645,
    0x62c, 0x645, 0x645, 0x62e, 0x62c, 0x645,
    0x62e, 0x645, 0x645, 0x62c, 0x62e, 0x647,
    0x645, 0x62c, 0x647, 0x645, 0x645, 0x646,
    0x62d, 0x645, 0x646, 0x62d, 0x649, 0x646,
    0x62c, 0x645, 0x646, 0x62c, 0x645, 0x646,
    0x62c, 0x649, 0x646, 0x645, 0x64a, 0x646,
    0x645, 0x649, 0x64a, 0x645, 0x645, 0x64a,
    0x645, 0x645, 0x628, 0x62e, 0x64a, 0x62a,
    0x62c, 0x64a, 0x62a, 0x62c, 0x649, 0x62a,
    0x62e, 0x64a, 0x62a, 0x62e, 0x649, 0x62a,
    0x645, 0x64a, 0x62a, 0x645, 0x649, 0x62c,
    0x645, 0x64a, 0x62c, 0x62d, 0x649, 0x62c,
    0x645, 0x649, 0x633, 0x62e, 0x649, 0x635,
    0x62d, 0x64a, 0x634, 0x62d, 0x64a, 0x636,
    0x62d, 0x64a, 0x644, 0x62c, 0x64a, 0x644,
    0x645, 0x64a, 0x64a, 0x62d, 0x64a, 0x64a,
    0x62c, 0x64a, 0x64a, 0x645, 0x64a, 0x645,
    0x645, 0x64a, 0x642, 0x645, 0x64a, 0x646,
    0x62d, 0x64a, 0x642, 0x645, 0x62d, 0x644,
    0x62d, 0x645, 0x639, 0x645, 0x64a, 0x643,
    0x645, 0x64a, 0x646, 0x62c, 0x62d, 0x645,
    0x62e, 0x64a, 0x644, 0x62c, 0x645, 0x643,
    0x645, 0x645, 0x644, 0x62c, 0x645, 0x646,
    0x62c, 0x62d, 0x62c, 0x62d, 0x64a, 0x62d,
    0x62c, 0x64a, 0x645, 0x62c, 0x64a, 0x641,
    0x645, 0x64a, 0x628, 0x62d, 0x64a, 0x643,
    0x645, 0x645, 0x639, 0x62c, 0x645, 0x635,
    0x645, 0x645, 0x633, 0x62e, 0x64a, 0x646,
    0x62c, 0x64a, 0x635, 0x644, 0x6d2, 0x642,
    0x644, 0x6d2, 0x627, 0x644, 0x644, 0x647,
    0x627, 0x643, 0x628, 0x631, 0x645, 0x62d,
    0x645, 0x62f, 0x635, 0x644, 0x639, 0x645,
    0x631, 0x633, 0x648, 0x644, 0x639, 0x644,
    0x64a, 0x647, 0x648, 0x633, 0x644, 0x645,
    0x635, 0x644, 0x649, 0x635, 0x644, 0x649,
    0x20, 0x627, 0x644, 0x644, 0x647, 0x20,
    0x639, 0x644, 0x64a, 0x647, 0x20, 0x648,
    0x633, 0x644, 0x645, 0x62c, 0x644, 0x20,
    0x62c, 0x644, 0x627, 0x644, 0x647, 0x631,
    0x6cc, 0x627, 0x644, 0x2c, 0x3001, 0x3002,
    0x3a, 0x3b, 0x21, 0x3f, 0x3016, 0x3017,
    0x2e, 0x2e, 0x2e, 0x2e, 0x2e, 0x2014,
    0x2013, 0x5f, 0x5f, 0x28, 0x29, 0x7b,
    0x7d, 0x3014, 0x3015, 0x3010, 0x3011, 0x300a,
    0x300b, 0x3008, 0x3009, 0x300c, 0x300d, 0x300e,
    0x300f, 0x5b, 0x5d, 0x20, 0x305, 0x20,
    0x305, 0x20, 0x305, 0x20, 0x305, 0x5f,
    0x5f, 0x5f, 0x2c, 0x3001, 0x2e, 0x3b,
    0x3a, 0x3f, 0x21, 0x2014, 0x28, 0x29,
    0x7b, 0x7d, 0x3014, 0x3015, 0x23, 0x26,
    0x2a, 0x2b, 0x2d, 0x3c, 0x3e, 0x3d,
    0x5c, 0x24, 0x25, 0x40, 0x20, 0x64b,
    0x640, 0x64b, 0x20, 0x64c, 0x20, 0x64d,
    0x20, 0x64e, 0x640, 0x64e, 0x20, 0x64f,
    0x640, 0x64f, 0x20, 0x650, 0x640, 0x650,
    0x20, 0x651, 0x640, 0x651, 0x20, 0x652,
    0x640, 0x652, 0x621, 0x627, 0x653, 0x627,
    0x653, 0x627, 0x654, 0x627, 0x654, 0x648,
    0x654, 0x648, 0x654, 0x627, 0x655, 0x627,
    0x655, 0x64a, 0x654, 0x64a, 0x654, 0x64a,
    0x654, 0x64a, 0x654, 0x627, 0x627, 0x628,
    0x628, 0x628, 0x628, 0x629, 0x629, 0x62a,
    0x62a, 0x62a, 0x62a, 0x62b, 0x62b, 0x62b,
    0x62b, 0x62c, 0x62c, 0x62c, 0x62c, 0x62d,
    0x62d, 0x62d, 0x62d, 0x62e, 0x62e, 0x62e,
    0x62e, 0x62f, 0x62f, 0x630, 0x630, 0x631,
    0x631, 0x632, 0x632, 0x633, 0x633, 0x633,
    0x633, 0x634, 0x634, 0x634, 0x634, 0x635,
    0x635, 0x635, 0x635, 0x636, 0x636, 0x636,
    0x636, 0x637, 0x637, 0x637, 0x637, 0x638,
    0x638, 0x638, 0x638, 0x639, 0x639, 0x639,
    0x639, 0x63a, 0x63a, 0x63a, 0x63a, 0x641,
    0x641, 0x641, 0x641, 0x642, 0x642, 0x642,
    0x642, 0x643, 0x643, 0x643, 0x643, 0x644,
    0x644, 0x644, 0x644, 0x645, 0x645, 0x645,
    0x645, 0x646, 0x646, 0x646, 0x646, 0x647,
    0x647, 0x647, 0x647, 0x648, 0x648, 0x649,
    0x649, 0x64a, 0x64a, 0x64a, 0x64a, 0x644,
    0x627, 0x653, 0x644, 0x627, 0x653, 0x644,
    0x627, 0x654, 0x644, 0x627, 0x654, 0x644,
    0x627, 0x655, 0x644, 0x627, 0x655, 0x644,
    0x627, 0x644, 0x627, 0x21, 0x22, 0x23,
    0x24, 0x25, 0x26, 0x27, 0x28, 0x29,
    0x2a, 0x2b, 0x2c, 0x2d, 0x2e, 0x2f,
    0x30, 0x31, 0x32, 0x33, 0x34, 0x35,
    0x36, 0x37, 0x38, 0x39, 0x3a, 0x3b,
    0x3c, 0x3d, 0x3e, 0x3f, 0x40, 0x41,
    0x42, 0x43, 0x44, 0x45, 0x46, 0x47,
    0x48, 0x49, 0x4a, 0x4b, 0x4c, 0x4d,
    0x4e, 0x4f, 0x50, 0x51, 0x52, 0x53,
    0x54, 0x55, 0x56, 0x57, 0x58, 0x59,
    0x5a, 0x5b, 0x5c, 0x5d, 0x5e, 0x5f,
    0x60, 0x61, 0x62, 0x63, 0x64, 0x65,
    0x66, 0x67, 0x68, 0x69, 0x6a, 0x6b,
    0x6c, 0x6d, 0x6e, 0x6f, 0x70, 0x71,
    0x72, 0x73, 0x74, 0x75, 0x76, 0x77,
    0x78, 0x79, 0x7a, 0x7b, 0x7c, 0x7d,
    0x7e, 0x2985, 0x2986, 0x3002, 0x300c, 0x300d,
    0x3001, 0x30fb, 0x30f2, 0x30a1, 0x30a3, 0x30a5,
    0x30a7, 0x30a9, 0x30e3, 0x30e5, 0x30e7, 0x30c3,
    0x30fc, 0x30a2, 0x30a4, 0x30a6, 0x30a8, 0x30aa,
    0x30ab, 0x30ad, 0x30af, 0x30b1, 0x30b3, 0x30b5,
    0x30b7, 0x30b9, 0x30bb, 0x30bd, 0x30bf, 0x30c1,
    0x30c4, 0x30c6, 0x30c8, 0x30ca, 0x30cb, 0x30cc,
    0x30cd, 0x30ce, 0x30cf, 0x30d2, 0x30d5, 0x30d8,
    0x30db, 0x30de, 0x30df, 0x30e0, 0x30e1, 0x30e2,
    0x30e4, 0x30e6, 0x30e8, 0x30e9, 0x30ea, 0x30eb,
    0x30ec, 0x30ed, 0x30ef, 0x30f3, 0x3099, 0x309a,
    0x1160, 0x1100, 0x1101, 0x11aa, 0x1102, 0x11ac,
    0x11ad, 0x1103, 0x1104, 0x1105, 0x11b0, 0x11b1,
    0x11b2, 0x11b3, 0x11b4, 0x11b5, 0x111a, 0x1106,
    0x1107, 0x1108, 0x1121, 0x1109, 0x110a, 0x110b,
    0x110c, 0x110d, 0x110e, 0x110f, 0x1110, 0x1111,
    0x1112, 0x1161, 0x1162, 0x1163, 0x1164, 0x1165,
    0x1166, 0x1167, 0x1168, 0x1169, 0x116a, 0x116b,
    0x116c, 0x116d, 0x116e, 0x116f, 0x1170, 0x1171,
    0x1172, 0x1173, 0x1174, 0x1175, 0xa2, 0xa3,
    0xac, 0x20, 0x304, 0xa6, 0xa5, 0x20a9,
    0x2502, 0x2190, 0x2191, 0x2192, 0x2193, 0x25a0,
    0x25cb, 0x2d0, 0x2d1, 0xe6, 0x299, 0x253,
    0x2a3, 0xab66, 0x2a5, 0x2a4, 0x256, 0x257,
    0x1d91, 0x258, 0x25e, 0x2a9, 0x264, 0x262,
    0x260, 0x29b, 0x127, 0x29c, 0x267, 0x284,
    0x2aa, 0x2ab, 0x26c, 0x1df04, 0xa78e, 0x26e,
    0x1df05, 0x28e, 0x1df06, 0xf8, 0x276, 0x277,
    0x71, 0x27a, 0x1df08, 0x27d, 0x27e, 0x280,
    0x2a8, 0x2a6, 0xab67, 0x2a7, 0x288, 0x2c71,
    0x28f, 0x2a1, 0x2a2, 0x298, 0x1c0, 0x1c1,
    0x1c2, 0x1df0a, 0x1df1e, 0x11099, 0x110ba, 0x1109b,
    0x110ba, 0x110a5, 0x110ba, 0x11131, 0x11127, 0x11132,
    0x11127, 0x11347, 0x1133e, 0x11347, 0x11357, 0x114b9,
    0x114ba, 0x114b9, 0x114b0, 0x114b9, 0x114bd, 0x115b8,
    0x115af, 0x115b9, 0x115af, 0x11935, 0x11930, 0x1d157,
    0x1d165, 0x1d158, 0x1d165, 0x1d158, 0x1d165, 0x1d16e,
    0x1d158, 0x1d165, 0x1d16f, 0x1d158, 0x1d165, 0x1d170,
    0x1d158, 0x1d165, 0x1d171, 0x1d158, 0x1d165, 0x1d172,
    0x1d1b9, 0x1d165, 0x1d1ba, 0x1d165, 0x1d1b9, 0x1d165,
    0x1d16e, 0x1d1ba, 0x1d165, 0x1d16e, 0x1d1b9, 0x1d165,
    0x1d16f, 0x1d1ba, 0x1d165, 0x1d16f, 0x41, 0x42,
    0x43, 0x44, 0x45, 0x46, 0x47, 0x48,
    0x49, 0x4a, 0x4b, 0x4c, 0x4d, 0x4e,
    0x4f, 0x50, 0x51, 0x52, 0x53, 0x54,
    0x55, 0x56, 0x57, 0x58, 0x59, 0x5a,
    0x61, 0x62, 0x63, 0x64, 0x65, 0x66,
    0x67, 0x68, 0x69, 0x6a, 0x6b, 0x6c,
    0x6d, 0x6e, 0x6f, 0x70, 0x71, 0x72,
    0x73, 0x74, 0x75, 0x76, 0x77, 0x78,
    0x79, 0x7a, 0x41, 0x42, 0x43, 0x44,
    0x45, 0x46, 0x47, 0x48, 0x49, 0x4a,
    0x4b, 0x4c, 0x4d, 0x4e, 0x4f, 0x50,
    0x51, 0x52, 0x53, 0x54, 0x55, 0x56,
    0x57, 0x58, 0x59, 0x5a, 0x61, 0x62,
    0x63, 0x64, 0x65, 0x66, 0x67, 0x69,
    0x6a, 0x6b, 0x6c, 0x6d, 0x6e, 0x6f,
    0x70, 0x71, 0x72, 0x73, 0x74, 0x75,
    0x76, 0x77, 0x78, 0x79, 0x7a, 0x41,
    0x42, 0x43, 0x44, 0x45, 0x46, 0x47,
    0x48, 0x49, 0x4a, 0x4b, 0x4c, 0x4d,
    0x4e, 0x4f, 0x50, 0x51, 0x52, 0x53,
    0x54, 0x55, 0x56, 0x57, 0x58, 0x59,
    0x5a, 0x61, 0x62, 0x63, 0x64, 0x65,
    0x66, 0x67, 0x68, 0x69, 0x6a, 0x6b,
    0x6c, 0x6d, 0x6e, 0x6f, 0x70, 0x71,
    0x72, 0x73, 0x74, 0x75, 0x76, 0x77,
    0x78, 0x79, 0x7a, 0x41, 0x43, 0x44,
    0x47, 0x4a, 0x4b, 0x4e, 0x4f, 0x50,
    0x51, 0x53, 0x54, 0x55, 0x56, 0x57,
    0x58, 0x59, 0x5a, 0x61, 0x62, 0x63,
    0x64, 0x66, 0x68, 0x69, 0x6a, 0x6b,
    0x6c, 0x6d, 0x6e, 0x70, 0x71, 0x72,
    0x73, 0x74, 0x75, 0x76, 0x77, 0x78,
    0x79, 0x7a, 0x41, 0x42, 0x43, 0x44,
    0x45, 0x46, 0x47, 0x48, 0x49, 0x4a,
    0x4b, 0x4c, 0x4d, 0x4e, 0x4f, 0x50,
    0x51, 0x52, 0x53, 0x54, 0x55, 0x56,
    0x57, 0x58, 0x59, 0x5a, 0x61, 0x62,
    0x63, 0x64, 0x65, 0x66, 0x67, 0x68,
    0x69, 0x6a, 0x6b, 0x6c, 0x6d, 0x6e,
    0x6f, 0x70, 0x71, 0x72, 0x73, 0x74,
    0x75, 0x76, 0x77, 0x78, 0x79, 0x7a,
    0x41, 0x42, 0x44, 0x45, 0x46, 0x47,
    0x4a, 0x4b, 0x4c, 0x4d, 0x4e, 0x4f,
    0x50, 0x51, 0x53, 0x54, 0x55, 0x56,
    0x57, 0x58, 0x59, 0x61, 0x62, 0x63,
    0x64, 0x65, 0x66, 0x67, 0x68, 0x69,
    0x6a, 0x6b, 0x6c, 0x6d, 0x6e, 0x6f,
    0x70, 0x71, 0x72, 0x73, 0x74, 0x75,
    0x76, 0x77, 0x78, 0x79, 0x7a, 0x41,
    0x42, 0x44, 0x45, 0x46, 0x47, 0x49,
    0x4a, 0x4b, 0x4c, 0x4d, 0x4f, 0x53,
    0x54, 0x55, 0x56, 0x57, 0x58, 0x59,
    0x61, 0x62, 0x63, 0x64, 0x65, 0x66,
    0x67, 0x68, 0x69, 0x6a, 0x6b, 0x6c,
    0x6d, 0x6e, 0x6f, 0x70, 0x71, 0x72,
    0x73, 0x74, 0x75, 0x76, 0x77, 0x78,
    0x79, 0x7a, 0x41, 0x42, 0x43, 0x44,
    0x45, 0x46, 0x47, 0x48, 0x49, 0x4a,
    0x4b, 0x4c, 0x4d, 0x4e, 0x4f, 0x50,
    0x51, 0x52, 0x53, 0x54, 0x55, 0x56,
    0x57, 0x58, 0x59, 0x5a, 0x61, 0x62,
    0x63, 0x64, 0x65, 0x66, 0x67, 0x68,
    0x69, 0x6a, 0x6b, 0x6c, 0x6d, 0x6e,
    0x6f, 0x70, 0x71, 0x72, 0x73, 0x74,
    0x75, 0x76, 0x77, 0x78, 0x79, 0x7a,
    0x41, 0x42, 0x43, 0x44, 0x45, 0x46,
    0x47, 0x48, 0x49, 0x4a, 0x4b, 0x4c,
    0x4d, 0x4e, 0x4f, 0x50, 0x51, 0x52,
    0x53, 0x54, 0x55, 0x56, 0x57, 0x58,
    0x59, 0x5a, 0x61, 0x62, 0x63, 0x64,
    0x65, 0x66, 0x67, 0x68, 0x69, 0x6a,
    0x6b, 0x6c, 0x6d, 0x6e, 0x6f, 0x70,
    0x71, 0x72, 0x73, 0x74, 0x75, 0x76,
    0x77, 0x78, 0x79, 0x7a, 0x41, 0x42,
    0x43, 0x44, 0x45, 0x46, 0x47, 0x48,
    0x49, 0x4a, 0x4b, 0x4c, 0x4d, 0x4e,
    0x4f, 0x50, 0x51, 0x52, 0x53, 0x54,
    0x55, 0x56, 0x57, 0x58, 0x59, 0x5a,
    0x61, 0x62, 0x63, 0x64, 0x65, 0x66,
    0x67, 0x68, 0x69, 0x6a, 0x6b, 0x6c,
    0x6d, 0x6e, 0x6f, 0x70, 0x71, 0x72,
    0x73, 0x74, 0x75, 0x76, 0x77, 0x78,
    0x79, 0x7a, 0x41, 0x42, 0x43, 0x44,
    0x45, 0x46, 0x47, 0x48, 0x49, 0x4a,
    0x4b, 0x4c, 0x4d, 0x4e, 0x4f, 0x50,
    0x51, 0x52, 0x53, 0x54, 0x55, 0x56,
    0x57, 0x58, 0x59, 0x5a, 0x61, 0x62,
    0x63, 0x64, 0x65, 0x66, 0x67, 0x68,
    0x69, 0x6a, 0x6b, 0x6c, 0x6d, 0x6e,
    0x6f, 0x70, 0x71, 0x72, 0x73, 0x74,
    0x75, 0x76, 0x77, 0x78, 0x79, 0x7a,
    0x41, 0x42, 0x43, 0x44, 0x45, 0x46,
    0x47, 0x48, 0x49, 0x4a, 0x4b, 0x4c,
    0x4d, 0x4e, 0x4f, 0x50, 0x51, 0x52,
    0x53, 0x54, 0x55, 0x56, 0x57, 0x58,
    0x59, 0x5a, 0x61, 0x62, 0x63, 0x64,
    0x65, 0x66, 0x67, 0x68, 0x69, 0x6a,
    0x6b, 0x6c, 0x6d, 0x6e, 0x6f, 0x70,
    0x71, 0x72, 0x73, 0x74, 0x75, 0x76,
    0x77, 0x78, 0x79, 0x7a, 0x41, 0x42,
    0x43, 0x44, 0x45, 0x46, 0x47, 0x48,
    0x49, 0x4a, 0x4b, 0x4c, 0x4d, 0x4e,
    0x4f, 0x50, 0x51, 0x52, 0x53, 0x54,
    0x55, 0x56, 0x57, 0x58, 0x59, 0x5a,
    0x61, 0x62, 0x63, 0x64, 0x65, 0x66,
    0x67, 0x68, 0x69, 0x6a, 0x6b, 0x6c,
    0x6d, 0x6e, 0x6f, 0x70, 0x71, 0x72,
    0x73, 0x74, 0x75, 0x76, 0x77, 0x78,
    0x79, 0x7a, 0x131, 0x237, 0x391, 0x392,
    0x393, 0x394, 0x395, 0x396, 0x397, 0x398,
    0x399, 0x39a, 0x39b, 0x39c, 0x39d, 0x39e,
    0x39f, 0x3a0, 0x3a1, 0x398, 0x3a3, 0x3a4,
    0x3a5, 0x3a6, 0x3a7, 0x3a8, 0x3a9, 0x2207,
    0x3b1, 0x3b2, 0x3b3, 0x3b4, 0x3b5, 0x3b6,
    0x3b7, 0x3b8, 0x3b9, 0x3ba, 0x3bb, 0x3bc,
    0x3bd, 0x3be, 0x3bf, 0x3c0, 0x3c1, 0x3c2,
    0x3c3, 0x3c4, 0x3c5, 0x3c6, 0x3c7, 0x3c8,
    0x3c9, 0x2202, 0x3b5, 0x3b8, 0x3ba, 0x3c6,
    0x3c1, 0x3c0, 0x391, 0x392, 0x393, 0x394,
    0x395, 0x396, 0x397, 0x398, 0x399, 0x39a,
    0x39b, 0x39c, 0x39d, 0x39e, 0x39f, 0x3a0,
    0x3a1, 0x398, 0x3a3, 0x3a4, 0x3a5, 0x3a6,
    0x3a7, 0x3a8, 0x3a9, 0x2207, 0x3b1, 0x3b2,
    0x3b3, 0x3b4, 0x3b5, 0x3b6, 0x3b7, 0x3b8,
    0x3b9, 0x3ba, 0x3bb, 0x3bc, 0x3bd, 0x3be,
    0x3bf, 0x3c0, 0x3c1, 0x3c2, 0x3c3, 0x3c4,
    0x3c5, 0x3c6, 0x3c7, 0x3c8, 0x3c9, 0x2202,
    0x3b5, 0x3b8, 0x3ba, 0x3c6, 0x3c1, 0x3c0,
    0x391, 0x392, 0x393, 0x394, 0x395, 0x396,
    0x397, 0x398, 0x399, 0x39a, 0x39b, 0x39c,
    0x39d, 0x39e, 0x39f, 0x3a0, 0x3a1, 0x398,
    0x3a3, 0x3a4, 0x3a5, 0x3a6, 0x3a7, 0x3a8,
    0x3a9, 0x2207, 0x3b1, 0x3b2, 0x3b3, 0x3b4,
    0x3b5, 0x3b6, 0x3b7, 0x3b8, 0x3b9, 0x3ba,
    0x3bb, 0x3bc, 0x3bd, 0x3be, 0x3bf, 0x3c0,
    0x3c1, 0x3c2, 0x3c3, 0x3c4, 0x3c5, 0x3c6,
    0x3c7, 0x3c8, 0x3c9, 0x2202, 0x3b5, 0x3b8,
    0x3ba, 0x3c6, 0x3c1, 0x3c0, 0x391, 0x392,
    0x393, 0x394, 0x395, 0x396, 0x397, 0x398,
    0x399, 0x39a, 0x39b, 0x39c, 0x39d, 0x39e,
    0x39f, 0x3a0, 0x3a1, 0x398, 0x3a3, 0x3a4,
    0x3a5, 0x3a6, 0x3a7, 0x3a8, 0x3a9, 0x2207,
    0x3b1, 0x3b2, 0x3b3, 0x3b4, 0x3b5, 0x3b6,
    0x3b7, 0x3b8, 0x3b9, 0x3ba, 0x3bb, 0x3bc,
    0x3bd, 0x3be, 0x3bf, 0x3c0, 0x3c1, 0x3c2,
    0x3c3, 0x3c4, 0x3c5, 0x3c6, 0x3c7, 0x3c8,
    0x3c9, 0x2202, 0x3b5, 0x3b8, 0x3ba, 0x3c6,
    0x3c1, 0x3c0, 0x391, 0x392, 0x393, 0x394,
    0x395, 0x396, 0x397, 0x398, 0x399, 0x39a,
    0x39b, 0x39c, 0x39d, 0x39e, 0x39f, 0x3a0,
    0x3a1, 0x398, 0x3a3, 0x3a4, 0x3a5, 0x3a6,
    0x3a7, 0x3a8, 0x3a9, 0x2207, 0x3b1, 0x3b2,
    0x3b3, 0x3b4, 0x3b5, 0x3b6, 0x3b7, 0x3b8,
    0x3b9, 0x3ba, 0x3bb, 0x3bc, 0x3bd, 0x3be,
    0x3bf, 0x3c0, 0x3c1, 0x3c2, 0x3c3, 0x3c4,
    0x3c5, 0x3c6, 0x3c7, 0x3c8, 0x3c9, 0x2202,
    0x3b5, 0x3b8, 0x3ba, 0x3c6, 0x3c1, 0x3c0,
    0x3dc, 0x3dd, 0x30, 0x31, 0x32, 0x33,
    0x34, 0x35, 0x36, 0x37, 0x38, 0x39,
    0x30, 0x31, 0x32, 0x33, 0x34, 0x35,
    0x36, 0x37, 0x38, 0x39, 0x30, 0x31,
    0x32, 0x33, 0x34, 0x35, 0x36, 0x37,
    0x38, 0x39, 0x30, 0x31, 0x32, 0x33,
    0x34, 0x35, 0x36, 0x37, 0x38, 0x39,
    0x30, 0x31, 0x32, 0x33, 0x34, 0x35,
    0x36, 0x37, 0x38, 0x39, 0x430, 0x431,
    0x432, 0x433, 0x434, 0x435, 0x436, 0x437,
    0x438, 0x43a, 0x43b, 0x43c, 0x43e, 0x43f,
    0x440, 0x441, 0x442, 0x443, 0x444, 0x445,
    0x446, 0x447, 0x448, 0x44b, 0x44d, 0x44e,
    0xa689, 0x4d9, 0x456, 0x458, 0x4e9, 0x4af,
    0x4cf, 0x430, 0x431, 0x432, 0x433, 0x434,
    0x435, 0x436, 0x437, 0x438, 0x43a, 0x43b,
    0x43e, 0x43f, 0x441, 0x443, 0x444, 0x445,
    0x446, 0x447, 0x448, 0x44a, 0x44b, 0x491,
    0x456, 0x455, 0x45f, 0x4ab, 0xa651, 0x4b1,
    0x627, 0x628, 0x62c, 0x62f, 0x648, 0x632,
    0x62d, 0x637, 0x64a, 0x643, 0x644, 0x645,
    0x646, 0x633, 0x639, 0x641, 0x635, 0x642,
    0x631, 0x634, 0x62a, 0x62b, 0x62e, 0x630,
    0x636, 0x638, 0x63a, 0x66e, 0x6ba, 0x6a1,
    0x66f, 0x628, 0x62c, 0x647, 0x62d, 0x64a,
    0x643, 0x644, 0x645, 0x646, 0x633, 0x639,
    0x641, 0x635, 0x642, 0x634, 0x62a, 0x62b,
    0x62e, 0x636, 0x63a, 0x62c, 0x62d, 0x64a,
    0x644, 0x646, 0x633, 0x639, 0x635, 0x642,
    0x634, 0x62e, 0x636, 0x63a, 0x6ba, 0x66f,
    0x628, 0x62c, 0x647, 0x62d, 0x637, 0x64a,
    0x643, 0x645, 0x646, 0x633, 0x639, 0x641,
    0x635, 0x642, 0x634, 0x62a, 0x62b, 0x62e,
    0x636, 0x638, 0x63a, 0x66e, 0x6a1, 0x627,
    0x628, 0x62c, 0x62f, 0x647, 0x648, 0x632,
    0x62d, 0x637, 0x64a, 0x644, 0x645, 0x646,
    0x633, 0x639, 0x641, 0x635, 0x642, 0x631,
    0x634, 0x62a, 0x62b, 0x62e, 0x630, 0x636,
    0x638, 0x63a, 0x628, 0x62c, 0x62f, 0x648,
    0x632, 0x62d, 0x637, 0x64a, 0x644, 0x645,
    0x646, 0x633, 0x639, 0x641, 0x635, 0x642,
    0x631, 0x634, 0x62a, 0x62b, 0x62e, 0x630,
    0x636, 0x638, 0x63a, 0x30, 0x2e, 0x30,
    0x2c, 0x31, 0x2c, 0x32, 0x2c, 0x33,
    0x2c, 0x34, 0x2c, 0x35, 0x2c, 0x36,
    0x2c, 0x37, 0x2c, 0x38, 0x2c, 0x39,
    0x2c, 0x28, 0x41, 0x29, 0x28, 0x42,
    0x29, 0x28, 0x43, 0x29, 0x28, 0x44,
    0x29, 0x28, 0x45, 0x29, 0x28, 0x46,
    0x29, 0x28, 0x47, 0x29, 0x28, 0x48,
    0x29, 0x28, 0x49, 0x29, 0x28, 0x4a,
    0x29, 0x28, 0x4b, 0x29, 0x28, 0x4c,
    0x29, 0x28, 0x4d, 0x29, 0x28, 0x4e,
    0x29, 0x28, 0x4f, 0x29, 0x28, 0x50,
    0x29, 0x28, 0x51, 0x29, 0x28, 0x52,
    0x29, 0x28, 0x53, 0x29, 0x28, 0x54,
    0x29, 0x28, 0x55, 0x29, 0x28, 0x56,
    0x29, 0x28, 0x57, 0x29, 0x28, 0x58,
    0x29, 0x28, 0x59, 0x29, 0x28, 0x5a,
    0x29, 0x3014, 0x53, 0x3015, 0x43, 0x52,
    0x43, 0x44, 0x57, 0x5a, 0x41, 0x42,
    0x43, 0x44, 0x45, 0x46, 0x47, 0x48,
    0x49, 0x4a, 0x4b, 0x4c, 0x4d, 0x4e,
    0x4f, 0x50, 0x51, 0x52, 0x53, 0x54,
    0x55, 0x56, 0x57, 0x58, 0x59, 0x5a,
    0x48, 0x56, 0x4d, 0x56, 0x53, 0x44,
    0x53, 0x53, 0x50, 0x50, 0x56, 0x57,
    0x43, 0x4d, 0x43, 0x4d, 0x44, 0x4d,
    0x52, 0x44, 0x4a, 0x307b, 0x304b, 0x30b3,
    0x30b3, 0x30b5, 0x624b, 0x5b57, 0x53cc, 0x30c6,
    0x3099, 0x4e8c, 0x591a, 0x89e3, 0x5929, 0x4ea4,
    0x6620, 0x7121, 0x6599, 0x524d, 0x5f8c, 0x518d,
    0x65b0, 0x521d, 0x7d42, 0x751f, 0x8ca9, 0x58f0,
    0x5439, 0x6f14, 0x6295, 0x6355, 0x4e00, 0x4e09,
    0x904a, 0x5de6, 0x4e2d, 0x53f3, 0x6307, 0x8d70,
    0x6253, 0x7981, 0x7a7a, 0x5408, 0x6e80, 0x6709,
    0x6708, 0x7533, 0x5272, 0x55b6, 0x914d, 0x3014,
    0x672c, 0x3015, 0x3014, 0x4e09, 0x3015, 0x3014,
    0x4e8c, 0x3015, 0x3014, 0x5b89, 0x3015, 0x3014,
    0x70b9, 0x3015, 0x3014, 0x6253, 0x3015, 0x3014,
    0x76d7, 0x3015, 0x3014, 0x52dd, 0x3015, 0x3014,
    0x6557, 0x3015, 0x5f97, 0x53ef, 0x30, 0x31,
    0x32, 0x33, 0x34, 0x35, 0x36, 0x37,
    0x38, 0x39, 0x4e3d, 0x4e38, 0x4e41, 0x20122,
    0x4f60, 0x4fae, 0x4fbb, 0x5002, 0x507a, 0x5099,
    0x50e7, 0x50cf, 0x349e, 0x2063a, 0x514d, 0x5154,
    0x5164, 0x5177, 0x2051c, 0x34b9, 0x5167, 0x518d,
    0x2054b, 0x5197, 0x51a4, 0x4ecc, 0x51ac, 0x51b5,
    0x291df, 0x51f5, 0x5203, 0x34df, 0x523b, 0x5246,
    0x5272, 0x5277, 0x3515, 0x52c7, 0x52c9, 0x52e4,
    0x52fa, 0x5305, 0x5306, 0x5317, 0x5349, 0x5351,
    0x535a, 0x5373, 0x537d, 0x537f, 0x537f, 0x537f,
    0x20a2c, 0x7070, 0x53ca, 0x53df, 0x20b63, 0x53eb,
    0x53f1, 0x5406, 0x549e, 0x5438, 0x5448, 0x5468,
    0x54a2, 0x54f6, 0x5510, 0x5553, 0x5563, 0x5584,
    0x5584, 0x5599, 0x55ab, 0x55b3, 0x55c2, 0x5716,
    0x5606, 0x5717, 0x5651, 0x5674, 0x5207, 0x58ee,
    0x57ce, 0x57f4, 0x580d, 0x578b, 0x5832, 0x5831,
    0x58ac, 0x214e4, 0x58f2, 0x58f7, 0x5906, 0x591a,
    0x5922, 0x5962, 0x216a8, 0x216ea, 0x59ec, 0x5a1b,
    0x5a27, 0x59d8, 0x5a66, 0x36ee, 0x36fc, 0x5b08,
    0x5b3e, 0x5b3e, 0x219c8, 0x5bc3, 0x5bd8, 0x5be7,
    0x5bf3, 0x21b18, 0x5bff, 0x5c06, 0x5f53, 0x5c22,
    0x3781, 0x5c60, 0x5c6e, 0x5cc0, 0x5c8d, 0x21de4,
    0x5d43, 0x21de6, 0x5d6e, 0x5d6b, 0x5d7c, 0x5de1,
    0x5de2, 0x382f, 0x5dfd, 0x5e28, 0x5e3d, 0x5e69,
    0x3862, 0x22183, 0x387c, 0x5eb0, 0x5eb3, 0x5eb6,
    0x5eca, 0x2a392, 0x5efe, 0x22331, 0x22331, 0x8201,
    0x5f22, 0x5f22, 0x38c7, 0x232b8, 0x261da, 0x5f62,
    0x5f6b, 0x38e3, 0x5f9a, 0x5fcd, 0x5fd7, 0x5ff9,
    0x6081, 0x393a, 0x391c, 0x6094, 0x226d4, 0x60c7,
    0x6148, 0x614c, 0x614e, 0x614c, 0x617a, 0x618e,
    0x61b2, 0x61a4, 0x61af, 0x61de, 0x61f2, 0x61f6,
    0x6210, 0x621b, 0x625d, 0x62b1, 0x62d4, 0x6350,
    0x22b0c, 0x633d, 0x62fc, 0x6368, 0x6383, 0x63e4,
    0x22bf1, 0x6422, 0x63c5, 0x63a9, 0x3a2e, 0x6469,
    0x647e, 0x649d, 0x6477, 0x3a6c, 0x654f, 0x656c,
    0x2300a, 0x65e3, 0x66f8, 0x6649, 0x3b19, 0x6691,
    0x3b08, 0x3ae4, 0x5192, 0x5195, 0x6700, 0x669c,
    0x80ad, 0x43d9, 0x6717, 0x671b, 0x6721, 0x675e,
    0x6753, 0x233c3, 0x3b49, 0x67fa, 0x6785, 0x6852,
    0x6885, 0x2346d, 0x688e, 0x681f, 0x6914, 0x3b9d,
    0x6942, 0x69a3, 0x69ea, 0x6aa8, 0x236a3, 0x6adb,
    0x3c18, 0x6b21, 0x238a7, 0x6b54, 0x3c4e, 0x6b72,
    0x6b9f, 0x6bba, 0x6bbb, 0x23a8d, 0x21d0b, 0x23afa,
    0x6c4e, 0x23cbc, 0x6cbf, 0x6ccd, 0x6c67, 0x6d16,
    0x6d3e, 0x6d77, 0x6d41, 0x6d69, 0x6d78, 0x6d85,
    0x23d1e, 0x6d34, 0x6e2f, 0x6e6e, 0x3d33, 0x6ecb,
    0x6ec7, 0x23ed1, 0x6df9, 0x6f6e, 0x23f5e, 0x23f8e,
    0x6fc6, 0x7039, 0x701e, 0x701b, 0x3d96, 0x704a,
    0x707d, 0x7077, 0x70ad, 0x20525, 0x7145, 0x24263,
    0x719c, 0x243ab, 0x7228, 0x7235, 0x7250, 0x24608,
    0x7280, 0x7295, 0x24735, 0x24814, 0x737a, 0x738b,
    0x3eac, 0x73a5, 0x3eb8, 0x3eb8, 0x7447, 0x745c,
    0x7471, 0x7485, 0x74ca, 0x3f1b, 0x7524, 0x24c36,
    0x753e, 0x24c92, 0x7570, 0x2219f, 0x7610, 0x24fa1,
    0x24fb8, 0x25044, 0x3ffc, 0x4008, 0x76f4, 0x250f3,
    0x250f2, 0x25119, 0x25133, 0x771e, 0x771f, 0x771f,
    0x774a, 0x4039, 0x778b, 0x4046, 0x4096, 0x2541d,
    0x784e, 0x788c, 0x78cc, 0x40e3, 0x25626, 0x7956,
    0x2569a, 0x256c5, 0x798f, 0x79eb, 0x412f, 0x7a40,
    0x7a4a, 0x7a4f, 0x2597c, 0x25aa7, 0x25aa7, 0x7aee,
    0x4202, 0x25bab, 0x7bc6, 0x7bc9, 0x4227, 0x25c80,
    0x7cd2, 0x42a0, 0x7ce8, 0x7ce3, 0x7d00, 0x25f86,
    0x7d63, 0x4301, 0x7dc7, 0x7e02, 0x7e45, 0x4334,
    0x26228, 0x26247, 0x4359, 0x262d9, 0x7f7a, 0x2633e,
    0x7f95, 0x7ffa, 0x8005, 0x264da, 0x26523, 0x8060,
    0x265a8, 0x8070, 0x2335f, 0x43d5, 0x80b2, 0x8103,
    0x440b, 0x813e, 0x5ab5, 0x267a7, 0x267b5, 0x23393,
    0x2339c, 0x8201, 0x8204, 0x8f9e, 0x446b, 0x8291,
    0x828b, 0x829d, 0x52b3, 0x82b1, 0x82b3, 0x82bd,
    0x82e6, 0x26b3c, 0x82e5, 0x831d, 0x8363, 0x83ad,
    0x8323, 0x83bd, 0x83e7, 0x8457, 0x8353, 0x83ca,
    0x83cc, 0x83dc, 0x26c36, 0x26d6b, 0x26cd5, 0x452b,
    0x84f1, 0x84f3, 0x8516, 0x273ca, 0x8564, 0x26f2c,
    0x455d, 0x4561, 0x26fb1, 0x270d2, 0x456b, 0x8650,
    0x865c, 0x8667, 0x8669, 0x86a9, 0x8688, 0x870e,
    0x86e2, 0x8779, 0x8728, 0x876b, 0x8786, 0x45d7,
    0x87e1, 0x8801, 0x45f9, 0x8860, 0x8863, 0x27667,
    0x88d7, 0x88de, 0x4635, 0x88fa, 0x34bb, 0x278ae,
    0x27966, 0x46be, 0x46c7, 0x8aa0, 0x8aed, 0x8b8a,
    0x8c55, 0x27ca8, 0x8cab, 0x8cc1, 0x8d1b, 0x8d77,
    0x27f2f, 0x20804, 0x8dcb, 0x8dbc, 0x8df0, 0x208de,
    0x8ed4, 0x8f38, 0x285d2, 0x285ed, 0x9094, 0x90f1,
    0x9111, 0x2872e, 0x911b, 0x9238, 0x92d7, 0x92d8,
    0x927c, 0x93f9, 0x9415, 0x28bfa, 0x958b, 0x4995,
    0x95b7, 0x28d77, 0x49e6, 0x96c3, 0x5db2, 0x9723,
    0x29145, 0x2921a, 0x4a6e, 0x4a76, 0x97e0, 0x2940a,
    0x4ab2, 0x29496, 0x980b, 0x980b, 0x9829, 0x295b6,
    0x98e2, 0x4b33, 0x9929, 0x99a7, 0x99c2, 0x99fe,
    0x4bce, 0x29b30, 0x9b12, 0x9c40, 0x9cfd, 0x4cce,
    0x4ced, 0x9d67, 0x2a0ce, 0x4cf8, 0x2a105, 0x2a20e,
    0x2a291, 0x9ebb, 0x4d56, 0x9ef9, 0x9efe, 0x9f05,
    0x9f0f, 0x9f16, 0x9f3b, 0x2a600,
];

pub static COMBINING: [(u32, u32); 922] = [
    (0x300, 0xe6), (0x301, 0xe6), (0x302, 0xe6), (0x303, 0xe6), (0x304, 0xe6), (0x305, 0xe6),
    (0x306, 0xe6), (0x307, 0xe6), (0x308, 0xe6), (0x309, 0xe6), (0x30a, 0xe6), (0x30b, 0xe6),
    (0x30c, 0xe6), (0x30d, 0xe6), (0x30e, 0xe6), (0x30f, 0xe6), (0x310, 0xe6), (0x311, 0xe6),
    (0x312, 0xe6), (0x313, 0xe6), (0x314, 0xe6), (0x315, 0xe8), (0x316, 0xdc), (0x317, 0xdc),
    (0x318, 0xdc), (0x319, 0xdc), (0x31a, 0xe8), (0x31b, 0xd8), (0x31c, 0xdc), (0x31d, 0xdc),
    (0x31e, 0xdc), (0x31f, 0xdc), (0x320, 0xdc), (0x321, 0xca), (0x322, 0xca), (0x323, 0xdc),
    (0x324, 0xdc), (0x325, 0xdc), (0x326, 0xdc), (0x327, 0xca), (0x328, 0xca), (0x329, 0xdc),
    (0x32a, 0xdc), (0x32b, 0xdc), (0x32c, 0xdc), (0x32d, 0xdc), (0x32e, 0xdc), (0x32f, 0xdc),
    (0x330, 0xdc), (0x331, 0xdc), (0x332, 0xdc), (0x333, 0xdc), (0x334, 0x1), (0x335, 0x1),
    (0x336, 0x1), (0x337, 0x1), (0x338, 0x1), (0x339, 0xdc), (0x33a, 0xdc), (0x33b, 0xdc),
    (0x33c, 0xdc), (0x33d, 0xe6), (0x33e, 0xe6), (0x33f, 0xe6), (0x340, 0xe6), (0x341, 0xe6),
    (0x342, 0xe6), (0x343, 0xe6), (0x344, 0xe6), (0x345, 0xf0), (0x346, 0xe6), (0x347, 0xdc),
    (0x348, 0xdc), (0x349, 0xdc), (0x34a, 0xe6), (0x34b, 0xe6), (0x34c, 0xe6), (0x34d, 0xdc),
    (0x34e, 0xdc), (0x350, 0xe6), (0x351, 0xe6), (0x352, 0xe6), (0x353, 0xdc), (0x354, 0xdc),
    (0x355, 0xdc), (0x356, 0xdc), (0x357, 0xe6), (0x358, 0xe8), (0x359, 0xdc), (0x35a, 0xdc),
    (0x35b, 0xe6), (0x35c, 0xe9), (0x35d, 0xea), (0x35e, 0xea), (0x35f, 0xe9), (0x360, 0xea),
    (0x361, 0xea), (0x362, 0xe9), (0x363, 0xe6), (0x364, 0xe6), (0x365, 0xe6), (0x366, 0xe6),
    (0x367, 0xe6), (0x368, 0xe6), (0x369, 0xe6), (0x36a, 0xe6), (0x36b, 0xe6), (0x36c, 0xe6),
    (0x36d, 0xe6), (0x36e, 0xe6), (0x36f, 0xe6), (0x483, 0xe6), (0x484, 0xe6), (0x485, 0xe6),
    (0x486, 0xe6), (0x487, 0xe6), (0x591, 0xdc), (0x592, 0xe6), (0x593, 0xe6), (0x594, 0xe6),
    (0x595, 0xe6), (0x596, 0xdc), (0x597, 0xe6), (0x598, 0xe6), (0x599, 0xe6), (0x59a, 0xde),
    (0x59b, 0xdc), (0x59c, 0xe6), (0x59d, 0xe6), (0x59e, 0xe6), (0x59f, 0xe6), (0x5a0, 0xe6),
    (0x5a1, 0xe6), (0x5a2, 0xdc), (0x5a3, 0xdc), (0x5a4, 0xdc), (0x5a5, 0xdc), (0x5a6, 0xdc),
    (0x5a7, 0xdc), (0x5a8, 0xe6), (0x5a9, 0xe6), (0x5aa, 0xdc), (0x5ab, 0xe6), (0x5ac, 0xe6),
    (0x5ad, 0xde), (0x5ae, 0xe4), (0x5af, 0xe6), (0x5b0, 0xa), (0x5b1, 0xb), (0x5b2, 0xc),
    (0x5b3, 0xd), (0x5b4, 0xe), (0x5b5, 0xf), (0x5b6, 0x10), (0x5b7, 0x11), (0x5b8, 0x12),
    (0x5b9, 0x13), (0x5ba, 0x13), (0x5bb, 0x14), (0x5bc, 0x15), (0x5bd, 0x16), (0x5bf, 0x17),
    (0x5c1, 0x18), (0x5c2, 0x19), (0x5c4, 0xe6), (0x5c5, 0xdc), (0x5c7, 0x12), (0x610, 0xe6),
    (0x611, 0xe6), (0x612, 0xe6), (0x613, 0xe6), (0x614, 0xe6), (0x615, 0xe6), (0x616, 0xe6),
    (0x617, 0xe6), (0x618, 0x1e), (0x619, 0x1f), (0x61a, 0x20), (0x64b, 0x1b), (0x64c, 0x1c),
    (0x64d, 0x1d), (0x64e, 0x1e), (0x64f, 0x1f), (0x650, 0x20), (0x651, 0x21), (0x652, 0x22),
    (0x653, 0xe6), (0x654, 0xe6), (0x655, 0xdc), (0x656, 0xdc), (0x657, 0xe6), (0x658, 0xe6),
    (0x659, 0xe6), (0x65a, 0xe6), (0x65b, 0xe6), (0x65c, 0xdc), (0x65d, 0xe6), (0x65e, 0xe6),
    (0x65f, 0xdc), (0x670, 0x23), (0x6d6, 0xe6), (0x6d7, 0xe6), (0x6d8, 0xe6), (0x6d9, 0xe6),
    (0x6da, 0xe6), (0x6db, 0xe6), (0x6dc, 0xe6), (0x6df, 0xe6), (0x6e0, 0xe6), (0x6e1, 0xe6),
    (0x6e2, 0xe6), (0x6e3, 0xdc), (0x6e4, 0xe6), (0x6e7, 0xe6), (0x6e8, 0xe6), (0x6ea, 0xdc),
    (0x6eb, 0xe6), (0x6ec, 0xe6), (0x6ed, 0xdc), (0x711, 0x24), (0x730, 0xe6), (0x731, 0xdc),
    (0x732, 0xe6), (0x733, 0xe6), (0x734, 0xdc), (0x735, 0xe6), (0x736, 0xe6), (0x737, 0xdc),
    (0x738, 0xdc), (0x739, 0xdc), (0x73a, 0xe6), (0x73b, 0xdc), (0x73c, 0xdc), (0x73d, 0xe6),
    (0x73e, 0xdc), (0x73f, 0xe6), (0x740, 0xe6), (0x741, 0xe6), (0x742, 0xdc), (0x743, 0xe6),
    (0x744, 0xdc), (0x745, 0xe6), (0x746, 0xdc), (0x747, 0xe6), (0x748, 0xdc), (0x749, 0xe6),
    (0x74a, 0xe6), (0x7eb, 0xe6), (0x7ec, 0xe6), (0x7ed, 0xe6), (0x7ee, 0xe6), (0x7ef, 0xe6),
    (0x7f0, 0xe6), (0x7f1, 0xe6), (0x7f2, 0xdc), (0x7f3, 0xe6), (0x7fd, 0xdc), (0x816, 0xe6),
    (0x817, 0xe6), (0x818, 0xe6), (0x819, 0xe6), (0x81b, 0xe6), (0x81c, 0xe6), (0x81d, 0xe6),
    (0x81e, 0xe6), (0x81f, 0xe6), (0x820, 0xe6), (0x821, 0xe6), (0x822, 0xe6), (0x823, 0xe6),
    (0x825, 0xe6), (0x826, 0xe6), (0x827, 0xe6), (0x829, 0xe6), (0x82a, 0xe6), (0x82b, 0xe6),
    (0x82c, 0xe6), (0x82d, 0xe6), (0x859, 0xdc), (0x85a, 0xdc), (0x85b, 0xdc), (0x898, 0xe6),
    (0x899, 0xdc), (0x89a, 0xdc), (0x89b, 0xdc), (0x89c, 0xe6), (0x89d, 0xe6), (0x89e, 0xe6),
    (0x89f, 0xe6), (0x8ca, 0xe6), (0x8cb, 0xe6), (0x8cc, 0xe6), (0x8cd, 0xe6), (0x8ce, 0xe6),
    (0x8cf, 0xdc), (0x8d0, 0xdc), (0x8d1, 0xdc), (0x8d2, 0xdc), (0x8d3, 0xdc), (0x8d4, 0xe6),
    (0x8d5, 0xe6), (0x8d6, 0xe6), (0x8d7, 0xe6), (0x8d8, 0xe6), (0x8d9, 0xe6), (0x8da, 0xe6),
    (0x8db, 0xe6), (0x8dc, 0xe6), (0x8dd, 0xe6), (0x8de, 0xe6), (0x8df, 0xe6), (0x8e0, 0xe6),
    (0x8e1, 0xe6), (0x8e3, 0xdc), (0x8e4, 0xe6), (0x8e5, 0xe6), (0x8e6, 0xdc), (0x8e7, 0xe6),
    (0x8e8, 0xe6), (0x8e9, 0xdc), (0x8ea, 0xe6), (0x8eb, 0xe6), (0x8ec, 0xe6), (0x8ed, 0xdc),
    (0x8ee, 0xdc), (0x8ef, 0xdc), (0x8f0, 0x1b), (0x8f1, 0x1c), (0x8f2, 0x1d), (0x8f3, 0xe6),
    (0x8f4, 0xe6), (0x8f5, 0xe6), (0x8f6, 0xdc), (0x8f7, 0xe6), (0x8f8, 0xe6), (0x8f9, 0xdc),
    (0x8fa, 0xdc), (0x8fb, 0xe6), (0x8fc, 0xe6), (0x8fd, 0xe6), (0x8fe, 0xe6), (0x8ff, 0xe6),
    (0x93c, 0x7), (0x94d, 0x9), (0x951, 0xe6), (0x952, 0xdc), (0x953, 0xe6), (0x954, 0xe6),
    (0x9bc, 0x7), (0x9cd, 0x9), (0x9fe, 0xe6), (0xa3c, 0x7), (0xa4d, 0x9), (0xabc, 0x7),
    (0xacd, 0x9), (0xb3c, 0x7), (0xb4d, 0x9), (0xbcd, 0x9), (0xc3c, 0x7), (0xc4d, 0x9),
    (0xc55, 0x54), (0xc56, 0x5b), (0xcbc, 0x7), (0xccd, 0x9), (0xd3b, 0x9), (0xd3c, 0x9),
    (0xd4d, 0x9), (0xdca, 0x9), (0xe38, 0x67), (0xe39, 0x67), (0xe3a, 0x9), (0xe48, 0x6b),
    (0xe49, 0x6b), (0xe4a, 0x6b), (0xe4b, 0x6b), (0xeb8, 0x76), (0xeb9, 0x76), (0xeba, 0x9),
    (0xec8, 0x7a), (0xec9, 0x7a), (0xeca, 0x7a), (0xecb, 0x7a), (0xf18, 0xdc), (0xf19, 0xdc),
    (0xf35, 0xdc), (0xf37, 0xdc), (0xf39, 0xd8), (0xf71, 0x81), (0xf72, 0x82), (0xf74, 0x84),
    (0xf7a, 0x82), (0xf7b, 0x82), (0xf7c, 0x82), (0xf7d, 0x82), (0xf80, 0x82), (0xf82, 0xe6),
    (0xf83, 0xe6), (0xf84, 0x9), (0xf86, 0xe6), (0xf87, 0xe6), (0xfc6, 0xdc), (0x1037, 0x7),
    (0x1039, 0x9), (0x103a, 0x9), (0x108d, 0xdc), (0x135d, 0xe6), (0x135e, 0xe6), (0x135f, 0xe6),
    (0x1714, 0x9), (0x1715, 0x9), (0x1734, 0x9), (0x17d2, 0x9), (0x17dd, 0xe6), (0x18a9, 0xe4),
    (0x1939, 0xde), (0x193a, 0xe6), (0x193b, 0xdc), (0x1a17, 0xe6), (0x1a18, 0xdc), (0x1a60, 0x9),
    (0x1a75, 0xe6), (0x1a76, 0xe6), (0x1a77, 0xe6), (0x1a78, 0xe6), (0x1a79, 0xe6), (0x1a7a, 0xe6),
    (0x1a7b, 0xe6), (0x1a7c, 0xe6), (0x1a7f, 0xdc), (0x1ab0, 0xe6), (0x1ab1, 0xe6), (0x1ab2, 0xe6),
    (0x1ab3, 0xe6), (0x1ab4, 0xe6), (0x1ab5, 0xdc), (0x1ab6, 0xdc), (0x1ab7, 0xdc), (0x1ab8, 0xdc),
    (0x1ab9, 0xdc), (0x1aba, 0xdc), (0x1abb, 0xe6), (0x1abc, 0xe6), (0x1abd, 0xdc), (0x1abf, 0xdc),
    (0x1ac0, 0xdc), (0x1ac1, 0xe6), (0x1ac2, 0xe6), (0x1ac3, 0xdc), (0x1ac4, 0xdc), (0x1ac5, 0xe6),
    (0x1ac6, 0xe6), (0x1ac7, 0xe6), (0x1ac8, 0xe6), (0x1ac9, 0xe6), (0x1aca, 0xdc), (0x1acb, 0xe6),
    (0x1acc, 0xe6), (0x1acd, 0xe6), (0x1ace, 0xe6), (0x1b34, 0x7), (0x1b44, 0x9), (0x1b6b, 0xe6),
    (0x1b6c, 0xdc), (0x1b6d, 0xe6), (0x1b6e, 0xe6), (0x1b6f, 0xe6), (0x1b70, 0xe6), (0x1b71, 0xe6),
    (0x1b72, 0xe6), (0x1b73, 0xe6), (0x1baa, 0x9), (0x1bab, 0x9), (0x1be6, 0x7), (0x1bf2, 0x9),
    (0x1bf3, 0x9), (0x1c37, 0x7), (0x1cd0, 0xe6), (0x1cd1, 0xe6), (0x1cd2, 0xe6), (0x1cd4, 0x1),
    (0x1cd5, 0xdc), (0x1cd6, 0xdc), (0x1cd7, 0xdc), (0x1cd8, 0xdc), (0x1cd9, 0xdc), (0x1cda, 0xe6),
    (0x1cdb, 0xe6), (0x1cdc, 0xdc), (0x1cdd, 0xdc), (0x1cde, 0xdc), (0x1cdf, 0xdc), (0x1ce0, 0xe6),
    (0x1ce2, 0x1), (0x1ce3, 0x1), (0x1ce4, 0x1), (0x1ce5, 0x1), (0x1ce6, 0x1), (0x1ce7, 0x1),
    (0x1ce8, 0x1), (0x1ced, 0xdc), (0x1cf4, 0xe6), (0x1cf8, 0xe6), (0x1cf9, 0xe6), (0x1dc0, 0xe6),
    (0x1dc1, 0xe6), (0x1dc2, 0xdc), (0x1dc3, 0xe6), (0x1dc4, 0xe6), (0x1dc5, 0xe6), (0x1dc6, 0xe6),
    (0x1dc7, 0xe6), (0x1dc8, 0xe6), (0x1dc9, 0xe6), (0x1dca, 0xdc), (0x1dcb, 0xe6), (0x1dcc, 0xe6),
    (0x1dcd, 0xea), (0x1dce, 0xd6), (0x1dcf, 0xdc), (0x1dd0, 0xca), (0x1dd1, 0xe6), (0x1dd2, 0xe6),
    (0x1dd3, 0xe6), (0x1dd4, 0xe6), (0x1dd5, 0xe6), (0x1dd6, 0xe6), (0x1dd7, 0xe6), (0x1dd8, 0xe6),
    (0x1dd9, 0xe6), (0x1dda, 0xe6), (0x1ddb, 0xe6), (0x1ddc, 0xe6), (0x1ddd, 0xe6), (0x1dde, 0xe6),
    (0x1ddf, 0xe6), (0x1de0, 0xe6), (0x1de1, 0xe6), (0x1de2, 0xe6), (0x1de3, 0xe6), (0x1de4, 0xe6),
    (0x1de5, 0xe6), (0x1de6, 0xe6), (0x1de7, 0xe6), (0x1de8, 0xe6), (0x1de9, 0xe6), (0x1dea, 0xe6),
    (0x1deb, 0xe6), (0x1dec, 0xe6), (0x1ded, 0xe6), (0x1dee, 0xe6), (0x1def, 0xe6), (0x1df0, 0xe6),
    (0x1df1, 0xe6), (0x1df2, 0xe6), (0x1df3, 0xe6), (0x1df4, 0xe6), (0x1df5, 0xe6), (0x1df6, 0xe8),
    (0x1df7, 0xe4), (0x1df8, 0xe4), (0x1df9, 0xdc), (0x1dfa, 0xda), (0x1dfb, 0xe6), (0x1dfc, 0xe9),
    (0x1dfd, 0xdc), (0x1dfe, 0xe6), (0x1dff, 0xdc), (0x20d0, 0xe6), (0x20d1, 0xe6), (0x20d2, 0x1),
    (0x20d3, 0x1), (0x20d4, 0xe6), (0x20d5, 0xe6), (0x20d6, 0xe6), (0x20d7, 0xe6), (0x20d8, 0x1),
    (0x20d9, 0x1), (0x20da, 0x1), (0x20db, 0xe6), (0x20dc, 0xe6), (0x20e1, 0xe6), (0x20e5, 0x1),
    (0x20e6, 0x1), (0x20e7, 0xe6), (0x20e8, 0xdc), (0x20e9, 0xe6), (0x20ea, 0x1), (0x20eb, 0x1),
    (0x20ec, 0xdc), (0x20ed, 0xdc), (0x20ee, 0xdc), (0x20ef, 0xdc), (0x20f0, 0xe6), (0x2cef, 0xe6),
    (0x2cf0, 0xe6), (0x2cf1, 0xe6), (0x2d7f, 0x9), (0x2de0, 0xe6), (0x2de1, 0xe6), (0x2de2, 0xe6),
    (0x2de3, 0xe6), (0x2de4, 0xe6), (0x2de5, 0xe6), (0x2de6, 0xe6), (0x2de7, 0xe6), (0x2de8, 0xe6),
    (0x2de9, 0xe6), (0x2dea, 0xe6), (0x2deb, 0xe6), (0x2dec, 0xe6), (0x2ded, 0xe6), (0x2dee, 0xe6),
    (0x2def, 0xe6), (0x2df0, 0xe6), (0x2df1, 0xe6), (0x2df2, 0xe6), (0x2df3, 0xe6), (0x2df4, 0xe6),
    (0x2df5, 0xe6), (0x2df6, 0xe6), (0x2df7, 0xe6), (0x2df8, 0xe6), (0x2df9, 0xe6), (0x2dfa, 0xe6),
    (0x2dfb, 0xe6), (0x2dfc, 0xe6), (0x2dfd, 0xe6), (0x2dfe, 0xe6), (0x2dff, 0xe6), (0x302a, 0xda),
    (0x302b, 0xe4), (0x302c, 0xe8), (0x302d, 0xde), (0x302e, 0xe0), (0x302f, 0xe0), (0x3099, 0x8),
    (0x309a, 0x8), (0xa66f, 0xe6), (0xa674, 0xe6), (0xa675, 0xe6), (0xa676, 0xe6), (0xa677, 0xe6),
    (0xa678, 0xe6), (0xa679, 0xe6), (0xa67a, 0xe6), (0xa67b, 0xe6), (0xa67c, 0xe6), (0xa67d, 0xe6),
    (0xa69e, 0xe6), (0xa69f, 0xe6), (0xa6f0, 0xe6), (0xa6f1, 0xe6), (0xa806, 0x9), (0xa82c, 0x9),
    (0xa8c4, 0x9), (0xa8e0, 0xe6), (0xa8e1, 0xe6), (0xa8e2, 0xe6), (0xa8e3, 0xe6), (0xa8e4, 0xe6),
    (0xa8e5, 0xe6), (0xa8e6, 0xe6), (0xa8e7, 0xe6), (0xa8e8, 0xe6), (0xa8e9, 0xe6), (0xa8ea, 0xe6),
    (0xa8eb, 0xe6), (0xa8ec, 0xe6), (0xa8ed, 0xe6), (0xa8ee, 0xe6), (0xa8ef, 0xe6), (0xa8f0, 0xe6),
    (0xa8f1, 0xe6), (0xa92b, 0xdc), (0xa92c, 0xdc), (0xa92d, 0xdc), (0xa953, 0x9), (0xa9b3, 0x7),
    (0xa9c0, 0x9), (0xaab0, 0xe6), (0xaab2, 0xe6), (0xaab3, 0xe6), (0xaab4, 0xdc), (0xaab7, 0xe6),
    (0xaab8, 0xe6), (0xaabe, 0xe6), (0xaabf, 0xe6), (0xaac1, 0xe6), (0xaaf6, 0x9), (0xabed, 0x9),
    (0xfb1e, 0x1a), (0xfe20, 0xe6), (0xfe21, 0xe6), (0xfe22, 0xe6), (0xfe23, 0xe6), (0xfe24, 0xe6),
    (0xfe25, 0xe6), (0xfe26, 0xe6), (0xfe27, 0xdc), (0xfe28, 0xdc), (0xfe29, 0xdc), (0xfe2a, 0xdc),
    (0xfe2b, 0xdc), (0xfe2c, 0xdc), (0xfe2d, 0xdc), (0xfe2e, 0xe6), (0xfe2f, 0xe6), (0x101fd, 0xdc),
    (0x102e0, 0xdc), (0x10376, 0xe6), (0x10377, 0xe6), (0x10378, 0xe6), (0x10379, 0xe6), (0x1037a, 0xe6),
    (0x10a0d, 0xdc), (0x10a0f, 0xe6), (0x10a38, 0xe6), (0x10a39, 0x1), (0x10a3a, 0xdc), (0x10a3f, 0x9),
    (0x10ae5, 0xe6), (0x10ae6, 0xdc), (0x10d24, 0xe6), (0x10d25, 0xe6), (0x10d26, 0xe6), (0x10d27, 0xe6),
    (0x10eab, 0xe6), (0x10eac, 0xe6), (0x10efd, 0xdc), (0x10efe, 0xdc), (0x10eff, 0xdc), (0x10f46, 0xdc),
    (0x10f47, 0xdc), (0x10f48, 0xe6), (0x10f49, 0xe6), (0x10f4a, 0xe6), (0x10f4b, 0xdc), (0x10f4c, 0xe6),
    (0x10f4d, 0xdc), (0x10f4e, 0xdc), (0x10f4f, 0xdc), (0x10f50, 0xdc), (0x10f82, 0xe6), (0x10f83, 0xdc),
    (0x10f84, 0xe6), (0x10f85, 0xdc), (0x11046, 0x9), (0x11070, 0x9), (0x1107f, 0x9), (0x110b9, 0x9),
    (0x110ba, 0x7), (0x11100, 0xe6), (0x11101, 0xe6), (0x11102, 0xe6), (0x11133, 0x9), (0x11134, 0x9),
    (0x11173, 0x7), (0x111c0, 0x9), (0x111ca, 0x7), (0x11235, 0x9), (0x11236, 0x7), (0x112e9, 0x7),
    (0x112ea, 0x9), (0x1133b, 0x7), (0x1133c, 0x7), (0x1134d, 0x9), (0x11366, 0xe6), (0x11367, 0xe6),
    (0x11368, 0xe6), (0x11369, 0xe6), (0x1136a, 0xe6), (0x1136b, 0xe6), (0x1136c, 0xe6), (0x11370, 0xe6),
    (0x11371, 0xe6), (0x11372, 0xe6), (0x11373, 0xe6), (0x11374, 0xe6), (0x11442, 0x9), (0x11446, 0x7),
    (0x1145e, 0xe6), (0x114c2, 0x9), (0x114c3, 0x7), (0x115bf, 0x9), (0x115c0, 0x7), (0x1163f, 0x9),
    (0x116b6, 0x9), (0x116b7, 0x7), (0x1172b, 0x9), (0x11839, 0x9), (0x1183a, 0x7), (0x1193d, 0x9),
    (0x1193e, 0x9), (0x11943, 0x7), (0x119e0, 0x9), (0x11a34, 0x9), (0x11a47, 0x9), (0x11a99, 0x9),
    (0x11c3f, 0x9), (0x11d42, 0x7), (0x11d44, 0x9), (0x11d45, 0x9), (0x11d97, 0x9), (0x11f41, 0x9),
    (0x11f42, 0x9), (0x16af0, 0x1), (0x16af1, 0x1), (0x16af2, 0x1), (0x16af3, 0x1), (0x16af4, 0x1),
    (0x16b30, 0xe6), (0x16b31, 0xe6), (0x16b32, 0xe6), (0x16b33, 0xe6), (0x16b34, 0xe6), (0x16b35, 0xe6),
    (0x16b36, 0xe6), (0x16ff0, 0x6), (0x16ff1, 0x6), (0x1bc9e, 0x1), (0x1d165, 0xd8), (0x1d166, 0xd8),
    (0x1d167, 0x1), (0x1d168, 0x1), (0x1d169, 0x1), (0x1d16d, 0xe2), (0x1d16e, 0xd8), (0x1d16f, 0xd8),
    (0x1d170, 0xd8), (0x1d171, 0xd8), (0x1d172, 0xd8), (0x1d17b, 0xdc), (0x1d17c, 0xdc), (0x1d17d, 0xdc),
    (0x1d17e, 0xdc), (0x1d17f, 0xdc), (0x1d180, 0xdc), (0x1d181, 0xdc), (0x1d182, 0xdc), (0x1d185, 0xe6),
    (0x1d186, 0xe6), (0x1d187, 0xe6), (0x1d188, 0xe6), (0x1d189, 0xe6), (0x1d18a, 0xdc), (0x1d18b, 0xdc),
    (0x1d1aa, 0xe6), (0x1d1ab, 0xe6), (0x1d1ac, 0xe6), (0x1d1ad, 0xe6), (0x1d242, 0xe6), (0x1d243, 0xe6),
    (0x1d244, 0xe6), (0x1e000, 0xe6), (0x1e001, 0xe6), (0x1e002, 0xe6), (0x1e003, 0xe6), (0x1e004, 0xe6),
    (0x1e005, 0xe6), (0x1e006, 0xe6), (0x1e008, 0xe6), (0x1e009, 0xe6), (0x1e00a, 0xe6), (0x1e00b, 0xe6),
    (0x1e00c, 0xe6), (0x1e00d, 0xe6), (0x1e00e, 0xe6), (0x1e00f, 0xe6), (0x1e010, 0xe6), (0x1e011, 0xe6),
    (0x1e012, 0xe6), (0x1e013, 0xe6), (0x1e014, 0xe6), (0x1e015, 0xe6), (0x1e016, 0xe6), (0x1e017, 0xe6),
    (0x1e018, 0xe6), (0x1e01b, 0xe6), (0x1e01c, 0xe6), (0x1e01d, 0xe6), (0x1e01e, 0xe6), (0x1e01f, 0xe6),
    (0x1e020, 0xe6), (0x1e021, 0xe6), (0x1e023, 0xe6), (0x1e024, 0xe6), (0x1e026, 0xe6), (0x1e027, 0xe6),
    (0x1e028, 0xe6), (0x1e029, 0xe6), (0x1e02a, 0xe6), (0x1e08f, 0xe6), (0x1e130, 0xe6), (0x1e131, 0xe6),
    (0x1e132, 0xe6), (0x1e133, 0xe6), (0x1e134, 0xe6), (0x1e135, 0xe6), (0x1e136, 0xe6), (0x1e2ae, 0xe6),
    (0x1e2ec, 0xe6), (0x1e2ed, 0xe6), (0x1e2ee, 0xe6), (0x1e2ef, 0xe6), (0x1e4ec, 0xe8), (0x1e4ed, 0xe8),
    (0x1e4ee, 0xdc), (0x1e4ef, 0xe6), (0x1e8d0, 0xdc), (0x1e8d1, 0xdc), (0x1e8d2, 0xdc), (0x1e8d3, 0xdc),
    (0x1e8d4, 0xdc), (0x1e8d5, 0xdc), (0x1e8d6, 0xdc), (0x1e944, 0xe6), (0x1e945, 0xe6), (0x1e946, 0xe6),
    (0x1e947, 0xe6), (0x1e948, 0xe6), (0x1e949, 0xe6), (0x1e94a, 0x7),
];

pub static COMPOSITIONS: [(u32, u32, u32); 941] = [
    (0x3c, 0x338, 0x226e), (0x3d, 0x338, 0x2260), (0x3e, 0x338, 0x226f), (0x41, 0x300, 0xc0), (0x41, 0x301, 0xc1), (0x41, 0x302, 0xc2),
    (0x41, 0x303, 0xc3), (0x41, 0x304, 0x100), (0x41, 0x306, 0x102), (0x41, 0x307, 0x226), (0x41, 0x308, 0xc4), (0x41, 0x309, 0x1ea2),
    (0x41, 0x30a, 0xc5), (0x41, 0x30c, 0x1cd), (0x41, 0x30f, 0x200), (0x41, 0x311, 0x202), (0x41, 0x323, 0x1ea0), (0x41, 0x325, 0x1e00),
    (0x41, 0x328, 0x104), (0x42, 0x307, 0x1e02), (0x42, 0x323, 0x1e04), (0x42, 0x331, 0x1e06), (0x43, 0x301, 0x106), (0x43, 0x302, 0x108),
    (0x43, 0x307, 0x10a), (0x43, 0x30c, 0x10c), (0x43, 0x327, 0xc7), (0x44, 0x307, 0x1e0a), (0x44, 0x30c, 0x10e), (0x44, 0x323, 0x1e0c),
    (0x44, 0x327, 0x1e10), (0x44, 0x32d, 0x1e12), (0x44, 0x331, 0x1e0e), (0x45, 0x300, 0xc8), (0x45, 0x301, 0xc9), (0x45, 0x302, 0xca),
    (0x45, 0x303, 0x1ebc), (0x45, 0x304, 0x112), (0x45, 0x306, 0x114), (0x45, 0x307, 0x116), (0x45, 0x308, 0xcb), (0x45, 0x309, 0x1eba),
    (0x45, 0x30c, 0x11a), (0x45, 0x30f, 0x204), (0x45, 0x311, 0x206), (0x45, 0x323, 0x1eb8), (0x45, 0x327, 0x228), (0x45, 0x328, 0x118),
    (0x45, 0x32d, 0x1e18), (0x45, 0x330, 0x1e1a), (0x46, 0x307, 0x1e1e), (0x47, 0x301, 0x1f4), (0x47, 0x302, 0x11c), (0x47, 0x304, 0x1e20),
    (0x47, 0x306, 0x11e), (0x47, 0x307, 0x120), (0x47, 0x30c, 0x1e6), (0x47, 0x327, 0x122), (0x48, 0x302, 0x124), (0x48, 0x307, 0x1e22),
    (0x48, 0x308, 0x1e26), (0x48, 0x30c, 0x21e), (0x48, 0x323, 0x1e24), (0x48, 0x327, 0x1e28), (0x48, 0x32e, 0x1e2a), (0x49, 0x300, 0xcc),
    (0x49, 0x301, 0xcd), (0x49, 0x302, 0xce), (0x49, 0x303, 0x128), (0x49, 0x304, 0x12a), (0x49, 0x306, 0x12c), (0x49, 0x307, 0x130),
    (0x49, 0x308, 0xcf), (0x49, 0x309, 0x1ec8), (0x49, 0x30c, 0x1cf), (0x49, 0x30f, 0x208), (0x49, 0x311, 0x20a), (0x49, 0x323, 0x1eca),
    (0x49, 0x328, 0x12e), (0x49, 0x330, 0x1e2c), (0x4a, 0x302, 0x134), (0x4b, 0x301, 0x1e30), (0x4b, 0x30c, 0x1e8), (0x4b, 0x323, 0x1e32),
    (0x4b, 0x327, 0x136), (0x4b, 0x331, 0x1e34), (0x4c, 0x301, 0x139), (0x4c, 0x30c, 0x13d), (0x4c, 0x323, 0x1e36), (0x4c, 0x327, 0x13b),
    (0x4c, 0x32d, 0x1e3c), (0x4c, 0x331, 0x1e3a), (0x4d, 0x301, 0x1e3e), (0x4d, 0x307, 0x1e40), (0x4d, 0x323, 0x1e42), (0x4e, 0x300, 0x1f8),
    (0x4e, 0x301, 0x143), (0x4e, 0x303, 0xd1), (0x4e, 0x307, 0x1e44), (0x4e, 0x30c, 0x147), (0x4e, 0x323, 0x1e46), (0x4e, 0x327, 0x145),
    (0x4e, 0x32d, 0x1e4a), (0x4e, 0x331, 0x1e48), (0x4f, 0x300, 0xd2), (0x4f, 0x301, 0xd3), (0x4f, 0x302, 0xd4), (0x4f, 0x303, 0xd5),
    (0x4f, 0x304, 0x14c), (0x4f, 0x306, 0x14e), (0x4f, 0x307, 0x22e), (0x4f, 0x308, 0xd6), (0x4f, 0x309, 0x1ece), (0x4f, 0x30b, 0x150),
    (0x4f, 0x30c, 0x1d1), (0x4f, 0x30f, 0x20c), (0x4f, 0x311, 0x20e), (0x4f, 0x31b, 0x1a0), (0x4f, 0x323, 0x1ecc), (0x4f, 0x328, 0x1ea),
    (0x50, 0x301, 0x1e54), (0x50, 0x307, 0x1e56), (0x52, 0x301, 0x154), (0x52, 0x307, 0x1e58), (0x52, 0x30c, 0x158), (0x52, 0x30f, 0x210),
    (0x52, 0x311, 0x212), (0x52, 0x323, 0x1e5a), (0x52, 0x327, 0x156), (0x52, 0x331, 0x1e5e), (0x53, 0x301, 0x15a), (0x53, 0x302, 0x15c),
    (0x53, 0x307, 0x1e60), (0x53, 0x30c, 0x160), (0x53, 0x323, 0x1e62), (0x53, 0x326, 0x218), (0x53, 0x327, 0x15e), (0x54, 0x307, 0x1e6a),
    (0x54, 0x30c, 0x164), (0x54, 0x323, 0x1e6c), (0x54, 0x326, 0x21a), (0x54, 0x327, 0x162), (0x54, 0x32d, 0x1e70), (0x54, 0x331, 0x1e6e),
    (0x55, 0x300, 0xd9), (0x55, 0x301, 0xda), (0x55, 0x302, 0xdb), (0x55, 0x303, 0x168), (0x55, 0x304, 0x16a), (0x55, 0x306, 0x16c),
    (0x55, 0x308, 0xdc), (0x55, 0x309, 0x1ee6), (0x55, 0x30a, 0x16e), (0x55, 0x30b, 0x170), (0x55, 0x30c, 0x1d3), (0x55, 0x30f, 0x214),
    (0x55, 0x311, 0x216), (0x55, 0x31b, 0x1af), (0x55, 0x323, 0x1ee4), (0x55, 0x324, 0x1e72), (0x55, 0x328, 0x172), (0x55, 0x32d, 0x1e76),
    (0x55, 0x330, 0x1e74), (0x56, 0x303, 0x1e7c), (0x56, 0x323, 0x1e7e), (0x57, 0x300, 0x1e80), (0x57, 0x301, 0x1e82), (0x57, 0x302, 0x174),
    (0x57, 0x307, 0x1e86), (0x57, 0x308, 0x1e84), (0x57, 0x323, 0x1e88), (0x58, 0x307, 0x1e8a), (0x58, 0x308, 0x1e8c), (0x59, 0x300, 0x1ef2),
    (0x59, 0x301, 0xdd), (0x59, 0x302, 0x176), (0x59, 0x303, 0x1ef8), (0x59, 0x304, 0x232), (0x59, 0x307, 0x1e8e), (0x59, 0x308, 0x178),
    (0x59, 0x309, 0x1ef6), (0x59, 0x323, 0x1ef4), (0x5a, 0x301, 0x179), (0x5a, 0x302, 0x1e90), (0x5a, 0x307, 0x17b), (0x5a, 0x30c, 0x17d),
    (0x5a, 0x323, 0x1e92), (0x5a, 0x331, 0x1e94), (0x61, 0x300, 0xe0), (0x61, 0x301, 0xe1), (0x61, 0x302, 0xe2), (0x61, 0x303, 0xe3),
    (0x61, 0x304, 0x101), (0x61, 0x306, 0x103), (0x61, 0x307, 0x227), (0x61, 0x308, 0xe4), (0x61, 0x309, 0x1ea3), (0x61, 0x30a, 0xe5),
    (0x61, 0x30c, 0x1ce), (0x61, 0x30f, 0x201), (0x61, 0x311, 0x203), (0x61, 0x323, 0x1ea1), (0x61, 0x325, 0x1e01), (0x61, 0x328, 0x105),
    (0x62, 0x307, 0x1e03), (0x62, 0x323, 0x1e05), (0x62, 0x331, 0x1e07), (0x63, 0x301, 0x107), (0x63, 0x302, 0x109), (0x63, 0x307, 0x10b),
    (0x63, 0x30c, 0x10d), (0x63, 0x327, 0xe7), (0x64, 0x307, 0x1e0b), (0x64, 0x30c, 0x10f), (0x64, 0x323, 0x1e0d), (0x64, 0x327, 0x1e11),
    (0x64, 0x32d, 0x1e13), (0x64, 0x331, 0x1e0f), (0x65, 0x300, 0xe8), (0x65, 0x301, 0xe9), (0x65, 0x302, 0xea), (0x65, 0x303, 0x1ebd),
    (0x65, 0x304, 0x113), (0x65, 0x306, 0x115), (0x65, 0x307, 0x117), (0x65, 0x308, 0xeb), (0x65, 0x309, 0x1ebb), (0x65, 0x30c, 0x11b),
    (0x65, 0x30f, 0x205), (0x65, 0x311, 0x207), (0x65, 0x323, 0x1eb9), (0x65, 0x327, 0x229), (0x65, 0x328, 0x119), (0x65, 0x32d, 0x1e19),
    (0x65, 0x330, 0x1e1b), (0x66, 0x307, 0x1e1f), (0x67, 0x301, 0x1f5), (0x67, 0x302, 0x11d), (0x67, 0x304, 0x1e21), (0x67, 0x306, 0x11f),
    (0x67, 0x307, 0x121), (0x67, 0x30c, 0x1e7), (0x67, 0x327, 0x123), (0x68, 0x302, 0x125), (0x68, 0x307, 0x1e23), (0x68, 0x308, 0x1e27),
    (0x68, 0x30c, 0x21f), (0x68, 0x323, 0x1e25), (0x68, 0x327, 0x1e29), (0x68, 0x32e, 0x1e2b), (0x68, 0x331, 0x1e96), (0x69, 0x300, 0xec),
    (0x69, 0x301, 0xed), (0x69, 0x302, 0xee), (0x69, 0x303, 0x129), (0x69, 0x304, 0x12b), (0x69, 0x306, 0x12d), (0x69, 0x308, 0xef),
    (0x69, 0x309, 0x1ec9), (0x69, 0x30c, 0x1d0), (0x69, 0x30f, 0x209), (0x69, 0x311, 0x20b), (0x69, 0x323, 0x1ecb), (0x69, 0x328, 0x12f),
    (0x69, 0x330, 0x1e2d), (0x6a, 0x302, 0x135), (0x6a, 0x30c, 0x1f0), (0x6b, 0x301, 0x1e31), (0x6b, 0x30c, 0x1e9), (0x6b, 0x323, 0x1e33),
    (0x6b, 0x327, 0x137), (0x6b, 0x331, 0x1e35), (0x6c, 0x301, 0x13a), (0x6c, 0x30c, 0x13e), (0x6c, 0x323, 0x1e37), (0x6c, 0x327, 0x13c),
    (0x6c, 0x32d, 0x1e3d), (0x6c, 0x331, 0x1e3b), (0x6d, 0x301, 0x1e3f), (0x6d, 0x307, 0x1e41), (0x6d, 0x323, 0x1e43), (0x6e, 0x300, 0x1f9),
    (0x6e, 0x301, 0x144), (0x6e, 0x303, 0xf1), (0x6e, 0x307, 0x1e45), (0x6e, 0x30c, 0x148), (0x6e, 0x323, 0x1e47), (0x6e, 0x327, 0x146),
    (0x6e, 0x32d, 0x1e4b), (0x6e, 0x331, 0x1e49), (0x6f, 0x300, 0xf2), (0x6f, 0x301, 0xf3), (0x6f, 0x302, 0xf4), (0x6f, 0x303, 0xf5),
    (0x6f, 0x304, 0x14d), (0x6f, 0x306, 0x14f), (0x6f, 0x307, 0x22f), (0x6f, 0x308, 0xf6), (0x6f, 0x309, 0x1ecf), (0x6f, 0x30b, 0x151),
    (0x6f, 0x30c, 0x1d2), (0x6f, 0x30f, 0x20d), (0x6f, 0x311, 0x20f), (0x6f, 0x31b, 0x1a1), (0x6f, 0x323, 0x1ecd), (0x6f, 0x328, 0x1eb),
    (0x70, 0x301, 0x1e55), (0x70, 0x307, 0x1e57), (0x72, 0x301, 0x155), (0x72, 0x307, 0x1e59), (0x72, 0x30c, 0x159), (0x72, 0x30f, 0x211),
    (0x72, 0x311, 0x213), (0x72, 0x323, 0x1e5b), (0x72, 0x327, 0x157), (0x72, 0x331, 0x1e5f), (0x73, 0x301, 0x15b), (0x73, 0x302, 0x15d),
    (0x73, 0x307, 0x1e61), (0x73, 0x30c, 0x161), (0x73, 0x323, 0x1e63), (0x73, 0x326, 0x219), (0x73, 0x327, 0x15f), (0x74, 0x307, 0x1e6b),
    (0x74, 0x308, 0x1e97), (0x74, 0x30c, 0x165), (0x74, 0x323, 0x1e6d), (0x74, 0x326, 0x21b), (0x74, 0x327, 0x163), (0x74, 0x32d, 0x1e71),
    (0x74, 0x331, 0x1e6f), (0x75, 0x300, 0xf9), (0x75, 0x301, 0xfa), (0x75, 0x302, 0xfb), (0x75, 0x303, 0x169), (0x75, 0x304, 0x16b),
    (0x75, 0x306, 0x16d), (0x75, 0x308, 0xfc), (0x75, 0x309, 0x1ee7), (0x75, 0x30a, 0x16f), (0x75, 0x30b, 0x171), (0x75, 0x30c, 0x1d4),
    (0x75, 0x30f, 0x215), (0x75, 0x311, 0x217), (0x75, 0x31b, 0x1b0), (0x75, 0x323, 0x1ee5), (0x75, 0x324, 0x1e73), (0x75, 0x328, 0x173),
    (0x75, 0x32d, 0x1e77), (0x75, 0x330, 0x1e75), (0x76, 0x303, 0x1e7d), (0x76, 0x323, 0x1e7f), (0x77, 0x300, 0x1e81), (0x77, 0x301, 0x1e83),
    (0x77, 0x302, 0x175), (0x77, 0x307, 0x1e87), (0x77, 0x308, 0x1e85), (0x77, 0x30a, 0x1e98), (0x77, 0x323, 0x1e89), (0x78, 0x307, 0x1e8b),
    (0x78, 0x308, 0x1e8d), (0x79, 0x300, 0x1ef3), (0x79, 0x301, 0xfd), (0x79, 0x302, 0x177), (0x79, 0x303, 0x1ef9), (0x79, 0x304, 0x233),
    (0x79, 0x307, 0x1e8f), (0x79, 0x308, 0xff), (0x79, 0x309, 0x1ef7), (0x79, 0x30a, 0x1e99), (0x79, 0x323, 0x1ef5), (0x7a, 0x301, 0x17a),
    (0x7a, 0x302, 0x1e91), (0x7a, 0x307, 0x17c), (0x7a, 0x30c, 0x17e), (0x7a, 0x323, 0x1e93), (0x7a, 0x331, 0x1e95), (0xa8, 0x300, 0x1fed),
    (0xa8, 0x301, 0x385), (0xa8, 0x342, 0x1fc1), (0xc2, 0x300, 0x1ea6), (0xc2, 0x301, 0x1ea4), (0xc2, 0x303, 0x1eaa), (0xc2, 0x309, 0x1ea8),
    (0xc4, 0x304, 0x1de), (0xc5, 0x301, 0x1fa), (0xc6, 0x301, 0x1fc), (0xc6, 0x304, 0x1e2), (0xc7, 0x301, 0x1e08), (0xca, 0x300, 0x1ec0),
    (0xca, 0x301, 0x1ebe), (0xca, 0x303, 0x1ec4), (0xca, 0x309, 0x1ec2), (0xcf, 0x301, 0x1e2e), (0xd4, 0x300, 0x1ed2), (0xd4, 0x301, 0x1ed0),
    (0xd4, 0x303, 0x1ed6), (0xd4, 0x309, 0x1ed4), (0xd5, 0x301, 0x1e4c), (0xd5, 0x304, 0x22c), (0xd5, 0x308, 0x1e4e), (0xd6, 0x304, 0x22a),
    (0xd8, 0x301, 0x1fe), (0xdc, 0x300, 0x1db), (0xdc, 0x301, 0x1d7), (0xdc, 0x304, 0x1d5), (0xdc, 0x30c, 0x1d9), (0xe2, 0x300, 0x1ea7),
    (0xe2, 0x301, 0x1ea5), (0xe2, 0x303, 0x1eab), (0xe2, 0x309, 0x1ea9), (0xe4, 0x304, 0x1df), (0xe5, 0x301, 0x1fb), (0xe6, 0x301, 0x1fd),
    (0xe6, 0x304, 0x1e3), (0xe7, 0x301, 0x1e09), (0xea, 0x300, 0x1ec1), (0xea, 0x301, 0x1ebf), (0xea, 0x303, 0x1ec5), (0xea, 0x309, 0x1ec3),
    (0xef, 0x301, 0x1e2f), (0xf4, 0x300, 0x1ed3), (0xf4, 0x301, 0x1ed1), (0xf4, 0x303, 0x1ed7), (0xf4, 0x309, 0x1ed5), (0xf5, 0x301, 0x1e4d),
    (0xf5, 0x304, 0x22d), (0xf5, 0x308, 0x1e4f), (0xf6, 0x304, 0x22b), (0xf8, 0x301, 0x1ff), (0xfc, 0x300, 0x1dc), (0xfc, 0x301, 0x1d8),
    (0xfc, 0x304, 0x1d6), (0xfc, 0x30c, 0x1da), (0x102, 0x300, 0x1eb0), (0x102, 0x301, 0x1eae), (0x102, 0x303, 0x1eb4), (0x102, 0x309, 0x1eb2),
    (0x103, 0x300, 0x1eb1), (0x103, 0x301, 0x1eaf), (0x103, 0x303, 0x1eb5), (0x103, 0x309, 0x1eb3), (0x112, 0x300, 0x1e14), (0x112, 0x301, 0x1e16),
    (0x113, 0x300, 0x1e15), (0x113, 0x301, 0x1e17), (0x14c, 0x300, 0x1e50), (0x14c, 0x301, 0x1e52), (0x14d, 0x300, 0x1e51), (0x14d, 0x301, 0x1e53),
    (0x15a, 0x307, 0x1e64), (0x15b, 0x307, 0x1e65), (0x160, 0x307, 0x1e66), (0x161, 0x307, 0x1e67), (0x168, 0x301, 0x1e78), (0x169, 0x301, 0x1e79),
    (0x16a, 0x308, 0x1e7a), (0x16b, 0x308, 0x1e7b), (0x17f, 0x307, 0x1e9b), (0x1a0, 0x300, 0x1edc), (0x1a0, 0x301, 0x1eda), (0x1a0, 0x303, 0x1ee0),
    (0x1a0, 0x309, 0x1ede), (0x1a0, 0x323, 0x1ee2), (0x1a1, 0x300, 0x1edd), (0x1a1, 0x301, 0x1edb), (0x1a1, 0x303, 0x1ee1), (0x1a1, 0x309, 0x1edf),
    (0x1a1, 0x323, 0x1ee3), (0x1af, 0x300, 0x1eea), (0x1af, 0x301, 0x1ee8), (0x1af, 0x303, 0x1eee), (0x1af, 0x309, 0x1eec), (0x1af, 0x323, 0x1ef0),
    (0x1b0, 0x300, 0x1eeb), (0x1b0, 0x301, 0x1ee9), (0x1b0, 0x303, 0x1eef), (0x1b0, 0x309, 0x1eed), (0x1b0, 0x323, 0x1ef1), (0x1b7, 0x30c, 0x1ee),
    (0x1ea, 0x304, 0x1ec), (0x1eb, 0x304, 0x1ed), (0x226, 0x304, 0x1e0), (0x227, 0x304, 0x1e1), (0x228, 0x306, 0x1e1c), (0x229, 0x306, 0x1e1d),
    (0x22e, 0x304, 0x230), (0x22f, 0x304, 0x231), (0x292, 0x30c, 0x1ef), (0x391, 0x300, 0x1fba), (0x391, 0x301, 0x386), (0x391, 0x304, 0x1fb9),
    (0x391, 0x306, 0x1fb8), (0x391, 0x313, 0x1f08), (0x391, 0x314, 0x1f09), (0x391, 0x345, 0x1fbc), (0x395, 0x300, 0x1fc8), (0x395, 0x301, 0x388),
    (0x395, 0x313, 0x1f18), (0x395, 0x314, 0x1f19), (0x397, 0x300, 0x1fca), (0x397, 0x301, 0x389), (0x397, 0x313, 0x1f28), (0x397, 0x314, 0x1f29),
    (0x397, 0x345, 0x1fcc), (0x399, 0x300, 0x1fda), (0x399, 0x301, 0x38a), (0x399, 0x304, 0x1fd9), (0x399, 0x306, 0x1fd8), (0x399, 0x308, 0x3aa),
    (0x399, 0x313, 0x1f38), (0x399, 0x314, 0x1f39), (0x39f, 0x300, 0x1ff8), (0x39f, 0x301, 0x38c), (0x39f, 0x313, 0x1f48), (0x39f, 0x314, 0x1f49),
    (0x3a1, 0x314, 0x1fec), (0x3a5, 0x300, 0x1fea), (0x3a5, 0x301, 0x38e), (0x3a5, 0x304, 0x1fe9), (0x3a5, 0x306, 0x1fe8), (0x3a5, 0x308, 0x3ab),
    (0x3a5, 0x314, 0x1f59), (0x3a9, 0x300, 0x1ffa), (0x3a9, 0x301, 0x38f), (0x3a9, 0x313, 0x1f68), (0x3a9, 0x314, 0x1f69), (0x3a9, 0x345, 0x1ffc),
    (0x3ac, 0x345, 0x1fb4), (0x3ae, 0x345, 0x1fc4), (0x3b1, 0x300, 0x1f70), (0x3b1, 0x301, 0x3ac), (0x3b1, 0x304, 0x1fb1), (0x3b1, 0x306, 0x1fb0),
    (0x3b1, 0x313, 0x1f00), (0x3b1, 0x314, 0x1f01), (0x3b1, 0x342, 0x1fb6), (0x3b1, 0x345, 0x1fb3), (0x3b5, 0x300, 0x1f72), (0x3b5, 0x301, 0x3ad),
    (0x3b5, 0x313, 0x1f10), (0x3b5, 0x314, 0x1f11), (0x3b7, 0x300, 0x1f74), (0x3b7, 0x301, 0x3ae), (0x3b7, 0x313, 0x1f20), (0x3b7, 0x314, 0x1f21),
    (0x3b7, 0x342, 0x1fc6), (0x3b7, 0x345, 0x1fc3), (0x3b9, 0x300, 0x1f76), (0x3b9, 0x301, 0x3af), (0x3b9, 0x304, 0x1fd1), (0x3b9, 0x306, 0x1fd0),
    (0x3b9, 0x308, 0x3ca), (0x3b9, 0x313, 0x1f30), (0x3b9, 0x314, 0x1f31), (0x3b9, 0x342, 0x1fd6), (0x3bf, 0x300, 0x1f78), (0x3bf, 0x301, 0x3cc),
    (0x3bf, 0x313, 0x1f40), (0x3bf, 0x314, 0x1f41), (0x3c1, 0x313, 0x1fe4), (0x3c1, 0x314, 0x1fe5), (0x3c5, 0x300, 0x1f7a), (0x3c5, 0x301, 0x3cd),
    (0x3c5, 0x304, 0x1fe1), (0x3c5, 0x306, 0x1fe0), (0x3c5, 0x308, 0x3cb), (0x3c5, 0x313, 0x1f50), (0x3c5, 0x314, 0x1f51), (0x3c5, 0x342, 0x1fe6),
    (0x3c9, 0x300, 0x1f7c), (0x3c9, 0x301, 0x3ce), (0x3c9, 0x313, 0x1f60), (0x3c9, 0x314, 0x1f61), (0x3c9, 0x342, 0x1ff6), (0x3c9, 0x345, 0x1ff3),
    (0x3ca, 0x300, 0x1fd2), (0x3ca, 0x301, 0x390), (0x3ca, 0x342, 0x1fd7), (0x3cb, 0x300, 0x1fe2), (0x3cb, 0x301, 0x3b0), (0x3cb, 0x342, 0x1fe7),
    (0x3ce, 0x345, 0x1ff4), (0x3d2, 0x301, 0x3d3), (0x3d2, 0x308, 0x3d4), (0x406, 0x308, 0x407), (0x410, 0x306, 0x4d0), (0x410, 0x308, 0x4d2),
    (0x413, 0x301, 0x403), (0x415, 0x300, 0x400), (0x415, 0x306, 0x4d6), (0x415, 0x308, 0x401), (0x416, 0x306, 0x4c1), (0x416, 0x308, 0x4dc),
    (0x417, 0x308, 0x4de), (0x418, 0x300, 0x40d), (0x418, 0x304, 0x4e2), (0x418, 0x306, 0x419), (0x418, 0x308, 0x4e4), (0x41a, 0x301, 0x40c),
    (0x41e, 0x308, 0x4e6), (0x423, 0x304, 0x4ee), (0x423, 0x306, 0x40e), (0x423, 0x308, 0x4f0), (0x423, 0x30b, 0x4f2), (0x427, 0x308, 0x4f4),
    (0x42b, 0x308, 0x4f8), (0x42d, 0x308, 0x4ec), (0x430, 0x306, 0x4d1), (0x430, 0x308, 0x4d3), (0x433, 0x301, 0x453), (0x435, 0x300, 0x450),
    (0x435, 0x306, 0x4d7), (0x435, 0x308, 0x451), (0x436, 0x306, 0x4c2), (0x436, 0x308, 0x4dd), (0x437, 0x308, 0x4df), (0x438, 0x300, 0x45d),
    (0x438, 0x304, 0x4e3), (0x438, 0x306, 0x439), (0x438, 0x308, 0x4e5), (0x43a, 0x301, 0x45c), (0x43e, 0x308, 0x4e7), (0x443, 0x304, 0x4ef),
    (0x443, 0x306, 0x45e), (0x443, 0x308, 0x4f1), (0x443, 0x30b, 0x4f3), (0x447, 0x308, 0x4f5), (0x44b, 0x308, 0x4f9), (0x44d, 0x308, 0x4ed),
    (0x456, 0x308, 0x457), (0x474, 0x30f, 0x476), (0x475, 0x30f, 0x477), (0x4d8, 0x308, 0x4da), (0x4d9, 0x308, 0x4db), (0x4e8, 0x308, 0x4ea),
    (0x4e9, 0x308, 0x4eb), (0x627, 0x653, 0x622), (0x627, 0x654, 0x623), (0x627, 0x655, 0x625), (0x648, 0x654, 0x624), (0x64a, 0x654, 0x626),
    (0x6c1, 0x654, 0x6c2), (0x6d2, 0x654, 0x6d3), (0x6d5, 0x654, 0x6c0), (0x928, 0x93c, 0x929), (0x930, 0x93c, 0x931), (0x933, 0x93c, 0x934),
    (0x9c7, 0x9be, 0x9cb), (0x9c7, 0x9d7, 0x9cc), (0xb47, 0xb3e, 0xb4b), (0xb47, 0xb56, 0xb48), (0xb47, 0xb57, 0xb4c), (0xb92, 0xbd7, 0xb94),
    (0xbc6, 0xbbe, 0xbca), (0xbc6, 0xbd7, 0xbcc), (0xbc7, 0xbbe, 0xbcb), (0xc46, 0xc56, 0xc48), (0xcbf, 0xcd5, 0xcc0), (0xcc6, 0xcc2, 0xcca),
    (0xcc6, 0xcd5, 0xcc7), (0xcc6, 0xcd6, 0xcc8), (0xcca, 0xcd5, 0xccb), (0xd46, 0xd3e, 0xd4a), (0xd46, 0xd57, 0xd4c), (0xd47, 0xd3e, 0xd4b),
    (0xdd9, 0xdca, 0xdda), (0xdd9, 0xdcf, 0xddc), (0xdd9, 0xddf, 0xdde), (0xddc, 0xdca, 0xddd), (0x1025, 0x102e, 0x1026), (0x1b05, 0x1b35, 0x1b06),
    (0x1b07, 0x1b35, 0x1b08), (0x1b09, 0x1b35, 0x1b0a), (0x1b0b, 0x1b35, 0x1b0c), (0x1b0d, 0x1b35, 0x1b0e), (0x1b11, 0x1b35, 0x1b12), (0x1b3a, 0x1b35, 0x1b3b),
    (0x1b3c, 0x1b35, 0x1b3d), (0x1b3e, 0x1b35, 0x1b40), (0x1b3f, 0x1b35, 0x1b41), (0x1b42, 0x1b35, 0x1b43), (0x1e36, 0x304, 0x1e38), (0x1e37, 0x304, 0x1e39),
    (0x1e5a, 0x304, 0x1e5c), (0x1e5b, 0x304, 0x1e5d), (0x1e62, 0x307, 0x1e68), (0x1e63, 0x307, 0x1e69), (0x1ea0, 0x302, 0x1eac), (0x1ea0, 0x306, 0x1eb6),
    (0x1ea1, 0x302, 0x1ead), (0x1ea1, 0x306, 0x1eb7), (0x1eb8, 0x302, 0x1ec6), (0x1eb9, 0x302, 0x1ec7), (0x1ecc, 0x302, 0x1ed8), (0x1ecd, 0x302, 0x1ed9),
    (0x1f00, 0x300, 0x1f02), (0x1f00, 0x301, 0x1f04), (0x1f00, 0x342, 0x1f06), (0x1f00, 0x345, 0x1f80), (0x1f01, 0x300, 0x1f03), (0x1f01, 0x301, 0x1f05),
    (0x1f01, 0x342, 0x1f07), (0x1f01, 0x345, 0x1f81), (0x1f02, 0x345, 0x1f82), (0x1f03, 0x345, 0x1f83), (0x1f04, 0x345, 0x1f84), (0x1f05, 0x345, 0x1f85),
    (0x1f06, 0x345, 0x1f86), (0x1f07, 0x345, 0x1f87), (0x1f08, 0x300, 0x1f0a), (0x1f08, 0x301, 0x1f0c), (0x1f08, 0x342, 0x1f0e), (0x1f08, 0x345, 0x1f88),
    (0x1f09, 0x300, 0x1f0b), (0x1f09, 0x301, 0x1f0d), (0x1f09, 0x342, 0x1f0f), (0x1f09, 0x345, 0x1f89), (0x1f0a, 0x345, 0x1f8a), (0x1f0b, 0x345, 0x1f8b),
    (0x1f0c, 0x345, 0x1f8c), (0x1f0d, 0x345, 0x1f8d), (0x1f0e, 0x345, 0x1f8e), (0x1f0f, 0x345, 0x1f8f), (0x1f10, 0x300, 0x1f12), (0x1f10, 0x301, 0x1f14),
    (0x1f11, 0x300, 0x1f13), (0x1f11, 0x301, 0x1f15), (0x1f18, 0x300, 0x1f1a), (0x1f18, 0x301, 0x1f1c), (0x1f19, 0x300, 0x1f1b), (0x1f19, 0x301, 0x1f1d),
    (0x1f20, 0x300, 0x1f22), (0x1f20, 0x301, 0x1f24), (0x1f20, 0x342, 0x1f26), (0x1f20, 0x345, 0x1f90), (0x1f21, 0x300, 0x1f23), (0x1f21, 0x301, 0x1f25),
    (0x1f21, 0x342, 0x1f27), (0x1f21, 0x345, 0x1f91), (0x1f22, 0x345, 0x1f92), (0x1f23, 0x345, 0x1f93), (0x1f24, 0x345, 0x1f94), (0x1f25, 0x345, 0x1f95),
    (0x1f26, 0x345, 0x1f96), (0x1f27, 0x345, 0x1f97), (0x1f28, 0x300, 0x1f2a), (0x1f28, 0x301, 0x1f2c), (0x1f28, 0x342, 0x1f2e), (0x1f28, 0x345, 0x1f98),
    (0x1f29, 0x300, 0x1f2b), (0x1f29, 0x301, 0x1f2d), (0x1f29, 0x342, 0x1f2f), (0x1f29, 0x345, 0x1f99), (0x1f2a, 0x345, 0x1f9a), (0x1f2b, 0x345, 0x1f9b),
    (0x1f2c, 0x345, 0x1f9c), (0x1f2d, 0x345, 0x1f9d), (0x1f2e, 0x345, 0x1f9e), (0x1f2f, 0x345, 0x1f9f), (0x1f30, 0x300, 0x1f32), (0x1f30, 0x301, 0x1f34),
    (0x1f30, 0x342, 0x1f36), (0x1f31, 0x300, 0x1f33), (0x1f31, 0x301, 0x1f35), (0x1f31, 0x342, 0x1f37), (0x1f38, 0x300, 0x1f3a), (0x1f38, 0x301, 0x1f3c),
    (0x1f38, 0x342, 0x1f3e), (0x1f39, 0x300, 0x1f3b), (0x1f39, 0x301, 0x1f3d), (0x1f39, 0x342, 0x1f3f), (0x1f40, 0x300, 0x1f42), (0x1f40, 0x301, 0x1f44),
    (0x1f41, 0x300, 0x1f43), (0x1f41, 0x301, 0x1f45), (0x1f48, 0x300, 0x1f4a), (0x1f48, 0x301, 0x1f4c), (0x1f49, 0x300, 0x1f4b), (0x1f49, 0x301, 0x1f4d),
    (0x1f50, 0x300, 0x1f52), (0x1f50, 0x301, 0x1f54), (0x1f50, 0x342, 0x1f56), (0x1f51, 0x300, 0x1f53), (0x1f51, 0x301, 0x1f55), (0x1f51, 0x342, 0x1f57),
    (0x1f59, 0x300, 0x1f5b), (0x1f59, 0x301, 0x1f5d), (0x1f59, 0x342, 0x1f5f), (0x1f60, 0x300, 0x1f62), (0x1f60, 0x301, 0x1f64), (0x1f60, 0x342, 0x1f66),
    (0x1f60, 0x345, 0x1fa0), (0x1f61, 0x300, 0x1f63), (0x1f61, 0x301, 0x1f65), (0x1f61, 0x342, 0x1f67), (0x1f61, 0x345, 0x1fa1), (0x1f62, 0x345, 0x1fa2),
    (0x1f63, 0x345, 0x1fa3), (0x1f64, 0x345, 0x1fa4), (0x1f65, 0x345, 0x1fa5), (0x1f66, 0x345, 0x1fa6), (0x1f67, 0x345, 0x1fa7), (0x1f68, 0x300, 0x1f6a),
    (0x1f68, 0x301, 0x1f6c), (0x1f68, 0x342, 0x1f6e), (0x1f68, 0x345, 0x1fa8), (0x1f69, 0x300, 0x1f6b), (0x1f69, 0x301, 0x1f6d), (0x1f69, 0x342, 0x1f6f),
    (0x1f69, 0x345, 0x1fa9), (0x1f6a, 0x345, 0x1faa), (0x1f6b, 0x345, 0x1fab), (0x1f6c, 0x345, 0x1fac), (0x1f6d, 0x345, 0x1fad), (0x1f6e, 0x345, 0x1fae),
    (0x1f6f, 0x345, 0x1faf), (0x1f70, 0x345, 0x1fb2), (0x1f74, 0x345, 0x1fc2), (0x1f7c, 0x345, 0x1ff2), (0x1fb6, 0x345, 0x1fb7), (0x1fbf, 0x300, 0x1fcd),
    (0x1fbf, 0x301, 0x1fce), (0x1fbf, 0x342, 0x1fcf), (0x1fc6, 0x345, 0x1fc7), (0x1ff6, 0x345, 0x1ff7), (0x1ffe, 0x300, 0x1fdd), (0x1ffe, 0x301, 0x1fde),
    (0x1ffe, 0x342, 0x1fdf), (0x2190, 0x338, 0x219a), (0x2192, 0x338, 0x219b), (0x2194, 0x338, 0x21ae), (0x21d0, 0x338, 0x21cd), (0x21d2, 0x338, 0x21cf),
    (0x21d4, 0x338, 0x21ce), (0x2203, 0x338, 0x2204), (0x2208, 0x338, 0x2209), (0x220b, 0x338, 0x220c), (0x2223, 0x338, 0x2224), (0x2225, 0x338, 0x2226),
    (0x223c, 0x338, 0x2241), (0x2243, 0x338, 0x2244), (0x2245, 0x338, 0x2247), (0x2248, 0x338, 0x2249), (0x224d, 0x338, 0x226d), (0x2261, 0x338, 0x2262),
    (0x2264, 0x338, 0x2270), (0x2265, 0x338, 0x2271), (0x2272, 0x338, 0x2274), (0x2273, 0x338, 0x2275), (0x2276, 0x338, 0x2278), (0x2277, 0x338, 0x2279),
    (0x227a, 0x338, 0x2280), (0x227b, 0x338, 0x2281), (0x227c, 0x338, 0x22e0), (0x227d, 0x338, 0x22e1), (0x2282, 0x338, 0x2284), (0x2283, 0x338, 0x2285),
    (0x2286, 0x338, 0x2288), (0x2287, 0x338, 0x2289), (0x2291, 0x338, 0x22e2), (0x2292, 0x338, 0x22e3), (0x22a2, 0x338, 0x22ac), (0x22a8, 0x338, 0x22ad),
    (0x22a9, 0x338, 0x22ae), (0x22ab, 0x338, 0x22af), (0x22b2, 0x338, 0x22ea), (0x22b3, 0x338, 0x22eb), (0x22b4, 0x338, 0x22ec), (0x22b5, 0x338, 0x22ed),
    (0x3046, 0x3099, 0x3094), (0x304b, 0x3099, 0x304c), (0x304d, 0x3099, 0x304e), (0x304f, 0x3099, 0x3050), (0x3051, 0x3099, 0x3052), (0x3053, 0x3099, 0x3054),
    (0x3055, 0x3099, 0x3056), (0x3057, 0x3099, 0x3058), (0x3059, 0x3099, 0x305a), (0x305b, 0x3099, 0x305c), (0x305d, 0x3099, 0x305e), (0x305f, 0x3099, 0x3060),
    (0x3061, 0x3099, 0x3062), (0x3064, 0x3099, 0x3065), (0x3066, 0x3099, 0x3067), (0x3068, 0x3099, 0x3069), (0x306f, 0x3099, 0x3070), (0x306f, 0x309a, 0x3071),
    (0x3072, 0x3099, 0x3073), (0x3072, 0x309a, 0x3074), (0x3075, 0x3099, 0x3076), (0x3075, 0x309a, 0x3077), (0x3078, 0x3099, 0x3079), (0x3078, 0x309a, 0x307a),
    (0x307b, 0x3099, 0x307c), (0x307b, 0x309a, 0x307d), (0x309d, 0x3099, 0x309e), (0x30a6, 0x3099, 0x30f4), (0x30ab, 0x3099, 0x30ac), (0x30ad, 0x3099, 0x30ae),
    (0x30af, 0x3099, 0x30b0), (0x30b1, 0x3099, 0x30b2), (0x30b3, 0x3099, 0x30b4), (0x30b5, 0x3099, 0x30b6), (0x30b7, 0x3099, 0x30b8), (0x30b9, 0x3099, 0x30ba),
    (0x30bb, 0x3099, 0x30bc), (0x30bd, 0x3099, 0x30be), (0x30bf, 0x3099, 0x30c0), (0x30c1, 0x3099, 0x30c2), (0x30c4, 0x3099, 0x30c5), (0x30c6, 0x3099, 0x30c7),
    (0x30c8, 0x3099, 0x30c9), (0x30cf, 0x3099, 0x30d0), (0x30cf, 0x309a, 0x30d1), (0x30d2, 0x3099, 0x30d3), (0x30d2, 0x309a, 0x30d4), (0x30d5, 0x3099, 0x30d6),
    (0x30d5, 0x309a, 0x30d7), (0x30d8, 0x3099, 0x30d9), (0x30d8, 0x309a, 0x30da), (0x30db, 0x3099, 0x30dc), (0x30db, 0x309a, 0x30dd), (0x30ef, 0x3099, 0x30f7),
    (0x30f0, 0x3099, 0x30f8), (0x30f1, 0x3099, 0x30f9), (0x30f2, 0x3099, 0x30fa), (0x30fd, 0x3099, 0x30fe), (0x11099, 0x110ba, 0x1109a), (0x1109b, 0x110ba, 0x1109c),
    (0x110a5, 0x110ba, 0x110ab), (0x11131, 0x11127, 0x1112e), (0x11132, 0x11127, 0x1112f), (0x11347, 0x1133e, 0x1134b), (0x11347, 0x11357, 0x1134c), (0x114b9, 0x114b0, 0x114bc),
    (0x114b9, 0x114ba, 0x114bb), (0x114b9, 0x114bd, 0x114be), (0x115b8, 0x115af, 0x115ba), (0x115b9, 0x115af, 0x115bb), (0x11935, 0x11930, 0x11938),
];
